,filename,len_in_sec,sr,num_hops,OVRL_raw,SIG_raw,BAK_raw,OVRL,SIG,BAK,P808_MOS
0,c:\Users\astag\Documents\Master Thesis\Speech-Enhancement-PTQ-QAT-comparison\Code\noisy\p232_006.wav,5.1035,16000,1,3.2054546,4.200873,2.971932,2.9263652675665917,3.6519399740109657,3.223304581611291,3.7347217
1,c:\Users\astag\Documents\Master Thesis\Speech-Enhancement-PTQ-QAT-comparison\Code\noisy\p232_002.wav,2.7151875,16000,1,3.7300823,4.267406,3.76548,3.265372662848616,3.685854192038124,3.7962841283640563,3.5540116
2,c:\Users\astag\Documents\Master Thesis\Speech-Enhancement-PTQ-QAT-comparison\Code\noisy\p232_015.wav,5.3199375,16000,1,3.9404802,4.1869807,4.2883177,3.3908650961939606,3.644764830978505,4.083175918691687,3.9378529
3,c:\Users\astag\Documents\Master Thesis\Speech-Enhancement-PTQ-QAT-comparison\Code\noisy\p232_014.wav,4.616875,16000,1,2.92168,4.0942965,2.673116,2.727471779012504,3.596065025278922,2.964566409392767,2.9577007
4,c:\Users\astag\Documents\Master Thesis\Speech-Enhancement-PTQ-QAT-comparison\Code\noisy\p232_016.wav,5.5693125,16000,2,3.7612815,4.165801,4.0498095,3.2842388266680187,3.6337632288506043,3.959700290909856,4.037488
5,c:\Users\astag\Documents\Master Thesis\Speech-Enhancement-PTQ-QAT-comparison\Code\noisy\p232_023.wav,9.768875,16000,1,2.7552433,4.127736,2.3771908,2.605748654074387,3.613801829667562,2.6851577683523455,2.9602919
6,c:\Users\astag\Documents\Master Thesis\Speech-Enhancement-PTQ-QAT-comparison\Code\noisy\p232_010.wav,2.764375,16000,2,1.0642027,1.1931252,1.0676532,1.1564334917865926,1.3419429997381145,1.1718619404258321,2.3283005
7,c:\Users\astag\Documents\Master Thesis\Speech-Enhancement-PTQ-QAT-comparison\Code\noisy\p232_017.wav,2.8893125,16000,2,3.5297146,3.927361,3.9705815,3.140239344314953,3.5046174374812247,3.917320540888209,3.3106713
8,c:\Users\astag\Documents\Master Thesis\Speech-Enhancement-PTQ-QAT-comparison\Code\noisy\p232_031.wav,2.2903125,16000,1,3.061322,4.1237874,2.8992722,2.8267066678961075,3.6117171742085947,3.162553761201748,3.0447376
9,c:\Users\astag\Documents\Master Thesis\Speech-Enhancement-PTQ-QAT-comparison\Code\noisy\p232_024.wav,5.5204375,16000,2,3.741932,4.150338,3.8880467,3.272582583366061,3.6256440698337435,3.869496335617223,3.9538474
10,c:\Users\astag\Documents\Master Thesis\Speech-Enhancement-PTQ-QAT-comparison\Code\noisy\p232_022.wav,5.7939375,16000,2,3.2726378,4.1987066,3.0938764,2.9718506166245184,3.6507972437041993,3.3221326900475727,3.3093112
11,c:\Users\astag\Documents\Master Thesis\Speech-Enhancement-PTQ-QAT-comparison\Code\noisy\p232_001.wav,1.7413125,16000,4,3.6691682,4.1422386,3.9375741,3.227738745101739,3.6214050487448515,3.897710121252379,3.3296435
12,c:\Users\astag\Documents\Master Thesis\Speech-Enhancement-PTQ-QAT-comparison\Code\noisy\p232_005.wav,6.246625,16000,3,2.5900621,3.9769068,2.2023456,2.481211980715245,3.5323051175715263,2.509195552445311,2.8676624
13,c:\Users\astag\Documents\Master Thesis\Speech-Enhancement-PTQ-QAT-comparison\Code\noisy\p232_033.wav,1.4479375,16000,2,2.920917,3.8940122,2.8304863,2.7267872090215652,3.4858904802356765,3.103413622241165,3.1459823
14,c:\Users\astag\Documents\Master Thesis\Speech-Enhancement-PTQ-QAT-comparison\Code\noisy\p232_034.wav,1.472,16000,2,2.7633362,3.9753332,2.6438398,2.6117428410860875,3.5313859750721646,2.9378859134660207,2.8422976
15,c:\Users\astag\Documents\Master Thesis\Speech-Enhancement-PTQ-QAT-comparison\Code\noisy\p232_011.wav,6.538125,16000,4,3.3640969,4.331288,3.0756807,3.0325207387774373,3.7174247760863857,3.306781051057756,3.9406867
16,c:\Users\astag\Documents\Master Thesis\Speech-Enhancement-PTQ-QAT-comparison\Code\noisy\p232_020.wav,3.6166875,16000,5,3.6730714,4.365623,3.5162892,3.230213444787392,3.734485050922719,3.633885744723533,3.775362
17,c:\Users\astag\Documents\Master Thesis\Speech-Enhancement-PTQ-QAT-comparison\Code\noisy\p232_029.wav,3.4153125,16000,4,3.2093773,4.320348,2.9827125,2.9288143875891146,3.7122306935278195,3.2317830337830453,3.3520389
18,c:\Users\astag\Documents\Master Thesis\Speech-Enhancement-PTQ-QAT-comparison\Code\noisy\p232_019.wav,6.7355625,16000,4,3.567484,4.240926,3.5813966,3.1642515401426037,3.672358157937091,3.678053889450317,3.449443
19,c:\Users\astag\Documents\Master Thesis\Speech-Enhancement-PTQ-QAT-comparison\Code\noisy\p232_036.wav,2.843375,16000,2,1.4115396,2.1107388,1.4154459,1.4855849479346546,2.2053434362815993,1.6176798878618945,2.6411278
20,c:\Users\astag\Documents\Master Thesis\Speech-Enhancement-PTQ-QAT-comparison\Code\noisy\p232_032.wav,3.4900625,16000,4,1.1312646,1.3662868,1.1053342,1.2213135718723394,1.516478592913605,1.2217387850527257,2.3770115
21,c:\Users\astag\Documents\Master Thesis\Speech-Enhancement-PTQ-QAT-comparison\Code\noisy\p232_042.wav,2.5135625,16000,1,3.797556,4.286339,3.99986,3.3062700193902557,3.6953690280929083,3.9337952316891114,3.9036138
22,c:\Users\astag\Documents\Master Thesis\Speech-Enhancement-PTQ-QAT-comparison\Code\noisy\p232_007.wav,3.955875,16000,6,2.8354075,4.164618,2.4837074,2.6647963662882064,3.6330927343184953,2.788184235245318,3.2308433
23,c:\Users\astag\Documents\Master Thesis\Speech-Enhancement-PTQ-QAT-comparison\Code\noisy\p232_045.wav,1.2375625,16000,1,3.3523111,3.6418676,4.0698624,3.0250158137779253,3.337632108588627,3.9720601663992827,3.2935965
24,c:\Users\astag\Documents\Master Thesis\Speech-Enhancement-PTQ-QAT-comparison\Code\noisy\p232_013.wav,3.9434375,16000,6,2.6654904,4.049626,2.3036716,2.5385068280183494,3.5718947347351864,2.6120677228429465,3.0053494
25,c:\Users\astag\Documents\Master Thesis\Speech-Enhancement-PTQ-QAT-comparison\Code\noisy\p232_003.wav,7.184875,16000,5,3.477404,3.9905105,3.7200768,3.1064734641509673,3.5392235365612175,3.7671594103265216,3.7552886
26,c:\Users\astag\Documents\Master Thesis\Speech-Enhancement-PTQ-QAT-comparison\Code\noisy\p232_012.wav,4.335625,16000,8,3.3333874,4.2169847,3.2499766,3.0122499296748346,3.6599974896695255,3.442626414796403,3.5134583
27,c:\Users\astag\Documents\Master Thesis\Speech-Enhancement-PTQ-QAT-comparison\Code\noisy\p232_044.wav,1.3833125,16000,2,2.1562872,3.5921474,1.8412702,2.1366423067748324,3.3069799150234553,2.120367547946065,2.4473443
28,c:\Users\astag\Documents\Master Thesis\Speech-Enhancement-PTQ-QAT-comparison\Code\noisy\p232_025.wav,1.8756875,16000,6,3.5015466,4.122229,3.6243265,3.12214794649557,3.6108176158921697,3.706121783164354,3.5368416
29,c:\Users\astag\Documents\Master Thesis\Speech-Enhancement-PTQ-QAT-comparison\Code\noisy\p232_035.wav,3.1585,16000,3,2.8338861,4.236946,2.4384253,2.6637049930579515,3.67040835539273,2.7446975635387987,2.76208
30,c:\Users\astag\Documents\Master Thesis\Speech-Enhancement-PTQ-QAT-comparison\Code\noisy\p232_030.wav,3.8489375,16000,6,3.0736303,4.1358104,2.8697176,2.8350462432843924,3.6179940317035206,3.1365778456485125,3.530696
31,c:\Users\astag\Documents\Master Thesis\Speech-Enhancement-PTQ-QAT-comparison\Code\noisy\p232_009.wav,4.157625,16000,7,3.05438,4.12148,2.7870677,2.8217940331226083,3.610369015050323,3.0658004862029853,3.3819401
32,c:\Users\astag\Documents\Master Thesis\Speech-Enhancement-PTQ-QAT-comparison\Code\noisy\p232_046.wav,1.4159375,16000,2,2.9631562,3.9188151,2.9869082,2.756822468315345,3.499767623061174,3.234883975368416,2.5231173
33,c:\Users\astag\Documents\Master Thesis\Speech-Enhancement-PTQ-QAT-comparison\Code\noisy\p232_021.wav,8.5095,16000,8,3.209505,4.154138,2.9941595,2.928929277382239,3.627636420127891,3.2410436012865147,3.8204143
34,c:\Users\astag\Documents\Master Thesis\Speech-Enhancement-PTQ-QAT-comparison\Code\noisy\p232_027.wav,3.7711875,16000,6,3.5881703,4.233427,3.5702655,3.177279467532541,3.668444374534708,3.6704567790377483,3.738878
35,c:\Users\astag\Documents\Master Thesis\Speech-Enhancement-PTQ-QAT-comparison\Code\noisy\p232_049.wav,2.941125,16000,2,3.6304169,4.267721,3.5032716,3.2038245513376786,3.685854219907986,3.6245081464020164,3.6717987
36,c:\Users\astag\Documents\Master Thesis\Speech-Enhancement-PTQ-QAT-comparison\Code\noisy\p232_051.wav,1.47625,16000,2,2.2058473,3.5935388,1.8853573,2.1772643728057184,3.3079653933385504,2.1696540926539445,2.5919127
37,c:\Users\astag\Documents\Master Thesis\Speech-Enhancement-PTQ-QAT-comparison\Code\noisy\p232_059.wav,1.3204375,16000,1,3.327125,3.750769,3.9491107,3.00830448083444,3.402979322541549,3.90524757917127,2.9753408
38,c:\Users\astag\Documents\Master Thesis\Speech-Enhancement-PTQ-QAT-comparison\Code\noisy\p232_028.wav,2.0649375,16000,7,2.610292,3.672339,2.5037913,2.4966178577035825,3.3560001696012995,2.807448056282906,3.079155
39,c:\Users\astag\Documents\Master Thesis\Speech-Enhancement-PTQ-QAT-comparison\Code\noisy\p232_055.wav,1.52575,16000,3,2.8378668,3.9078567,2.647158,2.6665796341075616,3.493488478536118,2.940953645119413,3.0623243
40,c:\Users\astag\Documents\Master Thesis\Speech-Enhancement-PTQ-QAT-comparison\Code\noisy\p232_039.wav,1.94,16000,6,2.8864841,3.5275562,3.3872826,2.702019403896543,3.2668821557675987,3.5438714407636662,3.0474355
41,c:\Users\astag\Documents\Master Thesis\Speech-Enhancement-PTQ-QAT-comparison\Code\noisy\p232_060.wav,2.34,16000,1,2.9380019,3.532763,3.3320093,2.7392069299090323,3.2701655293117855,3.503848883151859,3.0259159
42,c:\Users\astag\Documents\Master Thesis\Speech-Enhancement-PTQ-QAT-comparison\Code\noisy\p232_063.wav,2.2636875,16000,1,3.2208877,4.1643367,3.0647504,2.936869637133092,3.6329999782697815,3.2988877927060063,3.1573668
43,c:\Users\astag\Documents\Master Thesis\Speech-Enhancement-PTQ-QAT-comparison\Code\noisy\p232_037.wav,3.856,16000,6,3.8628204,4.09853,4.3314323,3.345219059933211,3.5983119717286236,4.103276627092223,3.7598264
44,c:\Users\astag\Documents\Master Thesis\Speech-Enhancement-PTQ-QAT-comparison\Code\noisy\p232_040.wav,1.8975,16000,6,3.3667192,3.9955199,3.4867198,3.0332900121265904,3.542177366865183,3.610054258491908,3.0459278
45,c:\Users\astag\Documents\Master Thesis\Speech-Enhancement-PTQ-QAT-comparison\Code\noisy\p232_038.wav,2.0905,16000,7,3.4478338,3.9050767,3.8375022,3.0871129770209143,3.4917734334782815,3.838932343702189,3.6127298
46,c:\Users\astag\Documents\Master Thesis\Speech-Enhancement-PTQ-QAT-comparison\Code\noisy\p232_067.wav,2.6171875,16000,1,3.4122276,3.9874685,3.5549543,3.0644262992436797,3.538143831174715,3.6604357031797505,3.4345932
47,c:\Users\astag\Documents\Master Thesis\Speech-Enhancement-PTQ-QAT-comparison\Code\noisy\p232_050.wav,1.733375,16000,4,2.8503985,3.94203,2.735115,2.675594021515484,3.5128372695632195,3.0200003735455683,2.853083
48,c:\Users\astag\Documents\Master Thesis\Speech-Enhancement-PTQ-QAT-comparison\Code\noisy\p232_062.wav,2.964,16000,2,2.9427395,4.1341877,2.6891394,2.7424788094217156,3.616930884475283,2.9789549407529217,3.2106445
49,c:\Users\astag\Documents\Master Thesis\Speech-Enhancement-PTQ-QAT-comparison\Code\noisy\p232_043.wav,1.9603125,16000,6,2.8486395,4.273868,2.4786122,2.6744412931613533,3.688952498534897,2.7825255559103206,2.8123538
50,c:\Users\astag\Documents\Master Thesis\Speech-Enhancement-PTQ-QAT-comparison\Code\noisy\p232_053.wav,1.644,16000,4,3.3469687,4.039832,3.420057,3.020689793821917,3.566759487341129,3.5644671467974307,3.3562326
51,c:\Users\astag\Documents\Master Thesis\Speech-Enhancement-PTQ-QAT-comparison\Code\noisy\p232_048.wav,1.8196875,16000,5,2.519223,3.9160545,2.2302575,2.426706213813845,3.4983012226192742,2.5378137097309166,3.060316
52,c:\Users\astag\Documents\Master Thesis\Speech-Enhancement-PTQ-QAT-comparison\Code\noisy\p232_069.wav,2.6688125,16000,1,3.2507083,4.1898947,3.0391264,2.9570754796282834,3.646272538860943,3.2782485403607233,3.5397398
53,c:\Users\astag\Documents\Master Thesis\Speech-Enhancement-PTQ-QAT-comparison\Code\noisy\p232_068.wav,2.5223125,16000,1,3.0681717,3.9918718,2.9392986,2.831506475424289,3.540569163257398,3.196191852103018,3.648112
54,c:\Users\astag\Documents\Master Thesis\Speech-Enhancement-PTQ-QAT-comparison\Code\noisy\p232_070.wav,2.543875,16000,1,3.1325753,4.136891,2.953498,2.8763251902365745,3.618624904504062,3.2080234854681904,3.3447282
55,c:\Users\astag\Documents\Master Thesis\Speech-Enhancement-PTQ-QAT-comparison\Code\noisy\p232_041.wav,2.0074375,16000,7,2.9829519,4.20816,2.6476443,2.771171115893398,3.655564890103219,2.9409217623366586,3.0785766
56,c:\Users\astag\Documents\Master Thesis\Speech-Enhancement-PTQ-QAT-comparison\Code\noisy\p232_056.wav,1.802625,16000,5,1.0032567,1.087614,1.0790802,1.0969658337190795,1.2331223568221528,1.186890371601731,2.4249768
57,c:\Users\astag\Documents\Master Thesis\Speech-Enhancement-PTQ-QAT-comparison\Code\noisy\p232_071.wav,2.5885625,16000,1,2.646063,4.1012855,2.22713,2.5238638221731353,3.599787603625788,2.534660291823053,2.6521726
58,c:\Users\astag\Documents\Master Thesis\Speech-Enhancement-PTQ-QAT-comparison\Code\noisy\p232_061.wav,3.248625,16000,3,3.562278,4.1876435,3.5085287,3.1607476572994764,3.6450878861545974,3.6276767338991713,3.7575119
59,c:\Users\astag\Documents\Master Thesis\Speech-Enhancement-PTQ-QAT-comparison\Code\noisy\p232_047.wav,1.9265,16000,6,3.0267763,3.8862495,3.0621002,2.802018493743411,3.481126690648683,3.2959198875621865,2.846174
60,c:\Users\astag\Documents\Master Thesis\Speech-Enhancement-PTQ-QAT-comparison\Code\noisy\p232_075.wav,2.3465,16000,1,2.8039548,4.005161,2.5543292,2.6417617568879814,3.5478688830375305,2.8551799944433762,2.9651093
61,c:\Users\astag\Documents\Master Thesis\Speech-Enhancement-PTQ-QAT-comparison\Code\noisy\p232_079.wav,2.394375,16000,1,3.3578959,3.9518502,3.5916533,3.028709730240398,3.51840584508191,3.684956886764377,3.6615727
62,c:\Users\astag\Documents\Master Thesis\Speech-Enhancement-PTQ-QAT-comparison\Code\noisy\p232_054.wav,3.70625,16000,5,3.0634336,4.1635685,2.9426737,2.827823119754295,3.632217508571453,3.1986779753670773,3.2542253
63,c:\Users\astag\Documents\Master Thesis\Speech-Enhancement-PTQ-QAT-comparison\Code\noisy\p232_065.wav,1.5235,16000,3,2.8776252,3.7001274,2.9504445,2.6950149354350237,3.3724967511144435,3.2042914675373466,3.041071
64,c:\Users\astag\Documents\Master Thesis\Speech-Enhancement-PTQ-QAT-comparison\Code\noisy\p232_078.wav,2.2605625,16000,1,3.5626194,3.99056,3.9709294,3.161207462218412,3.5398469862293567,3.917604179103572,3.6684706
65,c:\Users\astag\Documents\Master Thesis\Speech-Enhancement-PTQ-QAT-comparison\Code\noisy\p232_052.wav,2.1989375,16000,8,1.0067484,1.0855006,1.0583977,1.1003660346043969,1.230967590204673,1.1594967263692209,2.3422601
66,c:\Users\astag\Documents\Master Thesis\Speech-Enhancement-PTQ-QAT-comparison\Code\noisy\p232_057.wav,2.23575,16000,8,3.4388711,3.6859977,4.214715,3.0817631926889058,3.3642874225597366,4.046929053978091,3.5766683
67,c:\Users\astag\Documents\Master Thesis\Speech-Enhancement-PTQ-QAT-comparison\Code\noisy\p232_066.wav,3.2770625,16000,4,2.8948827,4.1103535,2.5162227,2.707914919641101,3.6045872812731092,2.8189775804425183,3.3357782
68,c:\Users\astag\Documents\Master Thesis\Speech-Enhancement-PTQ-QAT-comparison\Code\noisy\p232_084.wav,1.3905625,16000,2,2.4368677,3.8062139,2.1904273,2.362404135690347,3.435481223233107,2.496758697031787,2.7806234
69,c:\Users\astag\Documents\Master Thesis\Speech-Enhancement-PTQ-QAT-comparison\Code\noisy\p232_058.wav,3.898625,16000,6,3.5574558,3.9980342,3.8576472,3.1577927184914483,3.5438196689638546,3.850266969908139,3.9999914
70,c:\Users\astag\Documents\Master Thesis\Speech-Enhancement-PTQ-QAT-comparison\Code\noisy\p232_088.wav,2.9235625,16000,2,2.7174768,3.8376527,2.5824413,2.577520091028883,3.4536848902560244,2.881292642207414,3.236648
71,c:\Users\astag\Documents\Master Thesis\Speech-Enhancement-PTQ-QAT-comparison\Code\noisy\p232_082.wav,1.559375,16000,3,2.106417,3.0818512,1.8756214,2.094812129021547,2.9665717236764984,2.1581035325753883,2.8648236
72,c:\Users\astag\Documents\Master Thesis\Speech-Enhancement-PTQ-QAT-comparison\Code\noisy\p232_077.wav,1.7421875,16000,4,3.266696,3.5753193,3.958921,2.9674152841129695,3.2964406250230067,3.9096108288710365,3.3642468
73,c:\Users\astag\Documents\Master Thesis\Speech-Enhancement-PTQ-QAT-comparison\Code\noisy\p232_064.wav,2.01025,16000,7,2.287741,3.4836001,2.0501103,2.2379047486174484,3.2187951260919356,2.3406755058836906,2.9301534
74,c:\Users\astag\Documents\Master Thesis\Speech-Enhancement-PTQ-QAT-comparison\Code\noisy\p232_091.wav,1.5625625,16000,3,1.677668,2.62874,1.5219365,1.7200906523744495,2.599825530703472,1.74173331790095,2.7964544
75,c:\Users\astag\Documents\Master Thesis\Speech-Enhancement-PTQ-QAT-comparison\Code\noisy\p232_083.wav,1.661375,16000,4,2.8588438,4.152732,2.5323997,2.6818522232425583,3.6265700577718,2.834365041529944,3.0245051
76,c:\Users\astag\Documents\Master Thesis\Speech-Enhancement-PTQ-QAT-comparison\Code\noisy\p232_097.wav,2.704625,16000,1,3.763499,4.230214,3.837653,3.2857043401009673,3.6669878454871667,3.840169507686685,3.741294
77,c:\Users\astag\Documents\Master Thesis\Speech-Enhancement-PTQ-QAT-comparison\Code\noisy\p232_094.wav,2.8159375,16000,2,2.8838615,3.8915255,2.8484297,2.7001158285183346,3.484486340380691,3.1190346120581185,3.1617765
78,c:\Users\astag\Documents\Master Thesis\Speech-Enhancement-PTQ-QAT-comparison\Code\noisy\p232_073.wav,1.9083125,16000,6,3.5427542,4.4007277,3.3806982,3.148321259691301,3.7514322286341737,3.5386094483476462,3.354756
79,c:\Users\astag\Documents\Master Thesis\Speech-Enhancement-PTQ-QAT-comparison\Code\noisy\p232_076.wav,1.926875,16000,6,1.0531876,1.0976046,1.0394981,1.1457661263439045,1.2440732874598739,1.1343873646446825,2.5678318
80,c:\Users\astag\Documents\Master Thesis\Speech-Enhancement-PTQ-QAT-comparison\Code\noisy\p232_098.wav,2.3846875,16000,1,3.9116008,4.201479,4.2529597,3.3739945958306032,3.652252258977447,4.066043763621681,3.3136582
81,c:\Users\astag\Documents\Master Thesis\Speech-Enhancement-PTQ-QAT-comparison\Code\noisy\p232_081.wav,1.8851875,16000,6,3.2162864,4.0672164,3.1617162,2.933611142940867,3.5815094047727505,3.374847677600657,3.436246
82,c:\Users\astag\Documents\Master Thesis\Speech-Enhancement-PTQ-QAT-comparison\Code\noisy\p232_086.wav,1.9684375,16000,6,3.7985446,4.1256843,4.2526536,3.306801159453872,3.612667410567361,4.065701358159061,3.8323488
83,c:\Users\astag\Documents\Master Thesis\Speech-Enhancement-PTQ-QAT-comparison\Code\noisy\p232_072.wav,1.987375,16000,6,1.2040502,1.5747991,1.1938561,1.2904018795451566,1.7135798039604202,1.3364904277514622,2.5980756
84,c:\Users\astag\Documents\Master Thesis\Speech-Enhancement-PTQ-QAT-comparison\Code\noisy\p232_074.wav,2.2096875,16000,8,3.3350384,3.9941106,3.433588,3.0133336716379846,3.541598707490636,3.575381206548628,2.977742
85,c:\Users\astag\Documents\Master Thesis\Speech-Enhancement-PTQ-QAT-comparison\Code\noisy\p232_099.wav,2.7646875,16000,2,3.3389342,4.08906,3.2832637,3.0154359496734466,3.593089391270107,3.4666373089292737,3.6065164
86,c:\Users\astag\Documents\Master Thesis\Speech-Enhancement-PTQ-QAT-comparison\Code\noisy\p232_090.wav,3.943125,16000,6,3.3339698,4.2599373,3.191212,3.0125588875497584,3.6819436001298507,3.397771020858242,3.368414
87,c:\Users\astag\Documents\Master Thesis\Speech-Enhancement-PTQ-QAT-comparison\Code\noisy\p232_080.wav,2.08,16000,7,2.4424527,3.2543485,2.6520555,2.366818431205722,3.0889100260249465,2.945285679816709,2.5658512
88,c:\Users\astag\Documents\Master Thesis\Speech-Enhancement-PTQ-QAT-comparison\Code\noisy\p232_096.wav,1.678,16000,4,2.2573287,3.4990716,2.0258198,2.2186409972734005,3.2465457019028805,2.323132610216228,2.3546762
89,c:\Users\astag\Documents\Master Thesis\Speech-Enhancement-PTQ-QAT-comparison\Code\noisy\p232_106.wav,2.388,16000,1,3.4699159,4.1131067,3.6317487,3.1019120790659405,3.6060653384923396,3.7113419343839134,3.590049
90,c:\Users\astag\Documents\Master Thesis\Speech-Enhancement-PTQ-QAT-comparison\Code\noisy\p232_107.wav,2.6423125,16000,1,3.43822,4.2602468,3.3495662,3.081371884355245,3.6822405775642446,3.51665488269676,3.4917269
91,c:\Users\astag\Documents\Master Thesis\Speech-Enhancement-PTQ-QAT-comparison\Code\noisy\p232_095.wav,3.5736875,16000,5,2.5064578,4.036331,2.1802917,2.4167361602458577,3.564743579959516,2.4862912882046038,2.5010958
92,c:\Users\astag\Documents\Master Thesis\Speech-Enhancement-PTQ-QAT-comparison\Code\noisy\p232_113.wav,1.367625,16000,1,1.7933753,3.2324107,1.8108159,1.8288552614298692,3.0741108161441457,2.086088890369798,2.3747501
93,c:\Users\astag\Documents\Master Thesis\Speech-Enhancement-PTQ-QAT-comparison\Code\noisy\p232_087.wav,1.9781875,16000,6,3.6015427,4.124973,3.8563716,3.1857324190532097,3.6122199511434316,3.850878776884077,3.7156732
94,c:\Users\astag\Documents\Master Thesis\Speech-Enhancement-PTQ-QAT-comparison\Code\noisy\p232_085.wav,2.0673125,16000,7,3.4133017,3.7820396,3.8825505,3.064982944354844,3.421211896669203,3.8663748544209566,3.5452907
95,c:\Users\astag\Documents\Master Thesis\Speech-Enhancement-PTQ-QAT-comparison\Code\noisy\p232_115.wav,2.7448125,16000,1,3.1889307,4.216304,3.0685265,2.9150827501048826,3.659871868761074,3.3019146683969787,2.8711433
96,c:\Users\astag\Documents\Master Thesis\Speech-Enhancement-PTQ-QAT-comparison\Code\noisy\p232_100.wav,1.5999375,16000,3,2.4063208,3.2831385,2.6598685,2.337119958888994,3.106830198680281,2.950807776640813,2.6313007
97,c:\Users\astag\Documents\Master Thesis\Speech-Enhancement-PTQ-QAT-comparison\Code\noisy\p232_092.wav,1.968,16000,6,2.345397,3.78584,1.9664798,2.2899870267768865,3.423531957582769,2.2589389336832326,2.6914282
98,c:\Users\astag\Documents\Master Thesis\Speech-Enhancement-PTQ-QAT-comparison\Code\noisy\p232_089.wav,2.2335,16000,8,3.1961613,4.2490964,2.9752252,2.9197096061160672,3.676501458855237,3.225074260006551,3.1333678
99,c:\Users\astag\Documents\Master Thesis\Speech-Enhancement-PTQ-QAT-comparison\Code\noisy\p232_093.wav,2.22125,16000,8,3.2104619,4.339677,2.983708,2.9297210526045996,3.721786471875429,3.2329213367030496,3.209375
100,c:\Users\astag\Documents\Master Thesis\Speech-Enhancement-PTQ-QAT-comparison\Code\noisy\p232_114.wav,3.1960625,16000,3,3.2516212,4.1421094,3.1289034,2.9576120974361495,3.6213202044166057,3.3495191443882972,3.0712023
101,c:\Users\astag\Documents\Master Thesis\Speech-Enhancement-PTQ-QAT-comparison\Code\noisy\p232_109.wav,3.4916875,16000,4,3.6976712,4.388093,3.5208871,3.24547551390304,3.745401278512889,3.6369795570489023,3.8867826
102,c:\Users\astag\Documents\Master Thesis\Speech-Enhancement-PTQ-QAT-comparison\Code\noisy\p232_120.wav,1.4630625,16000,2,3.0609689,3.6452394,3.391374,2.8264590840482935,3.339684761300343,3.546803331170726,3.4951518
103,c:\Users\astag\Documents\Master Thesis\Speech-Enhancement-PTQ-QAT-comparison\Code\noisy\p232_108.wav,1.6815625,16000,4,3.037717,3.955875,3.008134,2.8098351541629722,3.520204551342724,3.250758211167513,2.937358
104,c:\Users\astag\Documents\Master Thesis\Speech-Enhancement-PTQ-QAT-comparison\Code\noisy\p232_112.wav,1.6440625,16000,4,2.7757812,3.7946863,2.6874914,2.62093702689905,3.428703062822941,2.977533334786772,2.960218
105,c:\Users\astag\Documents\Master Thesis\Speech-Enhancement-PTQ-QAT-comparison\Code\noisy\p232_124.wav,1.4909375,16000,2,3.1952274,4.166688,3.0471802,2.919362049720154,3.6341304228697857,3.2847527343133747,3.2176995
106,c:\Users\astag\Documents\Master Thesis\Speech-Enhancement-PTQ-QAT-comparison\Code\noisy\p232_105.wav,1.7566875,16000,5,3.5070605,3.8871677,3.9831898,3.125749160603261,3.4818635123039754,3.9240273086255373,3.5299575
107,c:\Users\astag\Documents\Master Thesis\Speech-Enhancement-PTQ-QAT-comparison\Code\noisy\p232_103.wav,3.5469375,16000,5,2.623216,4.0052595,2.313705,2.506440467489143,3.547837208954242,2.622086878198322,2.8909364
108,c:\Users\astag\Documents\Master Thesis\Speech-Enhancement-PTQ-QAT-comparison\Code\noisy\p232_101.wav,1.9461875,16000,6,3.619546,4.341034,3.5350497,3.1969854067589636,3.72248775406417,3.64642058913069,3.5345438
109,c:\Users\astag\Documents\Master Thesis\Speech-Enhancement-PTQ-QAT-comparison\Code\noisy\p232_118.wav,3.1344375,16000,3,3.9268093,4.1661596,4.3763614,3.3828218285339378,3.633893424934693,4.124217059069418,3.8067539
110,c:\Users\astag\Documents\Master Thesis\Speech-Enhancement-PTQ-QAT-comparison\Code\noisy\p232_121.wav,3.0648125,16000,3,3.079546,3.9460247,2.9452515,2.8394465566470424,3.515098030443415,3.2010315524521666,3.4677029
111,c:\Users\astag\Documents\Master Thesis\Speech-Enhancement-PTQ-QAT-comparison\Code\noisy\p232_102.wav,1.894,16000,6,3.4051619,3.83094,3.8824463,3.0596238096551502,3.449627578483261,3.866375124615263,3.060807
112,c:\Users\astag\Documents\Master Thesis\Speech-Enhancement-PTQ-QAT-comparison\Code\noisy\p232_117.wav,3.4729375,16000,4,1.4409893,2.2856688,1.3836734,1.5128376334745728,2.355933557041575,1.5781308853355935,2.8688726
113,c:\Users\astag\Documents\Master Thesis\Speech-Enhancement-PTQ-QAT-comparison\Code\noisy\p232_119.wav,3.1679375,16000,3,3.453291,3.8412125,3.875138,3.091060965237174,3.4556869156793595,3.8619056141074117,3.7855709
114,c:\Users\astag\Documents\Master Thesis\Speech-Enhancement-PTQ-QAT-comparison\Code\noisy\p232_130.wav,2.464625,16000,1,3.2976542,4.164574,3.1868825,2.988641088621967,3.6331238014315024,3.3948847707858,3.017294
115,c:\Users\astag\Documents\Master Thesis\Speech-Enhancement-PTQ-QAT-comparison\Code\noisy\p232_104.wav,3.92,16000,6,2.3740318,3.794444,2.068312,2.312808054676865,3.4284848852378906,2.3687280487092544,2.8485858
116,c:\Users\astag\Documents\Master Thesis\Speech-Enhancement-PTQ-QAT-comparison\Code\noisy\p232_128.wav,2.96175,16000,2,2.9458857,3.8796785,2.920353,2.7444466843079334,3.477549812039987,3.1795950869770864,3.1492262
117,c:\Users\astag\Documents\Master Thesis\Speech-Enhancement-PTQ-QAT-comparison\Code\noisy\p232_133.wav,2.4395625,16000,1,2.3836672,4.009027,2.0627918,2.3204705868363997,3.5499870398123012,2.363041024352932,2.7799156
118,c:\Users\astag\Documents\Master Thesis\Speech-Enhancement-PTQ-QAT-comparison\Code\noisy\p232_125.wav,1.608,16000,3,2.9190261,4.0754943,2.6987355,2.7255390435695617,3.585864788483594,2.9871902773620262,2.8997815
119,c:\Users\astag\Documents\Master Thesis\Speech-Enhancement-PTQ-QAT-comparison\Code\noisy\p232_142.wav,2.7140625,16000,1,3.339291,4.147165,3.2440553,3.0163875391897332,3.6240208189445524,3.4384733384943815,2.9603384
120,c:\Users\astag\Documents\Master Thesis\Speech-Enhancement-PTQ-QAT-comparison\Code\noisy\p232_116.wav,1.98325,16000,6,3.1604786,3.9302442,3.2043016,2.89511166266959,3.5060535707355647,3.406428999115714,3.1499949
121,c:\Users\astag\Documents\Master Thesis\Speech-Enhancement-PTQ-QAT-comparison\Code\noisy\p232_144.wav,2.280125,16000,1,2.9904323,3.9863071,2.8618312,2.7766595339067464,3.5375036332652128,3.130706541882908,3.4826164
122,c:\Users\astag\Documents\Master Thesis\Speech-Enhancement-PTQ-QAT-comparison\Code\noisy\p232_145.wav,2.65,16000,1,2.3950932,3.682885,2.1901634,2.3295213303381543,3.3624787320064455,2.496675852405278,2.7765064
123,c:\Users\astag\Documents\Master Thesis\Speech-Enhancement-PTQ-QAT-comparison\Code\noisy\p232_110.wav,2.034625,16000,7,2.2256706,3.9045832,1.779279,2.1934807517394717,3.491635674840374,2.0501894878820566,2.7012498
124,c:\Users\astag\Documents\Master Thesis\Speech-Enhancement-PTQ-QAT-comparison\Code\noisy\p232_123.wav,3.707125,16000,5,3.5335457,4.187374,3.5439034,3.1426678389041003,3.644859434693285,3.6519332544676724,3.6910768
125,c:\Users\astag\Documents\Master Thesis\Speech-Enhancement-PTQ-QAT-comparison\Code\noisy\p232_131.wav,3.054,16000,3,3.5980327,4.3264785,3.4738703,3.18350377134235,3.7152159514297938,3.604875847191909,3.7271926
126,c:\Users\astag\Documents\Master Thesis\Speech-Enhancement-PTQ-QAT-comparison\Code\noisy\p232_147.wav,2.72525,16000,1,3.609286,3.9255245,4.087077,3.1906164527938956,3.5036804453132504,3.981272482015558,3.9027438
127,c:\Users\astag\Documents\Master Thesis\Speech-Enhancement-PTQ-QAT-comparison\Code\noisy\p232_151.wav,2.7268125,16000,1,2.677894,3.8933704,2.5782487,2.5479035892836137,3.4855370153594394,2.8775054408609195,2.8485408
128,c:\Users\astag\Documents\Master Thesis\Speech-Enhancement-PTQ-QAT-comparison\Code\noisy\p232_137.wav,1.6191875,16000,3,2.7696526,3.7046509,2.7609901,2.616387364255482,3.3755464232616834,3.0428182864117077,2.973936
129,c:\Users\astag\Documents\Master Thesis\Speech-Enhancement-PTQ-QAT-comparison\Code\noisy\p232_138.wav,1.5735,16000,3,2.510371,3.7410653,2.2585592,2.4194070766746565,3.3969709571430733,2.5660340038748903,2.4585652
130,c:\Users\astag\Documents\Master Thesis\Speech-Enhancement-PTQ-QAT-comparison\Code\noisy\p232_154.wav,2.3406875,16000,1,2.1324582,3.7400658,1.7487782,2.117018699087127,3.396645093234282,2.015336910884189,2.8275914
131,c:\Users\astag\Documents\Master Thesis\Speech-Enhancement-PTQ-QAT-comparison\Code\noisy\p232_136.wav,1.7381875,16000,4,2.1324098,2.897033,1.9378903,2.1080169551918795,2.8034084207153764,2.2150073498063647,3.0561595
132,c:\Users\astag\Documents\Master Thesis\Speech-Enhancement-PTQ-QAT-comparison\Code\noisy\p232_155.wav,2.5508125,16000,1,1.8369427,3.4200752,1.6113776,1.8667513829936777,3.1983844682275318,1.8550278637699409,2.5756185
133,c:\Users\astag\Documents\Master Thesis\Speech-Enhancement-PTQ-QAT-comparison\Code\noisy\p232_140.wav,1.5865,16000,3,2.6192672,3.3313458,2.9267416,2.5034765327590693,3.1403280685058648,3.18547839339184,3.6898975
134,c:\Users\astag\Documents\Master Thesis\Speech-Enhancement-PTQ-QAT-comparison\Code\noisy\p232_158.wav,2.6820625,16000,1,3.0077884,4.240512,2.8457305,2.7889756036040643,3.6722348618376786,3.1168978738878685,2.8854342
135,c:\Users\astag\Documents\Master Thesis\Speech-Enhancement-PTQ-QAT-comparison\Code\noisy\p232_127.wav,1.9740625,16000,6,3.0717993,3.3655016,3.9084415,2.8337039821745065,3.162418531846953,3.88139075278073,3.5987396
136,c:\Users\astag\Documents\Master Thesis\Speech-Enhancement-PTQ-QAT-comparison\Code\noisy\p232_132.wav,1.8530625,16000,5,2.7857594,4.0225987,2.6223426,2.628335631354564,3.557296414493502,2.918175775784981,2.6924725
137,c:\Users\astag\Documents\Master Thesis\Speech-Enhancement-PTQ-QAT-comparison\Code\noisy\p232_129.wav,3.5615,16000,5,3.342556,4.1536837,3.2430687,3.0180729473243884,3.6273869931434817,3.435923896933341,3.5696137
138,c:\Users\astag\Documents\Master Thesis\Speech-Enhancement-PTQ-QAT-comparison\Code\noisy\p232_141.wav,1.7359375,16000,4,3.0401945,3.7172825,3.324151,2.811686211346789,3.3829225261982407,3.497657242479876,3.3102973
139,c:\Users\astag\Documents\Master Thesis\Speech-Enhancement-PTQ-QAT-comparison\Code\noisy\p232_161.wav,2.7218125,16000,1,3.4604163,4.0400815,3.5601976,3.0957702515749985,3.5669096758070062,3.663960832699618,3.7459693
140,c:\Users\astag\Documents\Master Thesis\Speech-Enhancement-PTQ-QAT-comparison\Code\noisy\p232_134.wav,1.8035625,16000,5,1.4187634,2.090553,1.34815,1.4881033265957655,2.162422086325309,1.5286232834681897,2.6556282
141,c:\Users\astag\Documents\Master Thesis\Speech-Enhancement-PTQ-QAT-comparison\Code\noisy\p232_164.wav,2.468875,16000,1,3.0106697,3.7767637,3.1173916,2.7910162438498394,3.41828327201199,3.340745901887941,2.7877555
142,c:\Users\astag\Documents\Master Thesis\Speech-Enhancement-PTQ-QAT-comparison\Code\noisy\p232_126.wav,2.1139375,16000,7,2.6289012,4.0192804,2.3261902,2.5105047412400943,3.554824095493299,2.6344676430551135,2.9403548
143,c:\Users\astag\Documents\Master Thesis\Speech-Enhancement-PTQ-QAT-comparison\Code\noisy\p232_143.wav,1.774,16000,5,2.931592,4.2067394,2.6322155,2.7343914466244352,3.654888753653122,2.927025308508342,3.0382187
144,c:\Users\astag\Documents\Master Thesis\Speech-Enhancement-PTQ-QAT-comparison\Code\noisy\p232_135.wav,1.9836875,16000,6,3.3019946,4.114803,3.3386078,2.9914065180206086,3.6067411852646134,3.508388702407506,3.817107
145,c:\Users\astag\Documents\Master Thesis\Speech-Enhancement-PTQ-QAT-comparison\Code\noisy\p232_167.wav,2.6829375,16000,1,3.3902276,4.1147094,3.4161339,3.050012041661809,3.6069146257351212,3.5644719624971954,3.9451785
146,c:\Users\astag\Documents\Master Thesis\Speech-Enhancement-PTQ-QAT-comparison\Code\noisy\p232_139.wav,2.1856875,16000,8,3.6806316,3.936468,4.2574677,3.2349783248473853,3.5098064420742645,4.0680980712677295,3.80804
147,c:\Users\astag\Documents\Master Thesis\Speech-Enhancement-PTQ-QAT-comparison\Code\noisy\p232_162.wav,1.5961875,16000,3,3.336689,3.7854354,3.812154,3.0145043134067397,3.4232975181482286,3.824371387561166,3.9117262
148,c:\Users\astag\Documents\Master Thesis\Speech-Enhancement-PTQ-QAT-comparison\Code\noisy\p232_152.wav,1.866,16000,5,2.9133062,4.0002375,2.779913,2.7213817695118374,3.5450357943266937,3.059631298263551,3.2779365
149,c:\Users\astag\Documents\Master Thesis\Speech-Enhancement-PTQ-QAT-comparison\Code\noisy\p232_153.wav,1.9315,16000,6,2.490934,4.0701103,2.1068885,2.404684444601683,3.5830928026800977,2.4096540481445365,2.7853172
150,c:\Users\astag\Documents\Master Thesis\Speech-Enhancement-PTQ-QAT-comparison\Code\noisy\p232_176.wav,2.77025,16000,2,3.055562,4.183649,2.8327827,2.822517348735418,3.642956360823518,3.105619589519243,3.0010886
151,c:\Users\astag\Documents\Master Thesis\Speech-Enhancement-PTQ-QAT-comparison\Code\noisy\p232_148.wav,3.873,16000,6,3.6148818,4.067859,3.9006488,3.1939981710557794,3.581526056976076,3.876781177391305,3.6242247
152,c:\Users\astag\Documents\Master Thesis\Speech-Enhancement-PTQ-QAT-comparison\Code\noisy\p232_146.wav,2.0406875,16000,7,2.7885096,3.9573855,2.5964866,2.630312178166762,3.521266174277346,2.8943080953433946,2.7265723
153,c:\Users\astag\Documents\Master Thesis\Speech-Enhancement-PTQ-QAT-comparison\Code\noisy\p232_175.wav,3.126,16000,3,3.553032,4.1911807,3.547294,3.155082163127863,3.646929592591766,3.6551618829260817,3.5635738
154,c:\Users\astag\Documents\Master Thesis\Speech-Enhancement-PTQ-QAT-comparison\Code\noisy\p232_169.wav,3.3879375,16000,4,3.310265,4.194583,3.2248402,2.996683637077182,3.6485173257750736,3.4236964168581028,3.3186595
155,c:\Users\astag\Documents\Master Thesis\Speech-Enhancement-PTQ-QAT-comparison\Code\noisy\p232_159.wav,1.8755,16000,6,2.8605804,3.89114,2.894396,2.682926601786598,3.4839878110301945,3.1578739496051447,2.6852047
156,c:\Users\astag\Documents\Master Thesis\Speech-Enhancement-PTQ-QAT-comparison\Code\noisy\p232_165.wav,1.749,16000,4,2.8814738,3.9939413,2.711115,2.6982297539904527,3.541603990471005,2.9986430098828185,2.8989592
157,c:\Users\astag\Documents\Master Thesis\Speech-Enhancement-PTQ-QAT-comparison\Code\noisy\p232_182.wav,2.512,16000,1,1.65147,2.5997722,1.4587796,1.7036413235544012,2.6115920560704105,1.6711608292266027,3.0190578
158,c:\Users\astag\Documents\Master Thesis\Speech-Enhancement-PTQ-QAT-comparison\Code\noisy\p232_156.wav,2.05675,16000,7,2.6536138,3.7582436,2.6178339,2.527709291943107,3.4037888308345563,2.9123261688542565,3.2075562
159,c:\Users\astag\Documents\Master Thesis\Speech-Enhancement-PTQ-QAT-comparison\Code\noisy\p232_150.wav,2.1053125,16000,7,3.5774662,4.074081,3.894216,3.170293508449837,3.5845464116878594,3.8733692496203838,3.4516697
160,c:\Users\astag\Documents\Master Thesis\Speech-Enhancement-PTQ-QAT-comparison\Code\noisy\p232_160.wav,3.9424375,16000,6,1.2306194,1.7239914,1.1738912,1.3155587592421896,1.8509773684033028,1.3109873749119867,2.6536064
161,c:\Users\astag\Documents\Master Thesis\Speech-Enhancement-PTQ-QAT-comparison\Code\noisy\p232_187.wav,1.374625,16000,1,2.6777263,3.9794054,2.4138422,2.5477771859216083,3.5336943104596177,2.7210147296062464,3.0451818
162,c:\Users\astag\Documents\Master Thesis\Speech-Enhancement-PTQ-QAT-comparison\Code\noisy\p232_189.wav,2.55325,16000,1,2.8047056,4.11151,2.4987543,2.642314306150429,3.6052186544574503,2.802727225477326,2.9938068
163,c:\Users\astag\Documents\Master Thesis\Speech-Enhancement-PTQ-QAT-comparison\Code\noisy\p232_180.wav,3.2495,16000,3,3.1293638,4.225376,2.888109,2.8741019533839154,3.6645030971798747,3.1530961868347744,3.432916
164,c:\Users\astag\Documents\Master Thesis\Speech-Enhancement-PTQ-QAT-comparison\Code\noisy\p232_185.wav,2.85575,16000,2,3.0724833,4.029749,2.9717164,2.834521602615254,3.5612253563232468,3.2231071062262338,3.8287299
165,c:\Users\astag\Documents\Master Thesis\Speech-Enhancement-PTQ-QAT-comparison\Code\noisy\p232_170.wav,2.0926875,16000,7,2.546171,4.0478864,2.1468854,2.44748341370842,3.571070597371598,2.451694597360838,2.6859968
166,c:\Users\astag\Documents\Master Thesis\Speech-Enhancement-PTQ-QAT-comparison\Code\noisy\p232_163.wav,2.163375,16000,8,3.442767,4.004371,3.6963594,3.08421518443932,3.547173359486567,3.7518907694540853,3.278972
167,c:\Users\astag\Documents\Master Thesis\Speech-Enhancement-PTQ-QAT-comparison\Code\noisy\p232_172.wav,2.0198125,16000,7,3.1324008,3.6517584,3.5126858,2.875997603021589,3.3433308702230167,3.631298302927475,3.5783439
168,c:\Users\astag\Documents\Master Thesis\Speech-Enhancement-PTQ-QAT-comparison\Code\noisy\p232_193.wav,2.41775,16000,1,2.985086,4.1543756,2.8364313,2.772857544905254,3.6277973393883394,3.108891276593854,3.4239805
169,c:\Users\astag\Documents\Master Thesis\Speech-Enhancement-PTQ-QAT-comparison\Code\noisy\p232_195.wav,2.346875,16000,1,3.0400832,3.9001567,3.012088,2.8117837248503013,3.4893807707036073,3.25628263664743,3.1992013
170,c:\Users\astag\Documents\Master Thesis\Speech-Enhancement-PTQ-QAT-comparison\Code\noisy\p232_171.wav,2.014125,16000,7,3.5130477,4.076777,3.6961296,3.129479049072528,3.586446731241602,3.7526571481680238,3.6068835
171,c:\Users\astag\Documents\Master Thesis\Speech-Enhancement-PTQ-QAT-comparison\Code\noisy\p232_174.wav,2.1546875,16000,8,2.635799,3.94396,2.363498,2.5160006975756124,3.5135010350890457,2.671368517917569,2.7239816
172,c:\Users\astag\Documents\Master Thesis\Speech-Enhancement-PTQ-QAT-comparison\Code\noisy\p232_198.wav,2.331875,16000,1,2.5503175,3.9248016,2.2207935,2.450727342026422,3.5032744543534515,2.528174921701462,3.092254
173,c:\Users\astag\Documents\Master Thesis\Speech-Enhancement-PTQ-QAT-comparison\Code\noisy\p232_179.wav,3.4410625,16000,4,3.2673697,4.0835357,3.1868815,2.967432285164157,3.5894300736490816,3.393409453339929,3.4635901
174,c:\Users\astag\Documents\Master Thesis\Speech-Enhancement-PTQ-QAT-comparison\Code\noisy\p232_199.wav,2.3984375,16000,1,2.098353,3.583986,1.8765198,2.08873871909593,3.3020890762002675,2.159916896383922,2.709614
175,c:\Users\astag\Documents\Master Thesis\Speech-Enhancement-PTQ-QAT-comparison\Code\noisy\p232_201.wav,2.701875,16000,1,2.9726422,3.9634686,2.9245121,2.7639932433010093,3.5248676163632613,3.1838144763981977,2.9571884
176,c:\Users\astag\Documents\Master Thesis\Speech-Enhancement-PTQ-QAT-comparison\Code\noisy\p232_173.wav,2.145375,16000,8,3.017359,3.962373,3.0431411,2.7955471094046382,3.5238655847978184,3.2811462561546407,3.1611114
177,c:\Users\astag\Documents\Master Thesis\Speech-Enhancement-PTQ-QAT-comparison\Code\noisy\p232_181.wav,1.8245,16000,5,2.933456,4.3045783,2.5321715,2.735803530199255,3.704300553513086,2.834161927705827,2.9278579
178,c:\Users\astag\Documents\Master Thesis\Speech-Enhancement-PTQ-QAT-comparison\Code\noisy\p232_177.wav,2.2200625,16000,8,1.8831605,3.1301873,1.6763195,1.9058151498118259,3.001216928727063,1.9302695015019202,2.355522
179,c:\Users\astag\Documents\Master Thesis\Speech-Enhancement-PTQ-QAT-comparison\Code\noisy\p232_206.wav,2.705375,16000,1,3.147739,3.6082373,3.6394973,2.886796013624507,3.317049377612458,3.7163921514600213,3.188338
180,c:\Users\astag\Documents\Master Thesis\Speech-Enhancement-PTQ-QAT-comparison\Code\noisy\p232_208.wav,1.349125,16000,1,2.8855815,3.929548,2.7572687,2.701389582555348,3.505938572325264,3.0398109116924106,3.3032668
181,c:\Users\astag\Documents\Master Thesis\Speech-Enhancement-PTQ-QAT-comparison\Code\noisy\p232_194.wav,3.431,16000,4,3.1270466,4.0477033,3.0575192,2.8723964407297893,3.570960442476293,3.2929022145288434,3.493762
182,c:\Users\astag\Documents\Master Thesis\Speech-Enhancement-PTQ-QAT-comparison\Code\noisy\p232_186.wav,1.9129375,16000,6,2.6898146,3.7684383,2.4857624,2.555239575139908,3.41228390620275,2.7863142678104684,2.6555367
183,c:\Users\astag\Documents\Master Thesis\Speech-Enhancement-PTQ-QAT-comparison\Code\noisy\p232_202.wav,3.025125,16000,3,3.0046995,4.249804,2.6516802,2.7866241994672,3.6768542004619227,2.944886132770781,3.1473544
184,c:\Users\astag\Documents\Master Thesis\Speech-Enhancement-PTQ-QAT-comparison\Code\noisy\p232_178.wav,2.0085625,16000,7,2.2191887,3.608371,1.9794531,2.187861878111825,3.316759949127497,2.272810504876439,2.7484703
185,c:\Users\astag\Documents\Master Thesis\Speech-Enhancement-PTQ-QAT-comparison\Code\noisy\p232_213.wav,2.3730625,16000,1,3.6387575,4.0600605,4.016032,3.2090373004788764,3.577711284000431,3.942749949893771,3.724923
186,c:\Users\astag\Documents\Master Thesis\Speech-Enhancement-PTQ-QAT-comparison\Code\noisy\p232_183.wav,2.154,16000,8,3.3574178,3.6645067,3.9870503,3.028336119006462,3.351311346265811,3.9265482149530158,3.5351331
187,c:\Users\astag\Documents\Master Thesis\Speech-Enhancement-PTQ-QAT-comparison\Code\noisy\p232_209.wav,1.4368125,16000,2,2.5821414,3.6402397,2.5850565,2.475148958428324,3.336589993742168,2.883830518778164,3.3391626
188,c:\Users\astag\Documents\Master Thesis\Speech-Enhancement-PTQ-QAT-comparison\Code\noisy\p232_215.wav,2.2823125,16000,1,3.3159275,3.8354242,3.6338966,3.000847159406971,3.452401569453703,3.712743438507249,3.4519467
189,c:\Users\astag\Documents\Master Thesis\Speech-Enhancement-PTQ-QAT-comparison\Code\noisy\p232_207.wav,1.5853125,16000,3,3.065279,3.799134,3.2160776,2.8294760828112735,3.431225081041474,3.416741558489211,2.9266717
190,c:\Users\astag\Documents\Master Thesis\Speech-Enhancement-PTQ-QAT-comparison\Code\noisy\p232_191.wav,1.9156875,16000,6,3.4716876,3.8914526,3.8307817,3.1028010676424738,3.4840351752205803,3.835933572936769,3.4947166
191,c:\Users\astag\Documents\Master Thesis\Speech-Enhancement-PTQ-QAT-comparison\Code\noisy\p232_184.wav,2.1343125,16000,8,3.4619024,4.1630263,3.4869826,3.0965716793849447,3.6322409915893,3.613268082905414,3.3387072
192,c:\Users\astag\Documents\Master Thesis\Speech-Enhancement-PTQ-QAT-comparison\Code\noisy\p232_211.wav,1.4064375,16000,2,2.6102488,3.7231965,2.5053706,2.4966483258591423,3.386589597945843,2.8089866917176485,2.8183503
193,c:\Users\astag\Documents\Master Thesis\Speech-Enhancement-PTQ-QAT-comparison\Code\noisy\p232_188.wav,3.83,16000,6,3.0121462,4.018812,2.9157286,2.7920413962186124,3.5552918169683623,3.1758100480156877,3.348616
194,c:\Users\astag\Documents\Master Thesis\Speech-Enhancement-PTQ-QAT-comparison\Code\noisy\p232_210.wav,1.52875,16000,3,2.6009805,3.7519195,2.4922667,2.489484497576005,3.403609953247708,2.7959792077353947,3.3443363
195,c:\Users\astag\Documents\Master Thesis\Speech-Enhancement-PTQ-QAT-comparison\Code\noisy\p232_190.wav,1.9516875,16000,6,1.8815416,2.830867,1.7301426,1.903802849946996,2.782261455094775,1.992311323780057,2.6208255
196,c:\Users\astag\Documents\Master Thesis\Speech-Enhancement-PTQ-QAT-comparison\Code\noisy\p232_223.wav,2.513125,16000,1,2.7786338,3.9625802,2.5170653,2.6230816669687718,3.5243743460808643,2.820099402676062,2.723865
197,c:\Users\astag\Documents\Master Thesis\Speech-Enhancement-PTQ-QAT-comparison\Code\noisy\p232_204.wav,3.4063125,16000,4,3.6183937,3.9237409,4.1471777,3.196118307719032,3.502494968475324,4.01246585046119,3.8411112
198,c:\Users\astag\Documents\Master Thesis\Speech-Enhancement-PTQ-QAT-comparison\Code\noisy\p232_226.wav,2.3133125,16000,1,3.772488,4.118791,4.1080704,3.2911477630726056,3.6090756939949094,3.992401188773985,3.7633307
199,c:\Users\astag\Documents\Master Thesis\Speech-Enhancement-PTQ-QAT-comparison\Code\noisy\p232_197.wav,3.782125,16000,6,3.038275,4.204554,2.7833369,2.810345293888268,3.6536300836430478,3.0625014130836377,3.5204165
200,c:\Users\astag\Documents\Master Thesis\Speech-Enhancement-PTQ-QAT-comparison\Code\noisy\p232_200.wav,3.51,16000,5,3.2570732,3.9216099,3.3222394,2.9612556522951934,3.5014633647837288,3.4961051116673274,3.440276
201,c:\Users\astag\Documents\Master Thesis\Speech-Enhancement-PTQ-QAT-comparison\Code\noisy\p232_205.wav,1.8403125,16000,5,3.3901799,3.7731814,3.9199386,3.049674975161378,3.415762716567278,3.8880107418663874,3.593586
202,c:\Users\astag\Documents\Master Thesis\Speech-Enhancement-PTQ-QAT-comparison\Code\noisy\p232_216.wav,3.0010625,16000,3,2.8319147,3.8642957,2.7437675,2.6622023546310953,3.468877918081723,3.027743107049899,3.3429296
203,c:\Users\astag\Documents\Master Thesis\Speech-Enhancement-PTQ-QAT-comparison\Code\noisy\p232_217.wav,1.538625,16000,3,3.0087833,4.0418906,2.9230013,2.789679016954182,3.5678253977937486,3.18248553481342,3.5458715
204,c:\Users\astag\Documents\Master Thesis\Speech-Enhancement-PTQ-QAT-comparison\Code\noisy\p232_196.wav,2.23,16000,8,2.929766,3.8932986,2.8979683,2.7332097931217896,3.4854192162919047,3.1612365796073396,3.3615167
205,c:\Users\astag\Documents\Master Thesis\Speech-Enhancement-PTQ-QAT-comparison\Code\noisy\p232_203.wav,2.0131875,16000,7,1.4280385,2.350928,1.2618186,1.5002218824624725,2.4020954776767627,1.4242449687260468,2.5214899
206,c:\Users\astag\Documents\Master Thesis\Speech-Enhancement-PTQ-QAT-comparison\Code\noisy\p232_227.wav,3.246125,16000,3,3.3044014,3.7665622,3.815696,2.993098916672029,3.4122219536958434,3.826959192759483,3.5365734
207,c:\Users\astag\Documents\Master Thesis\Speech-Enhancement-PTQ-QAT-comparison\Code\noisy\p232_221.wav,3.317375,16000,4,3.2537174,4.268145,3.1452212,2.9584899709109784,3.686099407278763,3.361551684906842,3.2306702
208,c:\Users\astag\Documents\Master Thesis\Speech-Enhancement-PTQ-QAT-comparison\Code\noisy\p232_238.wav,2.3516875,16000,1,3.2144115,3.7485478,3.6872995,2.932465624693004,3.401666423555709,3.7471979995183338,3.510179
209,c:\Users\astag\Documents\Master Thesis\Speech-Enhancement-PTQ-QAT-comparison\Code\noisy\p232_219.wav,3.457625,16000,4,2.7951565,4.0779176,2.4827182,2.634741189852395,3.5871354268812947,2.785735171951161,3.0554895
210,c:\Users\astag\Documents\Master Thesis\Speech-Enhancement-PTQ-QAT-comparison\Code\noisy\p232_225.wav,1.6726875,16000,4,2.2249951,3.3990428,2.0110612,2.1898188826932374,3.174301049143174,2.304584173234031,2.5815375
211,c:\Users\astag\Documents\Master Thesis\Speech-Enhancement-PTQ-QAT-comparison\Code\noisy\p232_214.wav,1.93125,16000,6,3.3094676,4.026941,3.339116,2.996288847836894,3.5591063553014344,3.5088964371031843,3.4378068
212,c:\Users\astag\Documents\Master Thesis\Speech-Enhancement-PTQ-QAT-comparison\Code\noisy\p232_237.wav,2.8215625,16000,2,3.4969087,3.9996963,3.779371,3.1192926524873688,3.544661102902851,3.8038115386389406,3.9728894
213,c:\Users\astag\Documents\Master Thesis\Speech-Enhancement-PTQ-QAT-comparison\Code\noisy\p232_228.wav,1.6609375,16000,4,2.8927145,3.5097504,3.3257277,2.706470426223746,3.2553827144675385,3.499038490292019,3.3620148
214,c:\Users\astag\Documents\Master Thesis\Speech-Enhancement-PTQ-QAT-comparison\Code\noisy\p232_234.wav,1.5973125,16000,3,2.39218,3.597655,2.2354658,2.3272028279677706,3.310361681479893,2.5431429290081415,2.8731318
215,c:\Users\astag\Documents\Master Thesis\Speech-Enhancement-PTQ-QAT-comparison\Code\noisy\p232_220.wav,3.6615,16000,5,2.969419,4.2531557,2.6402173,2.7614133487424053,3.6785266769619427,2.9337818226766927,2.8389726
216,c:\Users\astag\Documents\Master Thesis\Speech-Enhancement-PTQ-QAT-comparison\Code\noisy\p232_246.wav,2.5395625,16000,1,1.0483977,1.1626347,1.1210853,1.1411051463784072,1.3111266921940268,1.2424689999738732,2.8313866
217,c:\Users\astag\Documents\Master Thesis\Speech-Enhancement-PTQ-QAT-comparison\Code\noisy\p232_236.wav,1.567875,16000,3,3.2846282,3.9384177,3.564099,2.9797558661282486,3.5102909954174013,3.66640989728468,2.5565054
218,c:\Users\astag\Documents\Master Thesis\Speech-Enhancement-PTQ-QAT-comparison\Code\noisy\p232_229.wav,1.8749375,16000,5,2.6317868,3.1992426,3.1504796,2.512919386510824,3.0509193260088905,3.3661294904519146,3.3475623
219,c:\Users\astag\Documents\Master Thesis\Speech-Enhancement-PTQ-QAT-comparison\Code\noisy\p232_230.wav,1.888875,16000,6,3.2998173,4.2596364,3.1330357,2.9900387201026146,3.6818330362295284,3.35303148043986,3.1656094
220,c:\Users\astag\Documents\Master Thesis\Speech-Enhancement-PTQ-QAT-comparison\Code\noisy\p232_249.wav,2.8853125,16000,2,3.271223,3.8531995,3.6270714,2.970851091607834,3.462583544827617,3.7062861285978785,3.5338335
221,c:\Users\astag\Documents\Master Thesis\Speech-Enhancement-PTQ-QAT-comparison\Code\noisy\p232_241.wav,1.519625,16000,3,1.0764686,1.1932182,1.0660125,1.1683421195779047,1.3420395918897103,1.1696579017339743,2.566666
222,c:\Users\astag\Documents\Master Thesis\Speech-Enhancement-PTQ-QAT-comparison\Code\noisy\p232_218.wav,2.13825,16000,8,2.6556585,3.7529156,2.5849125,2.53060327347492,3.403948052519009,2.8826711162041128,3.5385664
223,c:\Users\astag\Documents\Master Thesis\Speech-Enhancement-PTQ-QAT-comparison\Code\noisy\p232_224.wav,2.06925,16000,7,2.9785798,3.9259455,2.9865782,2.767754573910217,3.5033543084958056,3.2350076392510547,2.8675501
224,c:\Users\astag\Documents\Master Thesis\Speech-Enhancement-PTQ-QAT-comparison\Code\noisy\p232_250.wav,2.8271875,16000,2,3.247654,4.022519,3.248559,2.955008354160365,3.557352336654766,3.441704791900933,3.6041195
225,c:\Users\astag\Documents\Master Thesis\Speech-Enhancement-PTQ-QAT-comparison\Code\noisy\p232_240.wav,3.3024375,16000,4,3.2021642,4.2520227,2.942101,2.923988664521791,3.678018039223087,3.198300854807641,3.5466728
226,c:\Users\astag\Documents\Master Thesis\Speech-Enhancement-PTQ-QAT-comparison\Code\noisy\p232_242.wav,1.723125,16000,4,1.5272448,2.804674,1.3278478,1.5913418214351251,2.763089383031303,1.5080782079757582,2.3347855
227,c:\Users\astag\Documents\Master Thesis\Speech-Enhancement-PTQ-QAT-comparison\Code\noisy\p232_244.wav,3.28725,16000,4,2.9597597,3.9787164,2.8774433,2.754607762596852,3.5331371777230935,3.1439732986175324,3.0824897
228,c:\Users\astag\Documents\Master Thesis\Speech-Enhancement-PTQ-QAT-comparison\Code\noisy\p232_252.wav,2.97,16000,2,3.1293106,4.0028377,2.9854796,2.874059773528147,3.546262331571705,3.233894162944956,3.151162
229,c:\Users\astag\Documents\Master Thesis\Speech-Enhancement-PTQ-QAT-comparison\Code\noisy\p232_254.wav,2.84,16000,2,2.8662279,3.9000664,2.7644491,2.687329953783581,3.4893284115870573,3.046138257469492,2.8391488
230,c:\Users\astag\Documents\Master Thesis\Speech-Enhancement-PTQ-QAT-comparison\Code\noisy\p232_231.wav,2.1906875,16000,8,2.8966007,3.9091508,2.8615403,2.7092314895652043,3.4943585770926764,3.130089756264692,3.1862738
231,c:\Users\astag\Documents\Master Thesis\Speech-Enhancement-PTQ-QAT-comparison\Code\noisy\p232_239.wav,1.861375,16000,5,3.408411,4.284538,3.3122258,3.061801384555995,3.6942329789824426,3.4890497284212585,3.1365886
232,c:\Users\astag\Documents\Master Thesis\Speech-Enhancement-PTQ-QAT-comparison\Code\noisy\p232_248.wav,3.350375,16000,4,3.4035754,3.9767084,3.5673494,3.0586210571988475,3.5319561418276386,3.668540190720278,3.5102222
233,c:\Users\astag\Documents\Master Thesis\Speech-Enhancement-PTQ-QAT-comparison\Code\noisy\p232_255.wav,2.7515625,16000,2,3.4747205,4.0791216,3.6271703,3.1049627794543824,3.5878928290255745,3.708333415559591,3.239593
234,c:\Users\astag\Documents\Master Thesis\Speech-Enhancement-PTQ-QAT-comparison\Code\noisy\p232_251.wav,3.33725,16000,4,3.5600572,4.211405,3.6037426,3.1594835581712646,3.6572743331009536,3.69256344583942,3.9704757
235,c:\Users\astag\Documents\Master Thesis\Speech-Enhancement-PTQ-QAT-comparison\Code\noisy\p232_235.wav,3.95875,16000,6,3.8094394,4.17532,4.0622754,3.31338001690176,3.638685298894162,3.967445179799627,4.0320473
236,c:\Users\astag\Documents\Master Thesis\Speech-Enhancement-PTQ-QAT-comparison\Code\noisy\p232_232.wav,4.28,16000,8,2.8531137,4.0926137,2.5199935,2.677775789840832,3.595164493123574,2.8228537070191955,3.3371942
237,c:\Users\astag\Documents\Master Thesis\Speech-Enhancement-PTQ-QAT-comparison\Code\noisy\p232_247.wav,1.7411875,16000,4,3.1802304,3.608535,3.7406757,2.9091132020806616,3.3172214181817115,3.7807438313640938,3.6482534
238,c:\Users\astag\Documents\Master Thesis\Speech-Enhancement-PTQ-QAT-comparison\Code\noisy\p232_260.wav,2.8565625,16000,2,2.55585,4.039194,2.2193117,2.454958277014032,3.5663897060348764,2.5265509725285042,2.8943486
239,c:\Users\astag\Documents\Master Thesis\Speech-Enhancement-PTQ-QAT-comparison\Code\noisy\p232_258.wav,2.75925,16000,2,2.7724004,3.8009787,2.7928717,2.618469589450074,3.4324314414372044,3.0710568930131856,3.4123254
240,c:\Users\astag\Documents\Master Thesis\Speech-Enhancement-PTQ-QAT-comparison\Code\noisy\p232_266.wav,2.3356875,16000,1,3.237067,4.2118096,3.0298338,2.947847327218888,3.6575658664477437,3.2707209566362585,3.1173093
241,c:\Users\astag\Documents\Master Thesis\Speech-Enhancement-PTQ-QAT-comparison\Code\noisy\p232_253.wav,3.027875,16000,3,2.9281538,4.201768,2.670234,2.732048498965433,3.6521369283527982,2.9618083935974293,2.8744268
242,c:\Users\astag\Documents\Master Thesis\Speech-Enhancement-PTQ-QAT-comparison\Code\noisy\p232_273.wav,2.5539375,16000,1,3.1186204,4.1768537,2.9177976,2.8666615616591082,3.639513894741234,3.1781748666196905,3.3379955
243,c:\Users\astag\Documents\Master Thesis\Speech-Enhancement-PTQ-QAT-comparison\Code\noisy\p232_263.wav,2.9283125,16000,2,2.03076,3.6176991,1.7104295,2.032175736428679,3.3228091229180254,1.9710417170413084,2.4630713
244,c:\Users\astag\Documents\Master Thesis\Speech-Enhancement-PTQ-QAT-comparison\Code\noisy\p232_276.wav,2.624625,16000,1,3.251604,4.234935,3.1308048,2.9576805508924857,3.6693953842214704,3.351294868430867,3.616797
245,c:\Users\astag\Documents\Master Thesis\Speech-Enhancement-PTQ-QAT-comparison\Code\noisy\p232_245.wav,2.1376875,16000,8,3.1346545,3.9292674,3.0555165,2.877697298624277,3.505474847107385,3.2909286097561377,2.7547593
246,c:\Users\astag\Documents\Master Thesis\Speech-Enhancement-PTQ-QAT-comparison\Code\noisy\p232_269.wav,2.9579375,16000,2,3.5310216,4.040031,3.7523584,3.1411248973901684,3.566879104778484,3.7881537695526073,3.7165346
247,c:\Users\astag\Documents\Master Thesis\Speech-Enhancement-PTQ-QAT-comparison\Code\noisy\p232_257.wav,1.749125,16000,4,3.4946628,4.2168427,3.4858904,3.1173770796304883,3.6598231522510805,3.612715073955583,2.9265008
248,c:\Users\astag\Documents\Master Thesis\Speech-Enhancement-PTQ-QAT-comparison\Code\noisy\p232_261.wav,3.1890625,16000,3,2.0650332,3.7227442,1.7291088,2.060621837510199,3.3859728058927705,1.992485215392185,2.8657084
249,c:\Users\astag\Documents\Master Thesis\Speech-Enhancement-PTQ-QAT-comparison\Code\noisy\p232_271.wav,2.983625,16000,2,3.1442313,3.7974124,3.385334,2.884337248890814,3.4303510337874235,3.5424003686283982,3.4360766
250,c:\Users\astag\Documents\Master Thesis\Speech-Enhancement-PTQ-QAT-comparison\Code\noisy\p232_278.wav,2.4678125,16000,1,3.5476298,4.023351,3.884628,3.1516985740508097,3.5578128939327573,3.8679962183204433,3.408773
251,c:\Users\astag\Documents\Master Thesis\Speech-Enhancement-PTQ-QAT-comparison\Code\noisy\p232_279.wav,2.3170625,16000,1,2.064888,3.4776773,1.8685386,2.0608367485771915,3.2353429446043838,2.1510095191789236,2.3980463
252,c:\Users\astag\Documents\Master Thesis\Speech-Enhancement-PTQ-QAT-comparison\Code\noisy\p232_270.wav,3.014875,16000,3,3.559266,4.123236,3.7066414,3.15900127043678,3.611421894838786,3.758681737131081,3.6882668
253,c:\Users\astag\Documents\Master Thesis\Speech-Enhancement-PTQ-QAT-comparison\Code\noisy\p232_243.wav,1.9116875,16000,6,2.993168,3.988246,3.0449522,2.7784298132067717,3.538424986959994,3.2823573612009684,3.283391
254,c:\Users\astag\Documents\Master Thesis\Speech-Enhancement-PTQ-QAT-comparison\Code\noisy\p232_264.wav,3.16275,16000,3,3.4877262,4.215363,3.4626799,3.113319075882751,3.6592796907323124,3.597089900439338,3.5214002
255,c:\Users\astag\Documents\Master Thesis\Speech-Enhancement-PTQ-QAT-comparison\Code\noisy\p232_284.wav,2.615875,16000,1,3.4577665,4.313333,3.3838058,3.0940548850956007,3.7088310815889414,3.5413956687792525,3.4216106
256,c:\Users\astag\Documents\Master Thesis\Speech-Enhancement-PTQ-QAT-comparison\Code\noisy\p232_274.wav,3.01125,16000,3,2.4840498,3.766215,2.228797,2.3993603985374787,3.412043667915956,2.5362658513870944,3.2036006
257,c:\Users\astag\Documents\Master Thesis\Speech-Enhancement-PTQ-QAT-comparison\Code\noisy\p232_275.wav,3.073625,16000,3,2.4069922,3.8897388,2.0969543,2.3383391395794817,3.483260673301938,2.3984643501725587,2.682307
258,c:\Users\astag\Documents\Master Thesis\Speech-Enhancement-PTQ-QAT-comparison\Code\noisy\p232_291.wav,2.286125,16000,1,3.319117,3.9250376,3.6143537,3.0029730635691654,3.503407027014339,3.699946997005359,3.3557563
259,c:\Users\astag\Documents\Master Thesis\Speech-Enhancement-PTQ-QAT-comparison\Code\noisy\p232_292.wav,2.49,16000,1,3.5229423,4.192998,3.465428,3.1359713898886157,3.6478766266923146,3.599129139803619,3.4053106
260,c:\Users\astag\Documents\Master Thesis\Speech-Enhancement-PTQ-QAT-comparison\Code\noisy\p232_277.wav,3.0454375,16000,3,3.4939783,4.072619,3.6187317,3.117358948422895,3.5844292458704463,3.7027254763031276,3.399864
261,c:\Users\astag\Documents\Master Thesis\Speech-Enhancement-PTQ-QAT-comparison\Code\noisy\p232_267.wav,3.336375,16000,4,1.4954495,2.2635608,1.4379214,1.5605206326489547,2.3224862869597582,1.6430973110005596,2.7389376
262,c:\Users\astag\Documents\Master Thesis\Speech-Enhancement-PTQ-QAT-comparison\Code\noisy\p232_280.wav,3.0670625,16000,3,2.7131903,4.1120486,2.3557193,2.5742667086819666,3.605205767756072,2.663928427646779,3.1995156
263,c:\Users\astag\Documents\Master Thesis\Speech-Enhancement-PTQ-QAT-comparison\Code\noisy\p232_256.wav,2.024625,16000,7,3.45674,4.1855636,3.4740958,3.0929890853144264,3.6434832387902305,3.6041617575932565,3.6138406
264,c:\Users\astag\Documents\Master Thesis\Speech-Enhancement-PTQ-QAT-comparison\Code\noisy\p232_259.wav,3.908,16000,6,3.5145988,3.9530547,3.7651272,3.130248506088399,3.518526359658551,3.7953161888185285,3.7069728
265,c:\Users\astag\Documents\Master Thesis\Speech-Enhancement-PTQ-QAT-comparison\Code\noisy\p232_265.wav,1.881,16000,6,3.1497428,4.280973,2.9471817,2.8881419236668004,3.692577034307581,3.2026144778754007,3.0814342
266,c:\Users\astag\Documents\Master Thesis\Speech-Enhancement-PTQ-QAT-comparison\Code\noisy\p232_281.wav,1.8443125,16000,5,2.345778,3.7624002,2.0927727,2.290183295463031,3.4097877932016076,2.3944736267883115,2.8760598
267,c:\Users\astag\Documents\Master Thesis\Speech-Enhancement-PTQ-QAT-comparison\Code\noisy\p232_288.wav,1.6778125,16000,4,3.267919,3.7345312,3.6393778,2.9684763857121053,3.3932959100083218,3.715234149609942,3.2220578
268,c:\Users\astag\Documents\Master Thesis\Speech-Enhancement-PTQ-QAT-comparison\Code\noisy\p232_268.wav,2.137375,16000,8,3.6138673,3.965181,4.0295424,3.1933319849836215,3.5256748887063374,3.9497533966004,3.6086948
269,c:\Users\astag\Documents\Master Thesis\Speech-Enhancement-PTQ-QAT-comparison\Code\noisy\p232_282.wav,3.5884375,16000,5,3.2232366,4.2890587,2.9504519,2.938253047898637,3.6967007818288566,3.2048774020462725,3.3033707
270,c:\Users\astag\Documents\Master Thesis\Speech-Enhancement-PTQ-QAT-comparison\Code\noisy\p232_301.wav,2.3813125,16000,1,3.0249808,4.1422644,2.8045979,2.801135254321554,3.6214492896619057,3.081310582212432,3.2877877
271,c:\Users\astag\Documents\Master Thesis\Speech-Enhancement-PTQ-QAT-comparison\Code\noisy\p232_295.wav,3.0771875,16000,3,2.255572,3.5335605,2.041848,2.217592648165613,3.270428970293509,2.3401457951448195,2.879385
272,c:\Users\astag\Documents\Master Thesis\Speech-Enhancement-PTQ-QAT-comparison\Code\noisy\p232_289.wav,3.27025,16000,4,3.7882566,4.142547,4.198107,3.3005722311225085,3.621552026719285,4.038428984614975,3.5510597
273,c:\Users\astag\Documents\Master Thesis\Speech-Enhancement-PTQ-QAT-comparison\Code\noisy\p232_283.wav,1.80125,16000,5,1.2810949,1.898385,1.2042873,1.3633459064218314,2.012016059253876,1.3502407381773154,2.5727258
274,c:\Users\astag\Documents\Master Thesis\Speech-Enhancement-PTQ-QAT-comparison\Code\noisy\p232_293.wav,3.4145,16000,4,2.8824232,4.0100904,2.6681318,2.69897494188284,3.5504930454073844,2.9593557215010255,3.0734818
275,c:\Users\astag\Documents\Master Thesis\Speech-Enhancement-PTQ-QAT-comparison\Code\noisy\p232_272.wav,2.078625,16000,7,3.1836243,4.048775,3.1766121,2.9113125312016472,3.5715117562453904,3.386622089673705,3.5786564
276,c:\Users\astag\Documents\Master Thesis\Speech-Enhancement-PTQ-QAT-comparison\Code\noisy\p232_298.wav,1.6003125,16000,3,2.7295296,3.746352,2.7619903,2.586472609631425,3.4003618948135212,3.0435943930363165,2.7406037
277,c:\Users\astag\Documents\Master Thesis\Speech-Enhancement-PTQ-QAT-comparison\Code\noisy\p232_309.wav,2.476375,16000,1,3.5931454,3.9144547,4.159876,3.1804780310258844,3.4974537559342487,4.019367188650939,3.7746882
278,c:\Users\astag\Documents\Master Thesis\Speech-Enhancement-PTQ-QAT-comparison\Code\noisy\p232_294.wav,3.4866875,16000,4,2.9859767,4.0338297,2.74325,2.772857552220933,3.563404709810151,3.025977889015261,3.4402966
279,c:\Users\astag\Documents\Master Thesis\Speech-Enhancement-PTQ-QAT-comparison\Code\noisy\p232_300.wav,1.53175,16000,3,3.0151024,4.1042967,2.7984946,2.7940968395268597,3.6013834306956998,3.0757942126940985,3.2488403
280,c:\Users\astag\Documents\Master Thesis\Speech-Enhancement-PTQ-QAT-comparison\Code\noisy\p232_290.wav,1.8731875,16000,5,3.1409316,3.8930678,3.2659965,2.8820370415101864,3.4849602213011166,3.4545995890224512,3.4606411
281,c:\Users\astag\Documents\Master Thesis\Speech-Enhancement-PTQ-QAT-comparison\Code\noisy\p232_305.wav,1.4545625,16000,2,2.6671014,3.8507342,2.5548797,2.539234001852554,3.46048621839347,2.855260632062497,2.347577
282,c:\Users\astag\Documents\Master Thesis\Speech-Enhancement-PTQ-QAT-comparison\Code\noisy\p232_310.wav,1.452,16000,2,3.0973017,3.686709,3.4208913,2.85184516061136,3.364518149491601,3.5669544647206193,3.2888923
283,c:\Users\astag\Documents\Master Thesis\Speech-Enhancement-PTQ-QAT-comparison\Code\noisy\p232_299.wav,1.694375,16000,4,3.3184073,4.0743513,3.3246524,3.0024717673328887,3.585311278148667,3.4984054840962067,3.5140157
284,c:\Users\astag\Documents\Master Thesis\Speech-Enhancement-PTQ-QAT-comparison\Code\noisy\p232_286.wav,2.2515,16000,9,2.5838304,3.7840004,2.4139416,2.475931508807671,3.4214829078922997,2.7206776854060863,2.7159734
285,c:\Users\astag\Documents\Master Thesis\Speech-Enhancement-PTQ-QAT-comparison\Code\noisy\p232_312.wav,2.770625,16000,2,2.8066182,3.7187796,2.9205477,2.643157206686138,3.383931820537028,3.1779910452882465,2.9391959
286,c:\Users\astag\Documents\Master Thesis\Speech-Enhancement-PTQ-QAT-comparison\Code\noisy\p232_287.wav,2.1556875,16000,8,2.514897,3.799897,2.2563634,2.4232379712463947,3.4316821137236806,2.564222594557794,2.5112484
287,c:\Users\astag\Documents\Master Thesis\Speech-Enhancement-PTQ-QAT-comparison\Code\noisy\p232_285.wav,2.1818125,16000,8,2.5383656,3.7468128,2.4459171,2.4409238614401763,3.39999117687963,2.751436772831184,2.9238865
288,c:\Users\astag\Documents\Master Thesis\Speech-Enhancement-PTQ-QAT-comparison\Code\noisy\p232_302.wav,1.6976875,16000,4,1.1260885,1.237731,1.0462308,1.216285563003718,1.3871411108559768,1.143310139628674,2.6625912
289,c:\Users\astag\Documents\Master Thesis\Speech-Enhancement-PTQ-QAT-comparison\Code\noisy\p232_317.wav,2.4048125,16000,1,3.5978177,4.181959,3.6158996,3.183416451130813,3.642163273061647,3.7009628981379983,3.7108786
290,c:\Users\astag\Documents\Master Thesis\Speech-Enhancement-PTQ-QAT-comparison\Code\noisy\p232_319.wav,2.4719375,16000,1,3.5126035,4.2241297,3.46945,3.12936056779412,3.6638792749246636,3.6019285614435717,3.3662355
291,c:\Users\astag\Documents\Master Thesis\Speech-Enhancement-PTQ-QAT-comparison\Code\noisy\p232_318.wav,2.390875,16000,1,3.1310458,3.8722312,3.326043,2.8752673420212607,3.4735143302195453,3.4994784955982126,3.7369099
292,c:\Users\astag\Documents\Master Thesis\Speech-Enhancement-PTQ-QAT-comparison\Code\noisy\p232_321.wav,2.5575625,16000,1,3.5670536,4.2131124,3.4868817,3.1640144784220654,3.658234650407184,3.6140126370955317,3.4810643
293,c:\Users\astag\Documents\Master Thesis\Speech-Enhancement-PTQ-QAT-comparison\Code\noisy\p232_322.wav,2.6694375,16000,1,2.7185922,3.8010037,2.485487,2.5784402792888863,3.432451885214711,2.790085025654274,3.139089
294,c:\Users\astag\Documents\Master Thesis\Speech-Enhancement-PTQ-QAT-comparison\Code\noisy\p232_315.wav,1.5388125,16000,3,2.9188983,3.971593,2.7370632,2.7251008496604023,3.5293200091682753,3.020825859390886,3.35136
295,c:\Users\astag\Documents\Master Thesis\Speech-Enhancement-PTQ-QAT-comparison\Code\noisy\p232_303.wav,3.672875,16000,5,1.034715,1.1249521,1.0647942,1.1277424891869072,1.2720724701283177,1.1680321016292563,2.6983707
296,c:\Users\astag\Documents\Master Thesis\Speech-Enhancement-PTQ-QAT-comparison\Code\noisy\p232_324.wav,2.5594375,16000,1,1.6460142,2.6596396,1.555353,1.698772914053851,2.658240247150998,1.7882356589855763,2.5660405
297,c:\Users\astag\Documents\Master Thesis\Speech-Enhancement-PTQ-QAT-comparison\Code\noisy\p232_327.wav,2.3825625,16000,1,2.9763422,4.08504,2.776894,2.7666311324587483,3.5911221469065717,3.0570906694496314,2.671392
298,c:\Users\astag\Documents\Master Thesis\Speech-Enhancement-PTQ-QAT-comparison\Code\noisy\p232_328.wav,2.6553125,16000,1,1.1617541,1.5624046,1.1784832,1.250598378468667,1.7077025924475888,1.31745217751385,2.7639506
299,c:\Users\astag\Documents\Master Thesis\Speech-Enhancement-PTQ-QAT-comparison\Code\noisy\p232_296.wav,2.172,16000,8,3.3114564,4.19902,3.222757,2.997786216314832,3.650944617934173,3.4219145998488516,3.2069151
300,c:\Users\astag\Documents\Master Thesis\Speech-Enhancement-PTQ-QAT-comparison\Code\noisy\p232_306.wav,1.796375,16000,5,1.2963715,1.7581192,1.3318717,1.376648618598495,1.883979642827266,1.5112586081088104,2.6712434
301,c:\Users\astag\Documents\Master Thesis\Speech-Enhancement-PTQ-QAT-comparison\Code\noisy\p232_331.wav,2.290625,16000,1,2.7881005,3.5660613,2.9921422,2.6300756614469303,3.290967998219191,3.239955257580698,3.603299
302,c:\Users\astag\Documents\Master Thesis\Speech-Enhancement-PTQ-QAT-comparison\Code\noisy\p232_297.wav,2.1638125,16000,8,3.7484212,4.100393,4.175948,3.2764530749485834,3.5990646441734446,4.02729404505733,3.509293
303,c:\Users\astag\Documents\Master Thesis\Speech-Enhancement-PTQ-QAT-comparison\Code\noisy\p232_316.wav,1.6316875,16000,4,2.5989337,3.8564625,2.3678243,2.487677761946089,3.464374552477675,2.6751967792547875,2.6829479
304,c:\Users\astag\Documents\Master Thesis\Speech-Enhancement-PTQ-QAT-comparison\Code\noisy\p232_307.wav,3.9125625,16000,6,1.6999207,2.751407,1.5292059,1.7431134692759056,2.706228819854021,1.7513829758211756,2.536477
305,c:\Users\astag\Documents\Master Thesis\Speech-Enhancement-PTQ-QAT-comparison\Code\noisy\p232_338.wav,2.3106875,16000,1,3.4459794,3.884422,3.9336548,3.086412814485543,3.48045690140945,3.8964185123069273,3.5516455
306,c:\Users\astag\Documents\Master Thesis\Speech-Enhancement-PTQ-QAT-comparison\Code\noisy\p232_336.wav,2.91425,16000,2,2.7297444,3.8099067,2.63797,2.5864072723105695,3.437228319176258,2.932197192005308,2.726998
307,c:\Users\astag\Documents\Master Thesis\Speech-Enhancement-PTQ-QAT-comparison\Code\noisy\p232_308.wav,2.0745625,16000,7,1.5746483,2.80402,1.4612702,1.6307184779119106,2.742122236200277,1.671341751637556,2.4063764
308,c:\Users\astag\Documents\Master Thesis\Speech-Enhancement-PTQ-QAT-comparison\Code\noisy\p232_314.wav,1.7798125,16000,5,2.9540725,3.8725827,2.852102,2.7505303414654056,3.4735940402807897,3.121593798576271,2.8980966
309,c:\Users\astag\Documents\Master Thesis\Speech-Enhancement-PTQ-QAT-comparison\Code\noisy\p232_337.wav,2.8546875,16000,2,3.5142574,4.188227,3.5242972,3.130416383347969,3.645397844986961,3.639655917973688,3.7314897
310,c:\Users\astag\Documents\Master Thesis\Speech-Enhancement-PTQ-QAT-comparison\Code\noisy\p232_341.wav,2.6,16000,1,3.0340548,3.9441462,3.0119073,2.8075368802538194,3.5141086141091704,3.256135171258949,3.289148
311,c:\Users\astag\Documents\Master Thesis\Speech-Enhancement-PTQ-QAT-comparison\Code\noisy\p232_342.wav,2.62275,16000,1,2.3446922,3.8096983,1.9268049,2.2894647853880756,3.4375099773155116,2.2156516771440002,2.8758435
312,c:\Users\astag\Documents\Master Thesis\Speech-Enhancement-PTQ-QAT-comparison\Code\noisy\p232_311.wav,2.0231875,16000,7,3.4031909,3.850555,3.8553793,3.058335862288821,3.4609478912250777,3.8503632555970664,3.4782178
313,c:\Users\astag\Documents\Master Thesis\Speech-Enhancement-PTQ-QAT-comparison\Code\noisy\p232_325.wav,1.757125,16000,5,3.0788412,3.8547244,3.137385,2.838850595302999,3.463306901333162,3.3562588789147627,2.8891976
314,c:\Users\astag\Documents\Master Thesis\Speech-Enhancement-PTQ-QAT-comparison\Code\noisy\p232_326.wav,1.6506875,16000,4,2.7126243,4.0617995,2.346859,2.5738070236254065,3.578602316965379,2.654878296771775,2.7454205
315,c:\Users\astag\Documents\Master Thesis\Speech-Enhancement-PTQ-QAT-comparison\Code\noisy\p232_334.wav,3.0804375,16000,3,3.0441825,4.0641603,2.844113,2.8146570151988506,3.5798700409702664,3.115391201076708,3.2784634
316,c:\Users\astag\Documents\Master Thesis\Speech-Enhancement-PTQ-QAT-comparison\Code\noisy\p232_320.wav,1.98125,16000,6,3.0227022,3.685896,3.204094,2.799374448564668,3.3637489002861085,3.4076043009436545,3.4603117
317,c:\Users\astag\Documents\Master Thesis\Speech-Enhancement-PTQ-QAT-comparison\Code\noisy\p232_340.wav,1.441125,16000,2,2.8673444,3.6162767,3.1224089,2.688142139888744,3.3219866965312406,3.3446714149204273,3.0301409
318,c:\Users\astag\Documents\Master Thesis\Speech-Enhancement-PTQ-QAT-comparison\Code\noisy\p232_349.wav,2.6585,16000,1,2.6996655,3.897413,2.441934,2.5642670789825504,3.4878276711821026,2.7482582758765735,2.762112
319,c:\Users\astag\Documents\Master Thesis\Speech-Enhancement-PTQ-QAT-comparison\Code\noisy\p232_348.wav,2.74525,16000,1,2.269004,3.740729,1.9304961,2.2286653535534713,3.3970381906500378,2.2197166760216325,2.7714765
320,c:\Users\astag\Documents\Master Thesis\Speech-Enhancement-PTQ-QAT-comparison\Code\noisy\p232_353.wav,2.4139375,16000,1,3.1621866,3.8782482,3.286115,2.8967434969037615,3.4769440644516667,3.469990111402445,3.406589
321,c:\Users\astag\Documents\Master Thesis\Speech-Enhancement-PTQ-QAT-comparison\Code\noisy\p232_313.wav,2.126125,16000,8,3.133926,4.077218,3.0134575,2.8771517736204655,3.5867103478013607,3.2571681933746954,3.4658818
322,c:\Users\astag\Documents\Master Thesis\Speech-Enhancement-PTQ-QAT-comparison\Code\noisy\p232_329.wav,1.9904375,16000,6,3.38517,3.7330763,3.9218395,3.046543452166501,3.3923130044072884,3.8892065387615076,3.4150226
323,c:\Users\astag\Documents\Master Thesis\Speech-Enhancement-PTQ-QAT-comparison\Code\noisy\p232_344.wav,1.5815625,16000,3,1.247213,1.7302393,1.2515225,1.3319804430585198,1.8659403820874132,1.4115872060245997,2.4572806
324,c:\Users\astag\Documents\Master Thesis\Speech-Enhancement-PTQ-QAT-comparison\Code\noisy\p232_350.wav,2.77,16000,2,3.4301734,3.6818795,4.1722593,3.076107529875667,3.3618476922260667,4.025587604273706,3.8001685
325,c:\Users\astag\Documents\Master Thesis\Speech-Enhancement-PTQ-QAT-comparison\Code\noisy\p232_323.wav,2.1223125,16000,7,2.2479312,3.7607048,1.9232796,2.211352029358452,3.408567478941349,2.2112827074489014,2.6989663
326,c:\Users\astag\Documents\Master Thesis\Speech-Enhancement-PTQ-QAT-comparison\Code\noisy\p232_360.wav,2.7328125,16000,1,2.8790007,3.9621103,2.686873,2.6966157386022287,3.5241133596519525,2.9769946313939593,3.7239861
327,c:\Users\astag\Documents\Master Thesis\Speech-Enhancement-PTQ-QAT-comparison\Code\noisy\p232_356.wav,2.962625,16000,2,3.0663948,4.2161803,2.7779102,2.830260660793823,3.659639596804431,3.0577561450159996,3.0417356
328,c:\Users\astag\Documents\Master Thesis\Speech-Enhancement-PTQ-QAT-comparison\Code\noisy\p232_332.wav,2.1443125,16000,8,3.0943627,3.8550496,3.1674073,2.8494482537452965,3.4632603137491857,3.379445989261552,3.3281422
329,c:\Users\astag\Documents\Master Thesis\Speech-Enhancement-PTQ-QAT-comparison\Code\noisy\p232_330.wav,2.2131875,16000,8,3.2932885,3.6449106,3.9613497,2.985554859015436,3.3388845920129087,3.911850323999115,3.6407764
330,c:\Users\astag\Documents\Master Thesis\Speech-Enhancement-PTQ-QAT-comparison\Code\noisy\p232_364.wav,2.47125,16000,1,2.3096764,3.615836,2.1250587,2.2614333273168077,3.3217165679549905,2.4289034836503847,2.808056
331,c:\Users\astag\Documents\Master Thesis\Speech-Enhancement-PTQ-QAT-comparison\Code\noisy\p232_354.wav,1.6853125,16000,4,2.9282172,3.9933891,2.8265514,2.7321374627732404,3.541400571081236,3.100211323621825,3.0842807
332,c:\Users\astag\Documents\Master Thesis\Speech-Enhancement-PTQ-QAT-comparison\Code\noisy\p232_355.wav,3.1075625,16000,3,3.0405617,4.2579474,2.7066805,2.8120523924731393,3.681026766514229,2.9945616512691284,3.6657703
333,c:\Users\astag\Documents\Master Thesis\Speech-Enhancement-PTQ-QAT-comparison\Code\noisy\p232_347.wav,3.2945625,16000,4,3.0124044,4.0321617,2.9267926,2.791644785901131,3.5623956862455928,3.184654530456552,3.352049
334,c:\Users\astag\Documents\Master Thesis\Speech-Enhancement-PTQ-QAT-comparison\Code\noisy\p232_359.wav,1.4725625,16000,2,3.5029385,4.0340757,3.775762,3.1231547061644642,3.5636480434727713,3.8025749154955855,3.404726
335,c:\Users\astag\Documents\Master Thesis\Speech-Enhancement-PTQ-QAT-comparison\Code\noisy\p232_362.wav,2.8750625,16000,2,3.3671007,4.119809,3.3275757,3.0347293054980513,3.6095190164676687,3.5005121737824956,3.5654788
336,c:\Users\astag\Documents\Master Thesis\Speech-Enhancement-PTQ-QAT-comparison\Code\noisy\p232_333.wav,1.995375,16000,6,2.9174616,3.7781823,2.93398,2.7241007667539634,3.418744251798115,3.1911035466485393,3.2294185
337,c:\Users\astag\Documents\Master Thesis\Speech-Enhancement-PTQ-QAT-comparison\Code\noisy\p232_351.wav,1.870125,16000,5,3.4111183,3.853173,3.7932045,3.06350197780622,3.4625648238895606,3.8119019628198325,3.32234
338,c:\Users\astag\Documents\Master Thesis\Speech-Enhancement-PTQ-QAT-comparison\Code\noisy\p232_343.wav,3.881125,16000,6,2.3862512,3.8970356,2.0225916,2.322334168674074,3.4874199154616554,2.3196592834907173,2.8944576
339,c:\Users\astag\Documents\Master Thesis\Speech-Enhancement-PTQ-QAT-comparison\Code\noisy\p232_358.wav,1.7389375,16000,4,3.640975,3.9793315,4.0936923,3.2103483138304885,3.5336116300537146,3.984585854831999,3.2307692
340,c:\Users\astag\Documents\Master Thesis\Speech-Enhancement-PTQ-QAT-comparison\Code\noisy\p232_346.wav,1.9528125,16000,6,3.3805716,4.0621686,3.39923,3.043587565764725,3.5787148814683056,3.5520956129238512,3.556976
341,c:\Users\astag\Documents\Master Thesis\Speech-Enhancement-PTQ-QAT-comparison\Code\noisy\p232_375.wav,2.5520625,16000,1,3.281344,4.2632895,3.052982,2.977708171269899,3.683777427540184,3.289430281324063,3.182613
342,c:\Users\astag\Documents\Master Thesis\Speech-Enhancement-PTQ-QAT-comparison\Code\noisy\p232_335.wav,2.0916875,16000,7,2.8288589,4.116512,2.5519679,2.6599209627778224,3.607784661537138,2.8526696285399376,2.7245998
343,c:\Users\astag\Documents\Master Thesis\Speech-Enhancement-PTQ-QAT-comparison\Code\noisy\p232_339.wav,1.96525,16000,6,3.2389097,3.7337744,3.6986215,2.948972059643014,3.392770189381306,3.753558077602738,2.930084
344,c:\Users\astag\Documents\Master Thesis\Speech-Enhancement-PTQ-QAT-comparison\Code\noisy\p232_352.wav,1.841125,16000,5,3.405908,4.106513,3.5536175,3.060223999342824,3.602411101069483,3.659405675641986,3.1471803
345,c:\Users\astag\Documents\Master Thesis\Speech-Enhancement-PTQ-QAT-comparison\Code\noisy\p232_363.wav,3.32625,16000,4,3.1573212,4.238473,2.8591018,2.8929350529056133,3.6710563315454734,3.127203245310689,3.447587
346,c:\Users\astag\Documents\Master Thesis\Speech-Enhancement-PTQ-QAT-comparison\Code\noisy\p232_379.wav,2.6593125,16000,1,3.402738,4.1582313,3.3412662,3.058216870400426,3.6298131284217705,3.510610934542824,3.7820132
347,c:\Users\astag\Documents\Master Thesis\Speech-Enhancement-PTQ-QAT-comparison\Code\noisy\p232_377.wav,2.9668125,16000,2,2.9224255,3.8883004,2.9374483,2.7279882134968316,3.482638296561528,3.1945365660356235,3.5187607
348,c:\Users\astag\Documents\Master Thesis\Speech-Enhancement-PTQ-QAT-comparison\Code\noisy\p232_374.wav,2.9183125,16000,2,3.3478441,4.33449,3.141365,3.022032806816803,3.7192924527318794,3.359406845310506,3.1914983
349,c:\Users\astag\Documents\Master Thesis\Speech-Enhancement-PTQ-QAT-comparison\Code\noisy\p232_380.wav,2.8225,16000,2,3.6093216,4.3135805,3.524122,3.190612852081655,3.708715337317872,3.6394249802343612,3.398657
350,c:\Users\astag\Documents\Master Thesis\Speech-Enhancement-PTQ-QAT-comparison\Code\noisy\p232_361.wav,1.93525,16000,6,3.5481355,4.11441,3.85195,3.1518683786837376,3.6066764791050896,3.848047494485506,3.4077113
351,c:\Users\astag\Documents\Master Thesis\Speech-Enhancement-PTQ-QAT-comparison\Code\noisy\p232_369.wav,3.2589375,16000,4,2.3620615,3.4399142,2.270592,2.3018112930579635,3.205503375606289,2.576459647539377,2.921963
352,c:\Users\astag\Documents\Master Thesis\Speech-Enhancement-PTQ-QAT-comparison\Code\noisy\p232_370.wav,1.6110625,16000,3,2.9949977,3.3132362,3.8449566,2.779890506428567,3.128355678324924,3.8442170938222624,3.63923
353,c:\Users\astag\Documents\Master Thesis\Speech-Enhancement-PTQ-QAT-comparison\Code\noisy\p232_373.wav,3.252375,16000,4,3.2150536,3.95578,3.290573,2.932766903630508,3.5204481559903456,3.4732542972375753,3.6134722
354,c:\Users\astag\Documents\Master Thesis\Speech-Enhancement-PTQ-QAT-comparison\Code\noisy\p232_367.wav,1.82725,16000,5,2.9150043,4.016986,2.8523679,2.7224761307129786,3.554053523504939,3.122203196515842,3.1719427
355,c:\Users\astag\Documents\Master Thesis\Speech-Enhancement-PTQ-QAT-comparison\Code\noisy\p232_388.wav,2.5320625,16000,1,1.447235,2.3007033,1.3906885,1.518645802349693,2.3695457099037114,1.5871386121809807,2.760935
356,c:\Users\astag\Documents\Master Thesis\Speech-Enhancement-PTQ-QAT-comparison\Code\noisy\p232_366.wav,1.976625,16000,6,2.970974,3.8476083,3.0643961,2.7621434689800037,3.4580090992252135,3.2983328127730354,3.4456418
357,c:\Users\astag\Documents\Master Thesis\Speech-Enhancement-PTQ-QAT-comparison\Code\noisy\p232_357.wav,2.2158125,16000,8,2.8476827,3.8485396,2.7303786,2.6736845529890525,3.4599198797715145,3.015408786256811,3.272834
358,c:\Users\astag\Documents\Master Thesis\Speech-Enhancement-PTQ-QAT-comparison\Code\noisy\p232_372.wav,3.37125,16000,4,3.0181615,3.7275205,3.1723695,2.795266816843568,3.3888810674243803,3.380821683966504,3.5958364
359,c:\Users\astag\Documents\Master Thesis\Speech-Enhancement-PTQ-QAT-comparison\Code\noisy\p232_371.wav,1.848875,16000,5,3.3905632,3.7864819,3.8109028,3.0499603582585686,3.423841004274405,3.8230194358741914,3.30545
360,c:\Users\astag\Documents\Master Thesis\Speech-Enhancement-PTQ-QAT-comparison\Code\noisy\p232_385.wav,3.006875,16000,3,2.8229866,4.0375457,2.5921085,2.655699028567309,3.565502793981704,2.8902179799964194,3.1779938
361,c:\Users\astag\Documents\Master Thesis\Speech-Enhancement-PTQ-QAT-comparison\Code\noisy\p232_365.wav,2.223,16000,8,2.1719785,3.3592792,2.0617764,2.149504678243211,3.1583871157616055,2.361891256283291,2.773291
362,c:\Users\astag\Documents\Master Thesis\Speech-Enhancement-PTQ-QAT-comparison\Code\noisy\p232_368.wav,1.98775,16000,6,2.6972055,3.7991683,2.5296335,2.5623794689332016,3.4313388485568708,2.8318026829087954,2.9403088
363,c:\Users\astag\Documents\Master Thesis\Speech-Enhancement-PTQ-QAT-comparison\Code\noisy\p232_378.wav,3.5509375,16000,5,2.5284295,3.653752,2.4415753,2.4334971258287634,3.3443670846450266,2.7471901241452263,2.8840284
364,c:\Users\astag\Documents\Master Thesis\Speech-Enhancement-PTQ-QAT-comparison\Code\noisy\p232_400.wav,2.6826875,16000,1,3.1879668,3.4704685,3.9720113,2.9144234382473715,3.2307481525024384,3.9182136563121155,3.458429
365,c:\Users\astag\Documents\Master Thesis\Speech-Enhancement-PTQ-QAT-comparison\Code\noisy\p232_387.wav,3.003375,16000,3,3.3886077,4.282765,3.2517102,3.0489110811971774,3.693569282871662,3.443856617058961,3.1886103
366,c:\Users\astag\Documents\Master Thesis\Speech-Enhancement-PTQ-QAT-comparison\Code\noisy\p232_383.wav,1.674625,16000,4,3.2171602,4.273519,3.0271978,2.934326497438156,3.6888250850344644,3.268457905338339,3.0203166
367,c:\Users\astag\Documents\Master Thesis\Speech-Enhancement-PTQ-QAT-comparison\Code\noisy\p232_404.wav,2.4820625,16000,1,3.1111248,3.7801592,3.2980485,2.8614600173653764,3.420273964075209,3.47884751033016,3.2506099
368,c:\Users\astag\Documents\Master Thesis\Speech-Enhancement-PTQ-QAT-comparison\Code\noisy\p232_392.wav,3.221,16000,3,3.4957688,3.9972122,3.8198128,3.118339426452792,3.5430921370403734,3.8286731530810485,3.4844391
369,c:\Users\astag\Documents\Master Thesis\Speech-Enhancement-PTQ-QAT-comparison\Code\noisy\p232_384.wav,1.75975,16000,5,2.6067977,3.8269649,2.484689,2.493875589516427,3.4473500856467703,2.7891000090727744,2.71604
370,c:\Users\astag\Documents\Master Thesis\Speech-Enhancement-PTQ-QAT-comparison\Code\noisy\p232_398.wav,2.9759375,16000,2,2.884135,4.0604277,2.5961568,2.70033163806138,3.5778814374713637,2.894058213222973,3.2884302
371,c:\Users\astag\Documents\Master Thesis\Speech-Enhancement-PTQ-QAT-comparison\Code\noisy\p232_394.wav,3.1860625,16000,3,3.2727125,4.052738,3.2514293,2.971818334887391,3.5736634812939543,3.443856609010464,3.4151382
372,c:\Users\astag\Documents\Master Thesis\Speech-Enhancement-PTQ-QAT-comparison\Code\noisy\p232_405.wav,2.54225,16000,1,3.2318108,4.053399,3.2811394,2.944284890329987,3.574117252223258,3.466286047196999,3.6286795
373,c:\Users\astag\Documents\Master Thesis\Speech-Enhancement-PTQ-QAT-comparison\Code\noisy\p232_397.wav,3.059875,16000,3,3.3976219,4.1675863,3.3069441,3.054818143130792,3.6346890928805493,3.485307969728788,3.4141445
374,c:\Users\astag\Documents\Master Thesis\Speech-Enhancement-PTQ-QAT-comparison\Code\noisy\p232_382.wav,1.898125,16000,6,3.3161106,3.9574175,3.5276058,3.00085090932232,3.5212933862470037,3.641730542162703,3.401101
375,c:\Users\astag\Documents\Master Thesis\Speech-Enhancement-PTQ-QAT-comparison\Code\noisy\p232_393.wav,3.2763125,16000,4,3.5845175,3.9269247,4.0813828,3.174925167034477,3.5040414465063034,3.978106189477903,3.4501233
376,c:\Users\astag\Documents\Master Thesis\Speech-Enhancement-PTQ-QAT-comparison\Code\noisy\p232_413.wav,2.269375,16000,1,3.2891023,3.6825597,3.8705387,2.982913187757245,3.362282848399451,3.8597111050053687,3.2837787
377,c:\Users\astag\Documents\Master Thesis\Speech-Enhancement-PTQ-QAT-comparison\Code\noisy\p232_390.wav,1.8426875,16000,5,2.0451825,2.8383815,1.9116373,2.038793379798121,2.778563451474762,2.190801218274937,2.5960412
378,c:\Users\astag\Documents\Master Thesis\Speech-Enhancement-PTQ-QAT-comparison\Code\noisy\p232_381.wav,2.0355,16000,7,3.2254276,4.121596,3.191387,2.9397248657732256,3.6103434076315764,3.398101616038097,3.1614654
379,c:\Users\astag\Documents\Master Thesis\Speech-Enhancement-PTQ-QAT-comparison\Code\noisy\p232_407.wav,1.4880625,16000,2,1.19537,1.6205447,1.2786803,1.2825652961018985,1.7613324269234663,1.4461005484700369,2.2871351
380,c:\Users\astag\Documents\Master Thesis\Speech-Enhancement-PTQ-QAT-comparison\Code\noisy\p232_386.wav,2.2434375,16000,8,1.1487488,1.3981224,1.1074653,1.237912800145828,1.546104489224677,1.224342004035251,2.5206218
381,c:\Users\astag\Documents\Master Thesis\Speech-Enhancement-PTQ-QAT-comparison\Code\noisy\p232_391.wav,1.822,16000,5,3.2392318,3.5878289,3.8552296,2.94922682452925,3.3043447077424815,3.850550574317404,3.2791278
382,c:\Users\astag\Documents\Master Thesis\Speech-Enhancement-PTQ-QAT-comparison\Code\noisy\p232_396.wav,1.8471875,16000,5,3.234075,4.086095,3.1931102,2.945759785926861,3.5915241939331586,3.399587224353053,3.1736207
383,c:\Users\astag\Documents\Master Thesis\Speech-Enhancement-PTQ-QAT-comparison\Code\noisy\p232_415.wav,2.8041875,16000,2,1.7370194,2.9665666,1.5730152,1.7766403665312989,2.8749868304573507,1.806102332246421,2.4674778
384,c:\Users\astag\Documents\Master Thesis\Speech-Enhancement-PTQ-QAT-comparison\Code\noisy\p232_410.wav,3.2346875,16000,3,3.1780927,3.967769,3.1624353,2.907463952377327,3.527158816938519,3.37390911063633,3.2375739
385,c:\Users\astag\Documents\Master Thesis\Speech-Enhancement-PTQ-QAT-comparison\Code\noisy\p257_003.wav,5.5214375,16000,2,2.9488456,4.254342,2.5736623,2.746798551733918,3.6791947168557773,2.87281425786332,3.0992548
386,c:\Users\astag\Documents\Master Thesis\Speech-Enhancement-PTQ-QAT-comparison\Code\noisy\p232_389.wav,2.104375,16000,7,2.9034233,3.9127462,2.8725376,2.7139399965917206,3.4964428329585706,3.138571542261274,2.658341
387,c:\Users\astag\Documents\Master Thesis\Speech-Enhancement-PTQ-QAT-comparison\Code\noisy\p257_010.wav,2.3696875,16000,1,3.0913978,3.7214615,3.33457,2.847734283260327,3.3855890479514654,3.5057216510815334,3.0875707
388,c:\Users\astag\Documents\Master Thesis\Speech-Enhancement-PTQ-QAT-comparison\Code\noisy\p257_002.wav,2.776125,16000,2,3.1656146,3.7247841,3.4059522,2.898806955979376,3.386965252346825,3.557214849562155,3.2068782
389,c:\Users\astag\Documents\Master Thesis\Speech-Enhancement-PTQ-QAT-comparison\Code\noisy\p257_011.wav,5.107875,16000,1,3.44062,3.722726,4.1267557,3.082931888235939,3.386342392019023,4.002208840409734,3.072601
390,c:\Users\astag\Documents\Master Thesis\Speech-Enhancement-PTQ-QAT-comparison\Code\noisy\p232_402.wav,1.7801875,16000,5,2.6995537,3.696029,2.703179,2.564142571592908,3.3702215030044242,2.9915164935645526,2.9564157
391,c:\Users\astag\Documents\Master Thesis\Speech-Enhancement-PTQ-QAT-comparison\Code\noisy\p232_412.wav,3.3504375,16000,4,3.121467,4.1440325,2.9379885,2.8685626817607983,3.622231455723555,3.194865020125514,3.424535
392,c:\Users\astag\Documents\Master Thesis\Speech-Enhancement-PTQ-QAT-comparison\Code\noisy\p257_008.wav,5.583125,16000,2,2.276166,3.872197,1.8643465,2.234403679032827,3.47346903429352,2.146242426486901,2.7680683
393,c:\Users\astag\Documents\Master Thesis\Speech-Enhancement-PTQ-QAT-comparison\Code\noisy\p257_015.wav,4.6928125,16000,1,4.0561047,4.2888293,4.447063,3.4572789715441523,3.6966161781955833,4.156036411247801,3.6354008
394,c:\Users\astag\Documents\Master Thesis\Speech-Enhancement-PTQ-QAT-comparison\Code\noisy\p257_016.wav,5.34825,16000,1,3.5081215,3.8783963,4.088631,3.1264901741245272,3.4770283823409907,3.9821002558596597,3.30934
395,c:\Users\astag\Documents\Master Thesis\Speech-Enhancement-PTQ-QAT-comparison\Code\noisy\p232_414.wav,1.7395,16000,4,2.7804074,3.869318,2.5544033,2.6242354081606463,3.471844292016152,2.8544688240306653,2.7012076
396,c:\Users\astag\Documents\Master Thesis\Speech-Enhancement-PTQ-QAT-comparison\Code\noisy\p257_022.wav,4.8556875,16000,1,3.1203275,4.147521,2.8780575,2.8678451119804005,3.624207577386693,3.144553903860469,3.0366945
397,c:\Users\astag\Documents\Master Thesis\Speech-Enhancement-PTQ-QAT-comparison\Code\noisy\p257_024.wav,4.6851875,16000,1,3.7292469,4.207975,3.9227474,3.264862434752149,3.6555955589051066,3.8901498978000735,3.6375344
398,c:\Users\astag\Documents\Master Thesis\Speech-Enhancement-PTQ-QAT-comparison\Code\noisy\p232_399.wav,2.2413125,16000,8,2.7042658,3.8721218,2.4969382,2.567649195075267,3.473079197461321,2.8002007565038647,2.599735
399,c:\Users\astag\Documents\Master Thesis\Speech-Enhancement-PTQ-QAT-comparison\Code\noisy\p257_013.wav,3.1381875,16000,3,1.0230471,1.1986284,1.0885965,1.1163345379755376,1.346600465171553,1.19963987016483,2.5342748
400,c:\Users\astag\Documents\Master Thesis\Speech-Enhancement-PTQ-QAT-comparison\Code\noisy\p257_025.wav,2.74175,16000,1,3.4087005,3.8882115,3.6974337,3.0621197404435665,3.482609862719639,3.753651628889874,3.3778017
401,c:\Users\astag\Documents\Master Thesis\Speech-Enhancement-PTQ-QAT-comparison\Code\noisy\p257_017.wav,2.871,16000,2,3.2247143,3.8206577,3.3988805,2.9394107151420323,3.44365002867118,3.5520722209318216,2.8316615
402,c:\Users\astag\Documents\Master Thesis\Speech-Enhancement-PTQ-QAT-comparison\Code\noisy\p257_019.wav,5.52025,16000,2,3.4110465,4.130411,3.3505294,3.0635828759095842,3.614929653328703,3.5171331549297067,3.3154912
403,c:\Users\astag\Documents\Master Thesis\Speech-Enhancement-PTQ-QAT-comparison\Code\noisy\p257_009.wav,3.452625,16000,4,1.0103645,1.0605857,1.0314748,1.1039695250474681,1.205525089396169,1.1236641736676205,2.418174
404,c:\Users\astag\Documents\Master Thesis\Speech-Enhancement-PTQ-QAT-comparison\Code\noisy\p257_007.wav,3.3976875,16000,4,2.42683,3.9004078,2.0911129,2.354528667185828,3.489518149865199,2.3929813741548265,2.7642145
405,c:\Users\astag\Documents\Master Thesis\Speech-Enhancement-PTQ-QAT-comparison\Code\noisy\p232_403.wav,2.1508125,16000,8,3.6313221,4.270593,3.613684,3.203778402046919,3.6873439606800544,3.696750377426444,2.8353221
406,c:\Users\astag\Documents\Master Thesis\Speech-Enhancement-PTQ-QAT-comparison\Code\noisy\p257_004.wav,3.6314375,16000,5,2.7717478,3.7268066,2.7827692,2.617601558541941,3.3883984099134126,3.06116288277056,2.9270687
407,c:\Users\astag\Documents\Master Thesis\Speech-Enhancement-PTQ-QAT-comparison\Code\noisy\p257_012.wav,3.4575625,16000,4,3.5325446,4.3906336,3.3394094,3.141831864126012,3.7466827928447577,3.5081092134112213,2.960444
408,c:\Users\astag\Documents\Master Thesis\Speech-Enhancement-PTQ-QAT-comparison\Code\noisy\p257_031.wav,1.3136875,16000,1,2.126634,2.9989038,2.1769557,2.1122003351553547,2.9112213556951243,2.4830172490684324,2.6045918
409,c:\Users\astag\Documents\Master Thesis\Speech-Enhancement-PTQ-QAT-comparison\Code\noisy\p232_411.wav,2.113125,16000,7,3.3058033,3.643949,3.974889,2.9935764412500805,3.3386197624389644,3.91882625630375,3.5286212
410,c:\Users\astag\Documents\Master Thesis\Speech-Enhancement-PTQ-QAT-comparison\Code\noisy\p232_409.wav,4.09,16000,7,2.5566838,3.9496365,2.2698257,2.4555944043544358,3.5171212027840184,2.5779651203290315,2.8666708
411,c:\Users\astag\Documents\Master Thesis\Speech-Enhancement-PTQ-QAT-comparison\Code\noisy\p257_030.wav,2.8905625,16000,2,3.0627851,4.055003,2.86017,2.8269561656387845,3.574934371198604,3.1273220272409086,2.822753
412,c:\Users\astag\Documents\Master Thesis\Speech-Enhancement-PTQ-QAT-comparison\Code\noisy\p257_020.wav,3.4194375,16000,4,2.9289944,4.0013895,2.8019269,2.732283593922959,3.5457250895417136,3.0776095426760044,2.902018
413,c:\Users\astag\Documents\Master Thesis\Speech-Enhancement-PTQ-QAT-comparison\Code\noisy\p257_001.wav,2.2195625,16000,8,3.4368408,3.8448756,3.8422048,3.0803029842742977,3.457700259385585,3.8420770558814783,3.4409032
414,c:\Users\astag\Documents\Master Thesis\Speech-Enhancement-PTQ-QAT-comparison\Code\noisy\p257_039.wav,2.6615625,16000,1,3.623535,4.0264854,3.9308987,3.199537251024342,3.5595206605050005,3.8948374973070417,3.344457
415,c:\Users\astag\Documents\Master Thesis\Speech-Enhancement-PTQ-QAT-comparison\Code\noisy\p257_006.wav,4.2745,16000,8,3.4075496,4.1377726,3.4235644,3.060831527878276,3.6187592264519663,3.565239564057574,3.3534505
416,c:\Users\astag\Documents\Master Thesis\Speech-Enhancement-PTQ-QAT-comparison\Code\noisy\p257_040.wav,2.6685,16000,1,3.2869382,4.2436385,3.080701,2.9814621174766147,3.673824441814039,3.3116481836879426,3.0041444
417,c:\Users\astag\Documents\Master Thesis\Speech-Enhancement-PTQ-QAT-comparison\Code\noisy\p257_014.wav,3.6924375,16000,5,3.8425584,4.1662273,4.219264,3.332992036187909,3.6339477003114418,4.047245542659942,3.2730737
418,c:\Users\astag\Documents\Master Thesis\Speech-Enhancement-PTQ-QAT-comparison\Code\noisy\p257_027.wav,3.0175,16000,3,3.1799495,4.002702,3.0763454,2.908854650777755,3.5463934119701044,3.307998884597234,3.340475
419,c:\Users\astag\Documents\Master Thesis\Speech-Enhancement-PTQ-QAT-comparison\Code\noisy\p257_032.wav,3.025625,16000,3,3.2666342,4.2706666,3.1445017,2.96748433949919,3.6873274023994376,3.36172217155641,2.7861469
420,c:\Users\astag\Documents\Master Thesis\Speech-Enhancement-PTQ-QAT-comparison\Code\noisy\p257_037.wav,1.4550625,16000,2,3.0860906,3.6457553,3.4668794,2.844032564585299,3.339901132085287,3.599707832560457,3.006608
421,c:\Users\astag\Documents\Master Thesis\Speech-Enhancement-PTQ-QAT-comparison\Code\noisy\p257_047.wav,2.694,16000,1,3.3340538,4.312217,3.0722911,3.012910325663884,3.70827705606203,3.3049286327693546,2.8804862
422,c:\Users\astag\Documents\Master Thesis\Speech-Enhancement-PTQ-QAT-comparison\Code\noisy\p257_018.wav,4.418625,16000,8,3.607633,4.111043,3.7766342,3.18949213587479,3.604861521810332,3.8024816309685443,3.446858
423,c:\Users\astag\Documents\Master Thesis\Speech-Enhancement-PTQ-QAT-comparison\Code\noisy\p257_035.wav,3.28025,16000,4,3.5433233,3.9113488,4.0624466,3.148769079720799,3.495539775104708,3.967646662759794,3.2245834
424,c:\Users\astag\Documents\Master Thesis\Speech-Enhancement-PTQ-QAT-comparison\Code\noisy\p257_028.wav,1.83675,16000,5,2.754813,3.8268619,2.5922406,2.605322371739171,3.4473657252496843,2.89039148060888,2.8511815
425,c:\Users\astag\Documents\Master Thesis\Speech-Enhancement-PTQ-QAT-comparison\Code\noisy\p257_023.wav,8.214375,16000,7,3.5834415,4.1490097,3.6914067,3.1738132624707953,3.624725573492514,3.7444387508097434,3.6001604
426,c:\Users\astag\Documents\Master Thesis\Speech-Enhancement-PTQ-QAT-comparison\Code\noisy\p257_026.wav,1.758875,16000,5,3.351335,3.9990845,3.5652726,3.0242613963384843,3.5443000796130493,3.6670869320450175,2.8136477
427,c:\Users\astag\Documents\Master Thesis\Speech-Enhancement-PTQ-QAT-comparison\Code\noisy\p257_033.wav,1.759375,16000,5,1.3588221,1.8137732,1.3689191,1.4354146166910593,1.9376395796681827,1.5580075118892995,2.4485087
428,c:\Users\astag\Documents\Master Thesis\Speech-Enhancement-PTQ-QAT-comparison\Code\noisy\p257_038.wav,3.269,16000,4,3.2946458,4.0697594,3.3106766,2.986492482370629,3.5828586700344376,3.487430704027741,3.2285972
429,c:\Users\astag\Documents\Master Thesis\Speech-Enhancement-PTQ-QAT-comparison\Code\noisy\p257_053.wav,2.538625,16000,1,2.6897564,3.7910218,2.517964,2.5568272756303605,3.426629299940784,2.820949656282242,2.6965826
430,c:\Users\astag\Documents\Master Thesis\Speech-Enhancement-PTQ-QAT-comparison\Code\noisy\p257_051.wav,2.9038125,16000,2,3.5821319,4.039669,3.8681831,3.1734182787194802,3.5666486619054147,3.8575557573481096,3.042976
431,c:\Users\astag\Documents\Master Thesis\Speech-Enhancement-PTQ-QAT-comparison\Code\noisy\p257_049.wav,3.148875,16000,3,2.5614133,3.799527,2.393658,2.459132080924891,3.4314332036076762,2.7009112444898165,2.9078953
432,c:\Users\astag\Documents\Master Thesis\Speech-Enhancement-PTQ-QAT-comparison\Code\noisy\p257_041.wav,1.7115625,16000,4,3.2433631,4.0234084,3.26429,2.952061936771566,3.557774746501789,3.4533610319346506,2.7543168
433,c:\Users\astag\Documents\Master Thesis\Speech-Enhancement-PTQ-QAT-comparison\Code\noisy\p257_055.wav,2.4968125,16000,1,3.4544458,3.7951977,4.024163,3.09190385633294,3.4290672061552976,3.9472259127714153,3.162275
434,c:\Users\astag\Documents\Master Thesis\Speech-Enhancement-PTQ-QAT-comparison\Code\noisy\p257_046.wav,1.5413125,16000,3,3.121742,3.5332365,3.811101,2.868762544890359,3.2703452618068116,3.82324136115099,3.341441
435,c:\Users\astag\Documents\Master Thesis\Speech-Enhancement-PTQ-QAT-comparison\Code\noisy\p257_029.wav,2.125,16000,8,2.6492975,4.112895,2.28919,2.526189640425089,3.60570712727145,2.597108002217548,2.5662124
436,c:\Users\astag\Documents\Master Thesis\Speech-Enhancement-PTQ-QAT-comparison\Code\noisy\p257_036.wav,1.7859375,16000,5,3.0122128,3.3207436,3.7877464,2.7918764843358437,3.1331044553897813,3.8095465225978336,3.0968468
437,c:\Users\astag\Documents\Master Thesis\Speech-Enhancement-PTQ-QAT-comparison\Code\noisy\p257_045.wav,1.625,16000,4,2.9265742,3.3608942,3.3944216,2.730574111524981,3.1593682827312124,3.547642757566098,2.9404182
438,c:\Users\astag\Documents\Master Thesis\Speech-Enhancement-PTQ-QAT-comparison\Code\noisy\p257_034.wav,1.9104375,16000,6,1.8115687,2.5813227,1.7123481,1.830508992151941,2.5506281804742197,1.9490776646354326,2.5452754
439,c:\Users\astag\Documents\Master Thesis\Speech-Enhancement-PTQ-QAT-comparison\Code\noisy\p257_062.wav,2.4329375,16000,1,2.7172282,4.0060625,2.4319468,2.577420474205152,3.5483631176741475,2.7385963425038393,3.0394435
440,c:\Users\astag\Documents\Master Thesis\Speech-Enhancement-PTQ-QAT-comparison\Code\noisy\p257_042.wav,1.839875,16000,5,1.7833531,2.6106403,1.8534027,1.816909684206255,2.6121979726464324,2.1272281154434913,2.4289248
441,c:\Users\astag\Documents\Master Thesis\Speech-Enhancement-PTQ-QAT-comparison\Code\noisy\p257_044.wav,1.793875,16000,5,2.964827,3.607772,3.337254,2.758159995609456,3.3166682885118552,3.5069079453699024,3.4538581
442,c:\Users\astag\Documents\Master Thesis\Speech-Enhancement-PTQ-QAT-comparison\Code\noisy\p257_048.wav,1.6824375,16000,4,2.9057443,3.827403,2.8854814,2.715386120709538,3.4461202743809,3.1505637863334925,3.1504107
443,c:\Users\astag\Documents\Master Thesis\Speech-Enhancement-PTQ-QAT-comparison\Code\noisy\p257_065.wav,2.5888125,16000,1,3.2001143,3.962766,3.3217173,2.9227229128201393,3.524477485742691,3.4963041246065196,3.0545285
444,c:\Users\astag\Documents\Master Thesis\Speech-Enhancement-PTQ-QAT-comparison\Code\noisy\p257_056.wav,1.4705,16000,2,3.1617396,3.7082205,3.5405705,2.8964319564169756,3.377575307169492,3.6505502421550586,2.8194675
445,c:\Users\astag\Documents\Master Thesis\Speech-Enhancement-PTQ-QAT-comparison\Code\noisy\p257_057.wav,2.9156875,16000,2,3.571909,4.0025053,3.9771256,3.167017476023638,3.546397668499608,3.919876612167295,3.01398
446,c:\Users\astag\Documents\Master Thesis\Speech-Enhancement-PTQ-QAT-comparison\Code\noisy\p257_070.wav,2.3895,16000,1,1.2158788,1.5817722,1.1676006,1.3022651422869413,1.7262337650042225,1.3033020679398306,2.3236468
447,c:\Users\astag\Documents\Master Thesis\Speech-Enhancement-PTQ-QAT-comparison\Code\noisy\p257_066.wav,2.71,16000,1,2.8937318,4.117563,2.5797198,2.707293851102475,3.6084256481445585,2.878873526987913,3.1782796
448,c:\Users\astag\Documents\Master Thesis\Speech-Enhancement-PTQ-QAT-comparison\Code\noisy\p257_073.wav,2.4585625,16000,1,2.855319,4.029909,2.5937734,2.6793881885435247,3.561384249632845,2.891914789666519,2.7176259
449,c:\Users\astag\Documents\Master Thesis\Speech-Enhancement-PTQ-QAT-comparison\Code\noisy\p257_069.wav,2.7894375,16000,2,1.9042535,3.5053544,1.6471866,1.9247846520108707,3.2528661486332773,1.8972647707750532,2.3955975
450,c:\Users\astag\Documents\Master Thesis\Speech-Enhancement-PTQ-QAT-comparison\Code\noisy\p257_043.wav,2.0773125,16000,7,3.0762825,4.0574317,2.929548,2.8370797916549466,3.576259342084198,3.187382390515551,3.2679698
451,c:\Users\astag\Documents\Master Thesis\Speech-Enhancement-PTQ-QAT-comparison\Code\noisy\p257_060.wav,1.64,16000,4,3.4358616,3.9697976,3.6663098,3.079751442033717,3.5281753995914094,3.7334485661308943,2.8925815
452,c:\Users\astag\Documents\Master Thesis\Speech-Enhancement-PTQ-QAT-comparison\Code\noisy\p257_050.wav,1.9214375,16000,6,1.675553,3.0431223,1.5694623,1.72383357134048,2.9375749651622414,1.803434371251911,2.3946822
453,c:\Users\astag\Documents\Master Thesis\Speech-Enhancement-PTQ-QAT-comparison\Code\noisy\p257_052.wav,2.03,16000,7,2.7192268,3.7182791,2.7748108,2.5788221514192897,3.383678180281691,3.0547418431253304,2.8291452
454,c:\Users\astag\Documents\Master Thesis\Speech-Enhancement-PTQ-QAT-comparison\Code\noisy\p257_078.wav,3.1721875,16000,3,3.1139343,3.7055728,3.4503524,2.863286358845438,3.3758531034925703,3.5878945402419027,3.0312862
455,c:\Users\astag\Documents\Master Thesis\Speech-Enhancement-PTQ-QAT-comparison\Code\noisy\p257_079.wav,2.82125,16000,2,3.9500618,4.4219866,3.9195209,3.3963992048581844,3.7617679747122805,3.888289473049942,3.2110765
456,c:\Users\astag\Documents\Master Thesis\Speech-Enhancement-PTQ-QAT-comparison\Code\noisy\p257_059.wav,3.7281875,16000,5,3.4715886,4.16636,3.4300418,3.1026083097300243,3.6338184785046854,3.5732660769969384,3.2736783
457,c:\Users\astag\Documents\Master Thesis\Speech-Enhancement-PTQ-QAT-comparison\Code\noisy\p257_067.wav,1.7540625,16000,5,2.69451,3.6813805,2.677665,2.559907330829452,3.3612204291521373,2.9683494302048077,3.0846963
458,c:\Users\astag\Documents\Master Thesis\Speech-Enhancement-PTQ-QAT-comparison\Code\noisy\p257_054.wav,2.1591875,16000,8,2.0184934,3.113702,2.0128672,2.0213371243297398,2.990054940101348,2.308984806334584,2.496628
459,c:\Users\astag\Documents\Master Thesis\Speech-Enhancement-PTQ-QAT-comparison\Code\noisy\p257_074.wav,1.71075,16000,4,1.0953248,1.3427746,1.1890049,1.1862119113868146,1.4887044529873332,1.3302459727525884,2.6027286
460,c:\Users\astag\Documents\Master Thesis\Speech-Enhancement-PTQ-QAT-comparison\Code\noisy\p257_076.wav,1.724,16000,4,3.4359722,3.8383203,4.0295568,3.0798506510613906,3.453810795163543,3.949894432298828,2.8257613
461,c:\Users\astag\Documents\Master Thesis\Speech-Enhancement-PTQ-QAT-comparison\Code\noisy\p257_071.wav,3.7060625,16000,5,3.2002258,3.7268295,3.43304,2.922274043905612,3.3874798584892174,3.5763211479016705,3.0903106
462,c:\Users\astag\Documents\Master Thesis\Speech-Enhancement-PTQ-QAT-comparison\Code\noisy\p257_085.wav,2.526125,16000,1,3.5844724,4.312576,3.5477214,3.1750157469224556,3.7084551246730286,3.655561059833069,3.1774178
463,c:\Users\astag\Documents\Master Thesis\Speech-Enhancement-PTQ-QAT-comparison\Code\noisy\p257_082.wav,2.96525,16000,2,2.4022586,3.6522946,2.0777202,2.3351574036702347,3.343893079215188,2.378915546363388,2.714959
464,c:\Users\astag\Documents\Master Thesis\Speech-Enhancement-PTQ-QAT-comparison\Code\noisy\p257_063.wav,2.0545,16000,7,3.3737805,3.9424155,3.5084069,3.039076269196991,3.5130838249852725,3.6278347948391167,2.8586214
465,c:\Users\astag\Documents\Master Thesis\Speech-Enhancement-PTQ-QAT-comparison\Code\noisy\p257_058.wav,1.928375,16000,6,3.3658516,4.1860595,3.353421,3.0338591458369293,3.6441613017393166,3.519284900103663,2.8693113
466,c:\Users\astag\Documents\Master Thesis\Speech-Enhancement-PTQ-QAT-comparison\Code\noisy\p257_061.wav,2.067875,16000,7,1.3909762,1.9584311,1.1784303,1.4665374435606136,2.072769725107576,1.3172724040690371,2.8141804
467,c:\Users\astag\Documents\Master Thesis\Speech-Enhancement-PTQ-QAT-comparison\Code\noisy\p257_072.wav,1.8449375,16000,5,3.4047668,4.299988,3.191239,3.0593398000598806,3.702067536821884,3.3976243302349247,2.7893326
468,c:\Users\astag\Documents\Master Thesis\Speech-Enhancement-PTQ-QAT-comparison\Code\noisy\p257_087.wav,2.5653125,16000,1,2.8709242,4.068156,2.6202195,2.6907489517483447,3.5820688888607037,2.9163148787960074,2.9081852
469,c:\Users\astag\Documents\Master Thesis\Speech-Enhancement-PTQ-QAT-comparison\Code\noisy\p257_084.wav,2.883125,16000,2,4.0397463,4.424595,4.227167,3.447676428288536,3.762441734616017,4.053338317725596,3.4056933
470,c:\Users\astag\Documents\Master Thesis\Speech-Enhancement-PTQ-QAT-comparison\Code\noisy\p257_068.wav,1.982375,16000,6,3.5019608,4.047474,3.5958931,3.1224952277720313,3.5708786057189257,3.687110197862412,3.2118595
471,c:\Users\astag\Documents\Master Thesis\Speech-Enhancement-PTQ-QAT-comparison\Code\noisy\p257_075.wav,1.979125,16000,6,3.584287,3.8598106,4.263949,3.17471689745379,3.4661871542351625,4.071071560689487,3.2304657
472,c:\Users\astag\Documents\Master Thesis\Speech-Enhancement-PTQ-QAT-comparison\Code\noisy\p257_094.wav,2.26,16000,1,1.3114516,1.8820734,1.2626371,1.3925295865897884,2.0055051021779877,1.425820134359628,2.7478938
473,c:\Users\astag\Documents\Master Thesis\Speech-Enhancement-PTQ-QAT-comparison\Code\noisy\p257_080.wav,3.48425,16000,4,2.9789834,3.942298,2.945188,2.768465927996551,3.512913073441061,3.200568284522054,3.1249146
474,c:\Users\astag\Documents\Master Thesis\Speech-Enhancement-PTQ-QAT-comparison\Code\noisy\p257_096.wav,2.57,16000,1,3.7788792,4.0299983,4.4041905,3.295011265605393,3.5614327597037208,4.137013035499583,3.344661
475,c:\Users\astag\Documents\Master Thesis\Speech-Enhancement-PTQ-QAT-comparison\Code\noisy\p257_089.wav,2.8898125,16000,2,2.8503246,4.0617766,2.621882,2.6754486665923896,3.5785657462040175,2.9170392707505046,2.712723
476,c:\Users\astag\Documents\Master Thesis\Speech-Enhancement-PTQ-QAT-comparison\Code\noisy\p257_097.wav,2.71175,16000,1,3.6574428,4.085046,3.991823,3.2206555300512387,3.5911252069119706,3.929319382616291,3.029795
477,c:\Users\astag\Documents\Master Thesis\Speech-Enhancement-PTQ-QAT-comparison\Code\noisy\p257_099.wav,2.7181875,16000,1,3.8150632,4.2156534,3.9420094,3.316780944096941,3.6595383506145525,3.9011988441919456,3.2007973
478,c:\Users\astag\Documents\Master Thesis\Speech-Enhancement-PTQ-QAT-comparison\Code\noisy\p257_092.wav,2.8,16000,2,2.5799863,3.6645916,2.5325027,2.473481656903,3.351413177213179,2.834517739969246,2.703341
479,c:\Users\astag\Documents\Master Thesis\Speech-Enhancement-PTQ-QAT-comparison\Code\noisy\p257_064.wav,2.061875,16000,7,2.9610667,3.7053828,3.0747592,2.7557168068954923,3.375947650968677,3.3068081067635924,3.0361907
480,c:\Users\astag\Documents\Master Thesis\Speech-Enhancement-PTQ-QAT-comparison\Code\noisy\p257_086.wav,1.5746875,16000,3,2.8490746,3.45733,3.390556,2.674570661279223,3.221903636467022,3.545880402093651,3.4670496
481,c:\Users\astag\Documents\Master Thesis\Speech-Enhancement-PTQ-QAT-comparison\Code\noisy\p257_102.wav,2.5924375,16000,1,1.8554434,2.9960656,1.6144575,1.8827660832933886,2.9091852060487473,1.8586757270972247,2.6383183
482,c:\Users\astag\Documents\Master Thesis\Speech-Enhancement-PTQ-QAT-comparison\Code\noisy\p257_106.wav,2.5695,16000,1,3.3594518,4.1910267,3.2201657,3.029738115222012,3.6468578683015442,3.4203646263559517,3.0820875
483,c:\Users\astag\Documents\Master Thesis\Speech-Enhancement-PTQ-QAT-comparison\Code\noisy\p257_100.wav,1.4645625,16000,2,2.8554258,3.7370794,2.8745637,2.6794644915698425,3.394673354979676,3.1410501319601325,3.206954
484,c:\Users\astag\Documents\Master Thesis\Speech-Enhancement-PTQ-QAT-comparison\Code\noisy\p257_111.wav,2.4321875,16000,1,3.201872,4.16406,2.9826035,2.9239222800196067,3.6328557546174958,3.232110031749015,2.9422936
485,c:\Users\astag\Documents\Master Thesis\Speech-Enhancement-PTQ-QAT-comparison\Code\noisy\p257_081.wav,1.9499375,16000,6,1.8627883,2.7024012,1.8399342,1.8856349858120254,2.6830915352745106,2.1118230721108926,2.6239042
486,c:\Users\astag\Documents\Master Thesis\Speech-Enhancement-PTQ-QAT-comparison\Code\noisy\p257_088.wav,3.301,16000,4,2.7850018,4.131559,2.4448094,2.627649367363494,3.615735495627762,2.750638092437218,2.9656348
487,c:\Users\astag\Documents\Master Thesis\Speech-Enhancement-PTQ-QAT-comparison\Code\noisy\p257_077.wav,2.12,16000,7,2.971286,3.7403278,3.1281154,2.763010695993759,3.396783938652613,3.349091524600772,3.1559799
488,c:\Users\astag\Documents\Master Thesis\Speech-Enhancement-PTQ-QAT-comparison\Code\noisy\p257_093.wav,1.6510625,16000,4,2.4367535,3.7814922,2.1735656,2.3620431062187537,3.4199096091697108,2.4791663302921467,2.3297997
489,c:\Users\astag\Documents\Master Thesis\Speech-Enhancement-PTQ-QAT-comparison\Code\noisy\p257_083.wav,2.2256875,16000,8,3.3212502,3.6751213,3.8110883,3.004231301964858,3.3574861367732844,3.823910580833858,3.157249
490,c:\Users\astag\Documents\Master Thesis\Speech-Enhancement-PTQ-QAT-comparison\Code\noisy\p257_095.wav,3.4439375,16000,4,3.8586757,4.123913,4.3638883,3.3427552481631833,3.611739073809377,4.118628467012048,3.535229
491,c:\Users\astag\Documents\Master Thesis\Speech-Enhancement-PTQ-QAT-comparison\Code\noisy\p257_110.wav,1.595375,16000,3,1.4481764,2.2092502,1.49409,1.517266708447905,2.2816215920437837,1.711784806629515,2.5511055
492,c:\Users\astag\Documents\Master Thesis\Speech-Enhancement-PTQ-QAT-comparison\Code\noisy\p257_090.wav,1.886,16000,6,1.0260519,1.1653016,1.0533543,1.119171386868209,1.3118697717098098,1.1528317962531127,2.228929
493,c:\Users\astag\Documents\Master Thesis\Speech-Enhancement-PTQ-QAT-comparison\Code\noisy\p257_114.wav,1.6243125,16000,3,1.0938659,1.3278459,1.1335069,1.1851276562552626,1.4773991779408693,1.258635313548307,2.3015425
494,c:\Users\astag\Documents\Master Thesis\Speech-Enhancement-PTQ-QAT-comparison\Code\noisy\p257_091.wav,1.913625,16000,6,3.161931,3.811331,3.39182,2.895801838982772,3.437939720145723,3.5455874647732415,3.1311386
495,c:\Users\astag\Documents\Master Thesis\Speech-Enhancement-PTQ-QAT-comparison\Code\noisy\p257_107.wav,1.914625,16000,6,2.8963263,3.908392,2.6936305,2.708704989424879,3.4938411061788375,2.982242508564099,2.8851404
496,c:\Users\astag\Documents\Master Thesis\Speech-Enhancement-PTQ-QAT-comparison\Code\noisy\p257_098.wav,2.06,16000,7,2.6746614,3.325709,3.0624146,2.5454503187936153,3.136493581170158,3.2969369447309207,2.7028253
497,c:\Users\astag\Documents\Master Thesis\Speech-Enhancement-PTQ-QAT-comparison\Code\noisy\p257_122.wav,1.477625,16000,2,2.4743056,3.7467387,2.2391262,2.391733070725174,3.4002407230539182,2.546850653581103,2.5238197
498,c:\Users\astag\Documents\Master Thesis\Speech-Enhancement-PTQ-QAT-comparison\Code\noisy\p257_103.wav,1.9989375,16000,6,3.263937,3.889292,3.4871256,2.96587662961225,3.4831475643329495,3.6136090190276526,2.9820042
499,c:\Users\astag\Documents\Master Thesis\Speech-Enhancement-PTQ-QAT-comparison\Code\noisy\p257_101.wav,4.3046875,16000,8,3.0966437,4.0405188,2.935764,2.8507865470797187,3.5663006753316595,3.192709012555515,2.9005399
500,c:\Users\astag\Documents\Master Thesis\Speech-Enhancement-PTQ-QAT-comparison\Code\noisy\p257_120.wav,1.4125,16000,2,3.0695353,4.1699324,2.7153716,2.8324448355380722,3.635867694958065,3.0025820604602624,2.7693036
501,c:\Users\astag\Documents\Master Thesis\Speech-Enhancement-PTQ-QAT-comparison\Code\noisy\p257_113.wav,1.69925,16000,4,2.8136654,3.7911894,2.727165,2.6484650342704277,3.426043430439655,3.0123117549326883,2.71737
502,c:\Users\astag\Documents\Master Thesis\Speech-Enhancement-PTQ-QAT-comparison\Code\noisy\p257_116.wav,3.3111875,16000,4,3.7987268,4.03535,4.3935637,3.3067812206568354,3.564212784486859,4.131907407308287,3.2680736
503,c:\Users\astag\Documents\Master Thesis\Speech-Enhancement-PTQ-QAT-comparison\Code\noisy\p257_104.wav,2.1141875,16000,7,3.7715256,4.0921082,4.351645,3.2904549644631063,3.5947296882129676,4.112865196027885,3.2019632
504,c:\Users\astag\Documents\Master Thesis\Speech-Enhancement-PTQ-QAT-comparison\Code\noisy\p257_105.wav,1.9666875,16000,6,2.9917843,3.4999304,3.5226698,2.777271219940418,3.2486545836809557,3.638275293756392,3.350436
505,c:\Users\astag\Documents\Master Thesis\Speech-Enhancement-PTQ-QAT-comparison\Code\noisy\p257_128.wav,2.648625,16000,1,3.1991665,4.169154,3.1369061,2.9220761253800114,3.6355101443600213,3.356077687493303,3.171198
506,c:\Users\astag\Documents\Master Thesis\Speech-Enhancement-PTQ-QAT-comparison\Code\noisy\p257_126.wav,2.351125,16000,1,3.6457396,4.3068967,3.6865826,3.2133841739452014,3.7056323783583838,3.7467404264010717,3.1869588
507,c:\Users\astag\Documents\Master Thesis\Speech-Enhancement-PTQ-QAT-comparison\Code\noisy\p257_129.wav,2.5416875,16000,1,1.1695136,1.6970508,1.1173236,1.258029795696891,1.8352305642862148,1.2375245892577813,2.508724
508,c:\Users\astag\Documents\Master Thesis\Speech-Enhancement-PTQ-QAT-comparison\Code\noisy\p257_133.wav,2.476,16000,1,2.4772713,3.7270389,2.1789916,2.394095801434065,3.388909610637349,2.485125607130851,2.579278
509,c:\Users\astag\Documents\Master Thesis\Speech-Enhancement-PTQ-QAT-comparison\Code\noisy\p257_108.wav,2.2325,16000,8,2.7812335,3.7253397,2.7016892,2.6244387406302607,3.3874811471450377,2.9898286827641276,2.6232464
510,c:\Users\astag\Documents\Master Thesis\Speech-Enhancement-PTQ-QAT-comparison\Code\noisy\p257_118.wav,3.528625,16000,5,3.2640433,3.944622,3.3808293,2.9656362242686294,3.5141367523579925,3.5377953025372504,3.0434186
511,c:\Users\astag\Documents\Master Thesis\Speech-Enhancement-PTQ-QAT-comparison\Code\noisy\p257_121.wav,3.30075,16000,4,2.8811874,3.9743183,2.6409867,2.6979430683326626,3.530624989419749,2.9347850258505845,2.9697235
512,c:\Users\astag\Documents\Master Thesis\Speech-Enhancement-PTQ-QAT-comparison\Code\noisy\p257_109.wav,2.1146875,16000,7,2.5710914,3.5502944,2.5730557,2.466636137028017,3.281060977452861,2.8724347673814044,2.747122
513,c:\Users\astag\Documents\Master Thesis\Speech-Enhancement-PTQ-QAT-comparison\Code\noisy\p257_112.wav,2.1338125,16000,8,3.227344,4.198045,3.0713232,2.9407053692258365,3.650407944331064,3.302489338755796,2.8395402
514,c:\Users\astag\Documents\Master Thesis\Speech-Enhancement-PTQ-QAT-comparison\Code\noisy\p257_119.wav,1.966125,16000,6,3.1585753,3.515753,3.7490282,2.8938262901655745,3.259080260127,3.785218881060296,3.1407945
515,c:\Users\astag\Documents\Master Thesis\Speech-Enhancement-PTQ-QAT-comparison\Code\noisy\p257_127.wav,3.0273125,16000,3,3.309377,4.2239056,3.0569012,2.996438228851662,3.663762070305147,3.2923224118973757,2.9685047
516,c:\Users\astag\Documents\Master Thesis\Speech-Enhancement-PTQ-QAT-comparison\Code\noisy\p257_132.wav,3.1329375,16000,3,3.312208,3.93794,3.456872,2.9983574679956564,3.510627588844134,3.593026670163919,3.0563037
517,c:\Users\astag\Documents\Master Thesis\Speech-Enhancement-PTQ-QAT-comparison\Code\noisy\p257_131.wav,1.5006875,16000,3,3.0766952,4.0104923,2.9944239,2.837455049152522,3.550745372317206,3.241751517670472,2.7426474
518,c:\Users\astag\Documents\Master Thesis\Speech-Enhancement-PTQ-QAT-comparison\Code\noisy\p257_130.wav,3.171,16000,3,1.1254543,1.3831797,1.1261002,1.2153151024565194,1.5290135031881142,1.2485259415378416,2.3753836
519,c:\Users\astag\Documents\Master Thesis\Speech-Enhancement-PTQ-QAT-comparison\Code\noisy\p257_115.wav,2.2206875,16000,8,3.2623866,3.5309029,4.0776114,2.9639754911439438,3.2681171072261432,3.9749664236831075,3.479036
520,c:\Users\astag\Documents\Master Thesis\Speech-Enhancement-PTQ-QAT-comparison\Code\noisy\p257_124.wav,1.7503125,16000,5,3.2464778,3.8360124,3.5112538,2.9536714148283765,3.452392897963611,3.6292016186125844,3.0263987
521,c:\Users\astag\Documents\Master Thesis\Speech-Enhancement-PTQ-QAT-comparison\Code\noisy\p257_143.wav,2.5205625,16000,1,1.1228079,1.5129069,1.1349531,1.213175500637551,1.6600562287341605,1.2606650831601156,2.365099
522,c:\Users\astag\Documents\Master Thesis\Speech-Enhancement-PTQ-QAT-comparison\Code\noisy\p257_149.wav,2.47675,16000,1,2.6551318,3.7013974,2.614739,2.5307267706076546,3.3736003089892503,2.9112734835344996,2.665042
523,c:\Users\astag\Documents\Master Thesis\Speech-Enhancement-PTQ-QAT-comparison\Code\noisy\p257_151.wav,2.355875,16000,1,1.2238666,1.6443657,1.1545879,1.3098565651435834,1.7856932809461052,1.2863412903450353,2.1523638
524,c:\Users\astag\Documents\Master Thesis\Speech-Enhancement-PTQ-QAT-comparison\Code\noisy\p257_117.wav,2.2353125,16000,8,3.3639777,4.078865,3.4198766,3.0324648178418405,3.5875006414392288,3.5667807930944093,3.148901
525,c:\Users\astag\Documents\Master Thesis\Speech-Enhancement-PTQ-QAT-comparison\Code\noisy\p257_144.wav,2.7993125,16000,2,3.3674202,3.796611,3.7286687,3.034680918314489,3.4291695663165327,3.773255036607599,2.9774818
526,c:\Users\astag\Documents\Master Thesis\Speech-Enhancement-PTQ-QAT-comparison\Code\noisy\p257_123.wav,2.2165,16000,8,3.3006046,3.6167872,3.958683,2.990098235551474,3.3218828913225207,3.909992088407527,3.2009792
527,c:\Users\astag\Documents\Master Thesis\Speech-Enhancement-PTQ-QAT-comparison\Code\noisy\p257_125.wav,1.91,16000,6,3.0045319,3.7176094,3.2085066,2.7866080710030467,3.3832390549696902,3.4114144292372113,2.5439024
528,c:\Users\astag\Documents\Master Thesis\Speech-Enhancement-PTQ-QAT-comparison\Code\noisy\p257_135.wav,3.480875,16000,4,2.6225197,3.9097552,2.3273828,2.5054465937410058,3.4942199662206797,2.634636697726866,2.728596
529,c:\Users\astag\Documents\Master Thesis\Speech-Enhancement-PTQ-QAT-comparison\Code\noisy\p257_156.wav,2.3245,16000,1,3.5790732,3.8947513,4.1827216,3.171610136288331,3.486319789127083,4.0310343889654385,3.263048
530,c:\Users\astag\Documents\Master Thesis\Speech-Enhancement-PTQ-QAT-comparison\Code\noisy\p257_147.wav,3.03425,16000,3,2.7786148,3.615821,2.874487,2.622915464093665,3.321635929302108,3.140668516480081,3.1073189
531,c:\Users\astag\Documents\Master Thesis\Speech-Enhancement-PTQ-QAT-comparison\Code\noisy\p257_139.wav,1.764125,16000,5,3.1545334,3.8648963,3.2689404,2.8913495540544814,3.469289582632835,3.456387472988471,2.731995
532,c:\Users\astag\Documents\Master Thesis\Speech-Enhancement-PTQ-QAT-comparison\Code\noisy\p257_145.wav,3.370625,16000,4,3.4322317,4.1533194,3.477164,3.0774047467030097,3.627109701144244,3.606288929756664,3.2343125
533,c:\Users\astag\Documents\Master Thesis\Speech-Enhancement-PTQ-QAT-comparison\Code\noisy\p257_142.wav,3.7466875,16000,5,2.8220432,4.1401234,2.5215936,2.6549126056992107,3.6202484162484394,2.823908924835507,3.0034468
534,c:\Users\astag\Documents\Master Thesis\Speech-Enhancement-PTQ-QAT-comparison\Code\noisy\p257_160.wav,2.51975,16000,1,3.4968934,4.093767,3.601208,3.1192875201457873,3.5957827738150216,3.6912828044335324,2.9726129
535,c:\Users\astag\Documents\Master Thesis\Speech-Enhancement-PTQ-QAT-comparison\Code\noisy\p257_137.wav,1.968875,16000,6,3.3672924,3.9174538,3.5594008,3.0348444733328788,3.4989892750153904,3.6632709079482435,3.178482
536,c:\Users\astag\Documents\Master Thesis\Speech-Enhancement-PTQ-QAT-comparison\Code\noisy\p257_158.wav,1.4356875,16000,2,2.678637,3.0785334,3.647151,2.5484191660499205,2.9677777671608694,3.72102343963348,3.1441944
537,c:\Users\astag\Documents\Master Thesis\Speech-Enhancement-PTQ-QAT-comparison\Code\noisy\p257_152.wav,1.5698125,16000,3,2.9177587,3.685172,3.0933697,2.724471316804927,3.3634691983664293,3.320413843551521,2.8121479
538,c:\Users\astag\Documents\Master Thesis\Speech-Enhancement-PTQ-QAT-comparison\Code\noisy\p257_138.wav,1.963625,16000,6,3.3610895,3.8136997,3.9054878,3.0307250990796413,3.4398227130909285,3.879111916074302,3.1186762
539,c:\Users\astag\Documents\Master Thesis\Speech-Enhancement-PTQ-QAT-comparison\Code\noisy\p257_140.wav,1.88,16000,6,2.513361,3.2568862,2.6730144,2.4221441295964694,3.0906272548385902,2.964342985431889,3.037495
540,c:\Users\astag\Documents\Master Thesis\Speech-Enhancement-PTQ-QAT-comparison\Code\noisy\p257_136.wav,2.2118125,16000,8,3.9212658,4.1603594,4.496342,3.3794840461676223,3.6306752298912874,4.177267315348653,3.427624
541,c:\Users\astag\Documents\Master Thesis\Speech-Enhancement-PTQ-QAT-comparison\Code\noisy\p257_166.wav,2.275875,16000,1,2.9488308,4.1021214,2.692441,2.746972872056573,3.6002322805378886,2.9820106830502926,2.6271946
542,c:\Users\astag\Documents\Master Thesis\Speech-Enhancement-PTQ-QAT-comparison\Code\noisy\p257_157.wav,3.104375,16000,3,3.8651936,4.234571,4.182285,3.3465810905761333,3.66919708192937,4.030352368457119,3.4854577
543,c:\Users\astag\Documents\Master Thesis\Speech-Enhancement-PTQ-QAT-comparison\Code\noisy\p257_167.wav,2.709125,16000,1,2.5172582,3.7116807,2.4150965,2.4251864033474893,3.379753206207645,2.722235602284236,2.607173
544,c:\Users\astag\Documents\Master Thesis\Speech-Enhancement-PTQ-QAT-comparison\Code\noisy\p257_169.wav,2.526375,16000,1,2.772373,4.062819,2.5219967,2.618449449140383,3.579197396454591,2.8247629145017217,2.7798347
545,c:\Users\astag\Documents\Master Thesis\Speech-Enhancement-PTQ-QAT-comparison\Code\noisy\p257_148.wav,1.850875,16000,5,3.5376735,4.04672,3.6152358,3.145087314522712,3.570285906073604,3.6996063605299576,3.0086498
546,c:\Users\astag\Documents\Master Thesis\Speech-Enhancement-PTQ-QAT-comparison\Code\noisy\p257_154.wav,3.320125,16000,4,1.3055607,1.8690274,1.2171338,1.3866447698833972,1.988215646709635,1.3667541076156142,2.5405612
547,c:\Users\astag\Documents\Master Thesis\Speech-Enhancement-PTQ-QAT-comparison\Code\noisy\p257_172.wav,2.362875,16000,1,3.0468073,4.1319494,2.9628372,2.8165148718993427,3.616023312826745,3.2157766064045648,2.8779898
548,c:\Users\astag\Documents\Master Thesis\Speech-Enhancement-PTQ-QAT-comparison\Code\noisy\p257_174.wav,2.3610625,16000,1,3.0259902,4.0843887,2.8816588,2.8018479753154018,3.590773780351934,3.1476178277232116,2.8911064
549,c:\Users\astag\Documents\Master Thesis\Speech-Enhancement-PTQ-QAT-comparison\Code\noisy\p257_173.wav,2.3560625,16000,1,3.0402558,4.2211137,2.7252116,2.8119052547773165,3.6623360838642114,3.0113672357214134,2.761871
550,c:\Users\astag\Documents\Master Thesis\Speech-Enhancement-PTQ-QAT-comparison\Code\noisy\p257_141.wav,2.109125,16000,7,3.3295572,4.3002534,3.1480572,3.0095578776783567,3.7022717422816744,3.3638095659405627,2.9116876
551,c:\Users\astag\Documents\Master Thesis\Speech-Enhancement-PTQ-QAT-comparison\Code\noisy\p257_162.wav,3.0154375,16000,3,2.8399973,3.9513187,2.6035416,2.667077728956805,3.5170962303803788,2.899601474996406,2.8871555
552,c:\Users\astag\Documents\Master Thesis\Speech-Enhancement-PTQ-QAT-comparison\Code\noisy\p257_177.wav,2.6513125,16000,1,3.7170942,4.034128,4.1765513,3.25742956691342,3.563678065120319,4.027896811204686,3.2804656
553,c:\Users\astag\Documents\Master Thesis\Speech-Enhancement-PTQ-QAT-comparison\Code\noisy\p257_146.wav,2.048875,16000,7,2.0003839,2.5904884,2.2823274,2.0042256083170273,2.596515657876308,2.584482065870295,3.1568909
554,c:\Users\astag\Documents\Master Thesis\Speech-Enhancement-PTQ-QAT-comparison\Code\noisy\p257_182.wav,2.2905,16000,1,2.8446786,3.7120223,2.808723,2.6716229786419743,3.379957327474308,3.0848996639298307,2.7924566
555,c:\Users\astag\Documents\Master Thesis\Speech-Enhancement-PTQ-QAT-comparison\Code\noisy\p257_150.wav,2.1505625,16000,8,1.2825052,1.914562,1.2631501,1.3601909621399106,1.9943813669313708,1.4189296945903183,2.3893151
556,c:\Users\astag\Documents\Master Thesis\Speech-Enhancement-PTQ-QAT-comparison\Code\noisy\p257_168.wav,3.157125,16000,3,3.1525795,3.9856312,3.03275,2.8901078679754,3.5370705837163876,3.2722002972215187,3.1362102
557,c:\Users\astag\Documents\Master Thesis\Speech-Enhancement-PTQ-QAT-comparison\Code\noisy\p257_164.wav,3.41725,16000,4,3.6327028,4.049977,4.009347,3.20481851570851,3.5719479397769485,3.938329341287474,3.3688002
558,c:\Users\astag\Documents\Master Thesis\Speech-Enhancement-PTQ-QAT-comparison\Code\noisy\p257_159.wav,1.762625,16000,5,3.0334663,3.6972365,3.3290126,2.807095018177279,3.370988353130463,3.501089664444764,2.771649
559,c:\Users\astag\Documents\Master Thesis\Speech-Enhancement-PTQ-QAT-comparison\Code\noisy\p257_165.wav,1.7328125,16000,4,3.2087789,3.5320904,3.9355764,2.9285404006171576,3.269649103207647,3.8973917423284625,3.2246609
560,c:\Users\astag\Documents\Master Thesis\Speech-Enhancement-PTQ-QAT-comparison\Code\noisy\p257_153.wav,2.1375,16000,8,2.989392,4.0633063,2.7650588,2.7757892642940925,3.579284773142049,3.0464715094952632,2.7918086
561,c:\Users\astag\Documents\Master Thesis\Speech-Enhancement-PTQ-QAT-comparison\Code\noisy\p257_155.wav,2.074875,16000,7,2.5798862,3.9540355,2.2669253,2.4733144518764165,3.519481444805706,2.5746217291026583,2.5527508
562,c:\Users\astag\Documents\Master Thesis\Speech-Enhancement-PTQ-QAT-comparison\Code\noisy\p257_175.wav,3.3665625,16000,4,1.0969225,1.3172967,1.139076,1.187986249397257,1.4661834946181207,1.2659526620492028,2.1351802
563,c:\Users\astag\Documents\Master Thesis\Speech-Enhancement-PTQ-QAT-comparison\Code\noisy\p257_183.wav,1.6146875,16000,3,1.7715155,2.6631615,1.7345,1.8097060781390588,2.6604489061765038,1.9987685667032504,2.3171804
564,c:\Users\astag\Documents\Master Thesis\Speech-Enhancement-PTQ-QAT-comparison\Code\noisy\p257_178.wav,3.30425,16000,4,3.6031673,4.0135355,4.0523224,3.1867086495057872,3.55239171589389,3.9624448075214667,3.5130022
565,c:\Users\astag\Documents\Master Thesis\Speech-Enhancement-PTQ-QAT-comparison\Code\noisy\p257_184.wav,3.147625,16000,3,3.6310174,3.9714448,3.975482,3.203792963342938,3.5288515556899385,3.9196588029508006,3.6064713
566,c:\Users\astag\Documents\Master Thesis\Speech-Enhancement-PTQ-QAT-comparison\Code\noisy\p257_194.wav,2.633,16000,1,2.7036967,3.8765702,2.5380409,2.567289892141234,3.475988204405842,2.839891024703252,2.5933516
567,c:\Users\astag\Documents\Master Thesis\Speech-Enhancement-PTQ-QAT-comparison\Code\noisy\p257_193.wav,2.5588125,16000,1,2.701746,3.9168725,2.5805757,2.5658273883395166,3.4988155137683212,2.87966928244056,2.6910763
568,c:\Users\astag\Documents\Master Thesis\Speech-Enhancement-PTQ-QAT-comparison\Code\noisy\p257_161.wav,2.1730625,16000,8,3.0245073,3.635058,3.2758687,2.8005793213410004,3.3333121296710675,3.458717858163151,3.3446848
569,c:\Users\astag\Documents\Master Thesis\Speech-Enhancement-PTQ-QAT-comparison\Code\noisy\p257_188.wav,3.0708125,16000,3,3.103056,4.0670476,2.8618844,2.8553785310051616,3.581294989896536,3.129872622733,3.1294258
570,c:\Users\astag\Documents\Master Thesis\Speech-Enhancement-PTQ-QAT-comparison\Code\noisy\p257_163.wav,2.2461875,16000,8,2.2143939,3.2333374,1.9621503,2.175078098734923,3.0419174945891987,2.241812586484604,2.5353138
571,c:\Users\astag\Documents\Master Thesis\Speech-Enhancement-PTQ-QAT-comparison\Code\noisy\p257_191.wav,2.985125,16000,2,1.3786645,2.0599904,1.3318956,1.4552678026831596,2.1636521119966714,1.513600414084682,2.5651715
572,c:\Users\astag\Documents\Master Thesis\Speech-Enhancement-PTQ-QAT-comparison\Code\noisy\p257_170.wav,2.0734375,16000,7,2.4945757,3.7408798,2.3337123,2.407476583518033,3.396945523763122,2.6419092758678615,2.6627502
573,c:\Users\astag\Documents\Master Thesis\Speech-Enhancement-PTQ-QAT-comparison\Code\noisy\p257_180.wav,1.95,16000,6,2.6593435,3.3394587,3.049072,2.533853504894348,3.1456948173174326,3.2862432563261996,2.9225464
574,c:\Users\astag\Documents\Master Thesis\Speech-Enhancement-PTQ-QAT-comparison\Code\noisy\p257_176.wav,1.963,16000,6,3.3188305,3.7054508,3.8821278,3.002678895995429,3.375895147540715,3.8663890172447704,3.1983044
575,c:\Users\astag\Documents\Master Thesis\Speech-Enhancement-PTQ-QAT-comparison\Code\noisy\p257_200.wav,2.3065,16000,1,3.4107013,3.8813274,3.8876,3.06342835869842,3.47869687425963,3.869737133973449,3.1981494
576,c:\Users\astag\Documents\Master Thesis\Speech-Enhancement-PTQ-QAT-comparison\Code\noisy\p257_187.wav,1.6746875,16000,4,3.127744,3.7838154,3.347103,2.87287888528512,3.4223532157109355,3.51455187189196,3.1338234
577,c:\Users\astag\Documents\Master Thesis\Speech-Enhancement-PTQ-QAT-comparison\Code\noisy\p257_179.wav,1.9405,16000,6,3.010177,3.6280444,3.415639,2.790303671933172,3.328732529396365,3.563012532953376,2.7800875
578,c:\Users\astag\Documents\Master Thesis\Speech-Enhancement-PTQ-QAT-comparison\Code\noisy\p257_171.wav,2.0493125,16000,7,1.0542638,1.1700764,1.0498248,1.1466716809151776,1.3174206980047065,1.1480103286376853,2.323908
579,c:\Users\astag\Documents\Master Thesis\Speech-Enhancement-PTQ-QAT-comparison\Code\noisy\p257_196.wav,3.130125,16000,3,3.5902643,3.8539264,4.297815,3.1777531921252873,3.462265467455508,4.086329638057176,3.3871658
580,c:\Users\astag\Documents\Master Thesis\Speech-Enhancement-PTQ-QAT-comparison\Code\noisy\p257_186.wav,3.9013125,16000,6,3.4352138,4.034329,3.5866735,3.079217844982317,3.563562110792525,3.680998869035251,3.2982178
581,c:\Users\astag\Documents\Master Thesis\Speech-Enhancement-PTQ-QAT-comparison\Code\noisy\p257_206.wav,2.96625,16000,2,3.4737718,4.1469693,3.439767,3.1040518548258875,3.623817918936159,3.5790735020518185,3.1380987
582,c:\Users\astag\Documents\Master Thesis\Speech-Enhancement-PTQ-QAT-comparison\Code\noisy\p257_198.wav,3.0601875,16000,3,3.5518467,4.046168,3.8649142,3.154367372429521,3.569892842491343,3.855597357798706,3.5019462
583,c:\Users\astag\Documents\Master Thesis\Speech-Enhancement-PTQ-QAT-comparison\Code\noisy\p257_192.wav,1.625625,16000,4,3.0107584,3.653771,3.3532891,2.7910630964420977,3.3448288262666144,3.5193112746160544,2.7245917
584,c:\Users\astag\Documents\Master Thesis\Speech-Enhancement-PTQ-QAT-comparison\Code\noisy\p257_185.wav,2.2473125,16000,8,3.4852662,3.8868954,4.02412,3.1110292028464666,3.480497498420157,3.946730573862069,3.3803756
585,c:\Users\astag\Documents\Master Thesis\Speech-Enhancement-PTQ-QAT-comparison\Code\noisy\p257_202.wav,3.0,16000,3,2.8658142,3.6564238,2.9838622,2.687032439662493,3.346481932186214,3.233146453065915,3.0563946
586,c:\Users\astag\Documents\Master Thesis\Speech-Enhancement-PTQ-QAT-comparison\Code\noisy\p257_197.wav,1.6645,16000,4,3.179304,3.7067058,3.5223534,2.9084429593702223,3.376698794321077,3.6378087653337796,3.1641784
587,c:\Users\astag\Documents\Master Thesis\Speech-Enhancement-PTQ-QAT-comparison\Code\noisy\p257_210.wav,2.5125625,16000,1,2.5837622,4.0032673,2.3161094,2.476415447197457,3.546830571985248,2.624614269096193,2.7971346
588,c:\Users\astag\Documents\Master Thesis\Speech-Enhancement-PTQ-QAT-comparison\Code\noisy\p257_204.wav,1.5891875,16000,3,2.811447,3.089833,3.9209461,2.6470569507430475,2.9756774802129367,3.8881433298374155,2.754544
589,c:\Users\astag\Documents\Master Thesis\Speech-Enhancement-PTQ-QAT-comparison\Code\noisy\p257_212.wav,2.57825,16000,1,2.6988716,3.7813525,2.5698698,2.563671482197334,3.4209730839354977,2.86970202618323,2.7248871
590,c:\Users\astag\Documents\Master Thesis\Speech-Enhancement-PTQ-QAT-comparison\Code\noisy\p257_181.wav,2.1963125,16000,8,3.6784804,4.3863845,3.5475209,3.2336552381196846,3.7444011404868998,3.654994437236721,3.0574403
591,c:\Users\astag\Documents\Master Thesis\Speech-Enhancement-PTQ-QAT-comparison\Code\noisy\p257_214.wav,2.60625,16000,1,2.5411522,3.8469326,2.3035514,2.443661259269577,3.4590273456074123,2.612045114500887,2.357713
592,c:\Users\astag\Documents\Master Thesis\Speech-Enhancement-PTQ-QAT-comparison\Code\noisy\p257_217.wav,2.7355,16000,1,3.6801248,3.9929934,4.1724596,3.2346952972430802,3.541186367890894,4.02581063684226,3.233019
593,c:\Users\astag\Documents\Master Thesis\Speech-Enhancement-PTQ-QAT-comparison\Code\noisy\p257_218.wav,2.268375,16000,1,3.612944,4.1384354,3.8596294,3.1929091297157037,3.61943720192994,3.853260069479899,2.850774
594,c:\Users\astag\Documents\Master Thesis\Speech-Enhancement-PTQ-QAT-comparison\Code\noisy\p257_222.wav,2.3209375,16000,1,2.8325033,3.5437782,3.0068216,2.66271879484045,3.277067668751348,3.2519817974726237,3.0157506
595,c:\Users\astag\Documents\Master Thesis\Speech-Enhancement-PTQ-QAT-comparison\Code\noisy\p257_190.wav,2.2360625,16000,8,2.267311,3.7215478,1.9790232,2.226971846158873,3.385137731414379,2.2723843828593715,2.5479279
596,c:\Users\astag\Documents\Master Thesis\Speech-Enhancement-PTQ-QAT-comparison\Code\noisy\p257_195.wav,1.9099375,16000,6,1.3021251,1.9319439,1.3490969,1.3827011969177654,2.0401579206813976,1.5335347519278224,2.3302786
597,c:\Users\astag\Documents\Master Thesis\Speech-Enhancement-PTQ-QAT-comparison\Code\noisy\p257_189.wav,2.234625,16000,8,2.9886725,3.9849358,2.8374648,2.7753356753339617,3.536660645662183,3.1094476446659605,2.8249323
598,c:\Users\astag\Documents\Master Thesis\Speech-Enhancement-PTQ-QAT-comparison\Code\noisy\p257_199.wav,4.22525,16000,7,2.9897027,3.7901638,3.0524404,2.776007274016016,3.4260230406603243,3.288365493203976,2.8017867
599,c:\Users\astag\Documents\Master Thesis\Speech-Enhancement-PTQ-QAT-comparison\Code\noisy\p257_225.wav,2.2778125,16000,1,3.2531528,3.590689,3.8617892,2.95872648661345,3.306233895650962,3.85453973780555,3.1125875
600,c:\Users\astag\Documents\Master Thesis\Speech-Enhancement-PTQ-QAT-comparison\Code\noisy\p257_219.wav,3.0325,16000,3,3.420245,4.0245113,3.6290152,3.0692765494274212,3.558128242760615,3.7079324732826677,3.2535508
601,c:\Users\astag\Documents\Master Thesis\Speech-Enhancement-PTQ-QAT-comparison\Code\noisy\p257_216.wav,3.13825,16000,3,3.6295393,4.0387273,3.956342,3.2031716867713875,3.566110012097402,3.9086763665110467,3.4158554
602,c:\Users\astag\Documents\Master Thesis\Speech-Enhancement-PTQ-QAT-comparison\Code\noisy\p257_208.wav,1.7515625,16000,5,3.2346683,4.101882,3.1824887,2.9460471648453903,3.5996292436087245,3.391433973970277,2.729365
603,c:\Users\astag\Documents\Master Thesis\Speech-Enhancement-PTQ-QAT-comparison\Code\noisy\p257_213.wav,1.6984375,16000,4,2.5890532,3.6694891,2.4952707,2.479544685279233,3.351751485556708,2.7985575926782547,2.538294
604,c:\Users\astag\Documents\Master Thesis\Speech-Enhancement-PTQ-QAT-comparison\Code\noisy\p257_209.wav,1.8186875,16000,5,2.433682,3.5531106,2.3243108,2.3598594119383,3.2827190246937397,2.6324335801371204,2.866702
605,c:\Users\astag\Documents\Master Thesis\Speech-Enhancement-PTQ-QAT-comparison\Code\noisy\p257_201.wav,2.117,16000,7,3.289275,4.194787,3.2007751,2.982799225333788,3.6485534833561575,3.40503418056289,2.6958385
606,c:\Users\astag\Documents\Master Thesis\Speech-Enhancement-PTQ-QAT-comparison\Code\noisy\p257_207.wav,3.5298125,16000,5,2.8631701,4.1168776,2.5609438,2.6850935819705977,3.6080152894144746,2.861321518250068,2.9004753
607,c:\Users\astag\Documents\Master Thesis\Speech-Enhancement-PTQ-QAT-comparison\Code\noisy\p257_233.wav,2.393625,16000,1,3.4578803,4.2524104,3.261238,3.0941285261519305,3.678275325559393,3.451405313617527,2.6187541
608,c:\Users\astag\Documents\Master Thesis\Speech-Enhancement-PTQ-QAT-comparison\Code\noisy\p257_224.wav,3.0746875,16000,3,3.361612,3.6558247,4.077343,3.031009294276982,3.3459534287210424,3.975913913465842,3.6233985
609,c:\Users\astag\Documents\Master Thesis\Speech-Enhancement-PTQ-QAT-comparison\Code\noisy\p257_203.wav,2.039625,16000,7,2.200431,3.4823585,1.9225705,2.170845367302918,3.233636133643772,2.208415944432693,2.5373523
610,c:\Users\astag\Documents\Master Thesis\Speech-Enhancement-PTQ-QAT-comparison\Code\noisy\p257_235.wav,2.2530625,16000,1,2.3669271,3.4314895,2.3219817,2.3071785248020875,3.205752330438676,2.630477492354153,2.263811
611,c:\Users\astag\Documents\Master Thesis\Speech-Enhancement-PTQ-QAT-comparison\Code\noisy\p257_205.wav,2.25,16000,9,3.0321026,3.5233157,3.5274615,2.806076742670406,3.2641544319971314,3.6415087099914443,3.2874248
612,c:\Users\astag\Documents\Master Thesis\Speech-Enhancement-PTQ-QAT-comparison\Code\noisy\p257_220.wav,1.8465625,16000,5,3.116363,3.6006024,3.5020542,2.8644927497054833,3.311760478998072,3.624313289626211,2.7529953
613,c:\Users\astag\Documents\Master Thesis\Speech-Enhancement-PTQ-QAT-comparison\Code\noisy\p257_211.wav,1.9239375,16000,6,1.0286745,1.1270508,1.0320687,1.121856912245274,1.2743489044081677,1.1244457919325037,2.2485964
614,c:\Users\astag\Documents\Master Thesis\Speech-Enhancement-PTQ-QAT-comparison\Code\noisy\p257_215.wav,1.9528125,16000,6,1.0427061,1.2495002,1.255179,1.135518627421057,1.3992039957825408,1.4160209955635736,2.810789
615,c:\Users\astag\Documents\Master Thesis\Speech-Enhancement-PTQ-QAT-comparison\Code\noisy\p257_231.wav,3.1586875,16000,3,2.2321165,3.5183926,1.8825488,2.196593038303688,3.2515365554586744,2.164649946532827,2.4391189
616,c:\Users\astag\Documents\Master Thesis\Speech-Enhancement-PTQ-QAT-comparison\Code\noisy\p257_228.wav,1.6226875,16000,3,3.6380928,4.1538563,3.6753309,3.2084091092969302,3.6272480435585748,3.7392874643596787,3.095295
617,c:\Users\astag\Documents\Master Thesis\Speech-Enhancement-PTQ-QAT-comparison\Code\noisy\p257_244.wav,2.6076875,16000,1,3.45361,3.8159404,3.9318776,3.091362157509404,3.4411334387859056,3.8953992875890275,3.3536663
618,c:\Users\astag\Documents\Master Thesis\Speech-Enhancement-PTQ-QAT-comparison\Code\noisy\p257_240.wav,2.9295625,16000,2,2.9158192,4.056185,2.6943612,2.723210884853187,3.57558281671436,2.983584090983962,3.0683932
619,c:\Users\astag\Documents\Master Thesis\Speech-Enhancement-PTQ-QAT-comparison\Code\noisy\p257_230.wav,3.2621875,16000,4,2.344498,3.7886548,2.0290544,2.2891753283305016,3.424886691285849,2.326765302563898,2.4729736
620,c:\Users\astag\Documents\Master Thesis\Speech-Enhancement-PTQ-QAT-comparison\Code\noisy\p257_246.wav,2.6690625,16000,1,3.4459121,4.201168,3.4576476,3.086369170194819,3.652092070146533,3.5937014149676703,3.3895283
621,c:\Users\astag\Documents\Master Thesis\Speech-Enhancement-PTQ-QAT-comparison\Code\noisy\p257_227.wav,1.754,16000,5,3.4427273,4.065071,3.5896955,3.084207761270281,3.5802816446390495,3.6829649788490735,3.140285
622,c:\Users\astag\Documents\Master Thesis\Speech-Enhancement-PTQ-QAT-comparison\Code\noisy\p257_234.wav,3.4636875,16000,4,2.5443575,3.8882072,2.2132077,2.4460159594554858,3.482574912742326,2.5200718736362395,2.4645026
623,c:\Users\astag\Documents\Master Thesis\Speech-Enhancement-PTQ-QAT-comparison\Code\noisy\p257_223.wav,4.2505625,16000,8,3.0387475,4.0804048,2.792336,2.81046408080082,3.5881162861186615,3.0693137008586997,2.8729072
624,c:\Users\astag\Documents\Master Thesis\Speech-Enhancement-PTQ-QAT-comparison\Code\noisy\p257_245.wav,2.8303125,16000,2,3.303659,4.029102,3.361943,2.992326799704017,3.560914025798949,3.522196907593706,3.1953964
625,c:\Users\astag\Documents\Master Thesis\Speech-Enhancement-PTQ-QAT-comparison\Code\noisy\p257_241.wav,1.612,16000,3,3.3612835,3.9456015,3.522093,3.030914829932516,3.5149016756697833,3.6379362817599037,3.24687
626,c:\Users\astag\Documents\Master Thesis\Speech-Enhancement-PTQ-QAT-comparison\Code\noisy\p257_242.wav,3.0648125,16000,3,3.0462132,4.2125487,2.8230503,2.8160006946944356,3.6579157593235734,3.097278012128784,3.013521
627,c:\Users\astag\Documents\Master Thesis\Speech-Enhancement-PTQ-QAT-comparison\Code\noisy\p257_226.wav,1.9841875,16000,6,3.1649551,3.6802156,3.603111,2.8985400955026717,3.3607091482748443,3.692248333230765,3.1623363
628,c:\Users\astag\Documents\Master Thesis\Speech-Enhancement-PTQ-QAT-comparison\Code\noisy\p257_250.wav,2.5736875,16000,1,2.8816268,4.072158,2.6311052,2.6985215167211356,3.584219113117715,2.9263049078606604,2.8339694
629,c:\Users\astag\Documents\Master Thesis\Speech-Enhancement-PTQ-QAT-comparison\Code\noisy\p257_237.wav,3.335625,16000,4,3.7086349,4.10861,4.040739,3.2521930356810738,3.603542877169894,3.956111044172779,3.5727391
630,c:\Users\astag\Documents\Master Thesis\Speech-Enhancement-PTQ-QAT-comparison\Code\noisy\p257_232.wav,3.745125,16000,5,3.3670032,4.2000356,3.224912,3.034294319579293,3.6510542928044423,3.4227290243799118,3.0987673
631,c:\Users\astag\Documents\Master Thesis\Speech-Enhancement-PTQ-QAT-comparison\Code\noisy\p257_236.wav,3.5586875,16000,5,3.9498649,4.220509,4.309141,3.3958458551998207,3.6618198935764723,4.0918585158792435,3.2331429
632,c:\Users\astag\Documents\Master Thesis\Speech-Enhancement-PTQ-QAT-comparison\Code\noisy\p257_221.wav,2.0295,16000,7,3.797771,4.3945565,3.8877833,3.3062177075384196,3.748398560852441,3.869124552522089,3.1709564
633,c:\Users\astag\Documents\Master Thesis\Speech-Enhancement-PTQ-QAT-comparison\Code\noisy\p257_255.wav,2.4315625,16000,1,2.4495091,3.6419163,2.1626587,2.372382872217392,3.3376617384840688,2.468180343000911,2.289522
634,c:\Users\astag\Documents\Master Thesis\Speech-Enhancement-PTQ-QAT-comparison\Code\noisy\p257_248.wav,3.1390625,16000,3,3.6906195,4.174818,3.9268186,3.2411677550389086,3.6384531525039834,3.892457836778604,3.4963238
635,c:\Users\astag\Documents\Master Thesis\Speech-Enhancement-PTQ-QAT-comparison\Code\noisy\p257_260.wav,2.71,16000,1,3.255555,4.257494,2.9567683,2.9603480431253173,3.680848823391191,3.2107410370243454,3.2270665
636,c:\Users\astag\Documents\Master Thesis\Speech-Enhancement-PTQ-QAT-comparison\Code\noisy\p257_261.wav,2.6740625,16000,1,3.0446544,4.0511594,2.8832417,2.815000725265594,3.572907191090448,3.148963413310679,3.3180897
637,c:\Users\astag\Documents\Master Thesis\Speech-Enhancement-PTQ-QAT-comparison\Code\noisy\p257_229.wav,2.1916875,16000,8,2.5054734,3.9699664,2.1284904,2.415735378968455,3.528297059925943,2.431770648684019,2.4636307
638,c:\Users\astag\Documents\Master Thesis\Speech-Enhancement-PTQ-QAT-comparison\Code\noisy\p257_249.wav,1.6028125,16000,3,3.100605,3.9030027,3.0621555,2.8541186813591697,3.4908847627817443,3.2963968006967606,3.0126598
639,c:\Users\astag\Documents\Master Thesis\Speech-Enhancement-PTQ-QAT-comparison\Code\noisy\p257_253.wav,2.81175,16000,2,2.649596,3.652628,2.4757156,2.52652703989033,3.3440888353822515,2.7802603084465463,2.6808567
640,c:\Users\astag\Documents\Master Thesis\Speech-Enhancement-PTQ-QAT-comparison\Code\noisy\p257_251.wav,3.04925,16000,3,2.4820282,3.9353015,2.1061068,2.397751963866014,3.509023330046507,2.408863726428176,2.6873825
641,c:\Users\astag\Documents\Master Thesis\Speech-Enhancement-PTQ-QAT-comparison\Code\noisy\p257_247.wav,3.089875,16000,3,2.706165,3.8771617,2.5980508,2.5691067738029387,3.4760953105717447,2.8953132455723414,3.1149826
642,c:\Users\astag\Documents\Master Thesis\Speech-Enhancement-PTQ-QAT-comparison\Code\noisy\p257_265.wav,2.738875,16000,1,3.5559251,3.9398344,3.9738142,3.156964578695806,3.5116991812639675,3.9192285877519284,3.2916229
643,c:\Users\astag\Documents\Master Thesis\Speech-Enhancement-PTQ-QAT-comparison\Code\noisy\p257_259.wav,1.442625,16000,2,3.3189816,3.9687743,3.5069296,3.002862578774514,3.5277150485056517,3.626952642560365,2.5321233
644,c:\Users\astag\Documents\Master Thesis\Speech-Enhancement-PTQ-QAT-comparison\Code\noisy\p257_266.wav,2.5404375,16000,1,3.522582,4.5139995,3.2479975,3.1357412818576353,3.8050674655836794,3.441447190749735,2.8535464
645,c:\Users\astag\Documents\Master Thesis\Speech-Enhancement-PTQ-QAT-comparison\Code\noisy\p257_256.wav,3.17125,16000,3,3.9826746,4.2460537,4.4000506,3.415178816217191,3.6749692618623295,4.1349386335149445,3.5901725
646,c:\Users\astag\Documents\Master Thesis\Speech-Enhancement-PTQ-QAT-comparison\Code\noisy\p257_264.wav,1.4096875,16000,2,2.9811878,3.5777588,3.2771914,2.77004911156292,3.2982146339304554,3.463287643420112,3.137929
647,c:\Users\astag\Documents\Master Thesis\Speech-Enhancement-PTQ-QAT-comparison\Code\noisy\p257_239.wav,1.9970625,16000,6,2.962724,3.9209108,2.8684857,2.7566271271163902,3.500765002304849,3.135701300649233,2.9306004
648,c:\Users\astag\Documents\Master Thesis\Speech-Enhancement-PTQ-QAT-comparison\Code\noisy\p257_268.wav,2.551125,16000,1,2.8456693,3.9711728,2.683044,2.672346573472156,3.529139979000995,2.973540472287824,2.8651655
649,c:\Users\astag\Documents\Master Thesis\Speech-Enhancement-PTQ-QAT-comparison\Code\noisy\p257_270.wav,2.5510625,16000,1,1.0509512,1.1451066,1.1355044,1.1435908461635524,1.2931243422791157,1.2613873001304607,2.4854698
650,c:\Users\astag\Documents\Master Thesis\Speech-Enhancement-PTQ-QAT-comparison\Code\noisy\p257_238.wav,2.1140625,16000,7,3.433819,3.8530078,3.9192462,3.07847190040614,3.462342307840921,3.8877928069674885,3.0892587
651,c:\Users\astag\Documents\Master Thesis\Speech-Enhancement-PTQ-QAT-comparison\Code\noisy\p257_276.wav,2.306875,16000,1,2.9082844,3.1860147,3.9016094,2.717813685583209,3.0424749257864656,3.877912484938973,2.8811915
652,c:\Users\astag\Documents\Master Thesis\Speech-Enhancement-PTQ-QAT-comparison\Code\noisy\p257_277.wav,2.6209375,16000,1,3.7599154,4.2084374,3.9621859,3.283531169947388,3.655833341997337,3.912667491228331,3.1159382
653,c:\Users\astag\Documents\Master Thesis\Speech-Enhancement-PTQ-QAT-comparison\Code\noisy\p257_271.wav,2.9145625,16000,2,1.1612232,1.4330429,1.1213365,1.2500865176243896,1.5823090002328495,1.242794751340407,2.1994011
654,c:\Users\astag\Documents\Master Thesis\Speech-Enhancement-PTQ-QAT-comparison\Code\noisy\p257_280.wav,2.4645625,16000,1,3.7671275,4.2337103,3.867341,3.2879029204594388,3.668771242762696,3.857823465480619,3.334628
655,c:\Users\astag\Documents\Master Thesis\Speech-Enhancement-PTQ-QAT-comparison\Code\noisy\p257_243.wav,2.172,16000,8,2.4680138,3.2622478,2.5434651,2.3863526478378287,3.0917768932118883,2.8443120831853825,2.9806392
656,c:\Users\astag\Documents\Master Thesis\Speech-Enhancement-PTQ-QAT-comparison\Code\noisy\p257_262.wav,3.457875,16000,4,3.0911267,4.362863,2.6752481,2.8474383677475616,3.7331160091319084,2.9662348630995394,2.8473525
657,c:\Users\astag\Documents\Master Thesis\Speech-Enhancement-PTQ-QAT-comparison\Code\noisy\p257_281.wav,1.4139375,16000,2,2.852981,3.875327,2.5688877,2.677452194330475,3.474915051357269,2.8687162128064747,2.7378485
658,c:\Users\astag\Documents\Master Thesis\Speech-Enhancement-PTQ-QAT-comparison\Code\noisy\p257_286.wav,2.4880625,16000,1,3.4358113,3.9540074,3.8152196,3.07980536257824,3.519607331297159,3.8266756652934806,2.744016
659,c:\Users\astag\Documents\Master Thesis\Speech-Enhancement-PTQ-QAT-comparison\Code\noisy\p257_283.wav,2.8213125,16000,2,2.839417,4.011737,2.604836,2.6675751342514227,3.5511714339567355,2.9020516880613134,3.0002496
660,c:\Users\astag\Documents\Master Thesis\Speech-Enhancement-PTQ-QAT-comparison\Code\noisy\p257_269.wav,1.7344375,16000,4,2.9247942,3.803803,2.8689892,2.729501092959886,3.433973010452977,3.1361348201067942,2.7582297
661,c:\Users\astag\Documents\Master Thesis\Speech-Enhancement-PTQ-QAT-comparison\Code\noisy\p257_278.wav,3.153875,16000,3,3.4517052,3.8182907,3.9691288,3.089687314621221,3.4414524656158765,3.9162258163639057,3.0662673
662,c:\Users\astag\Documents\Master Thesis\Speech-Enhancement-PTQ-QAT-comparison\Code\noisy\p257_285.wav,1.450875,16000,2,3.0173965,3.5146494,3.4736161,2.7957480621772577,3.2586408020402566,3.6036443013356934,2.8473334
663,c:\Users\astag\Documents\Master Thesis\Speech-Enhancement-PTQ-QAT-comparison\Code\noisy\p257_275.wav,3.107,16000,3,2.703474,3.9627752,2.3698256,2.566952671704683,3.524481547213403,2.6775824827228205,2.4750316
664,c:\Users\astag\Documents\Master Thesis\Speech-Enhancement-PTQ-QAT-comparison\Code\noisy\p257_257.wav,1.973375,16000,6,3.5227633,3.9631126,3.875349,3.135797290212889,3.524513755319998,3.8624275884561943,2.9046268
665,c:\Users\astag\Documents\Master Thesis\Speech-Enhancement-PTQ-QAT-comparison\Code\noisy\p257_258.wav,3.9575,16000,6,3.3121767,3.921107,3.4993646,2.9981508875752247,3.500505338342414,3.621938307959608,3.312151
666,c:\Users\astag\Documents\Master Thesis\Speech-Enhancement-PTQ-QAT-comparison\Code\noisy\p257_254.wav,2.1701875,16000,8,2.9749084,4.122119,2.6914768,2.7649197056041506,3.6097304195206874,2.9803429069559386,2.5983484
667,c:\Users\astag\Documents\Master Thesis\Speech-Enhancement-PTQ-QAT-comparison\Code\noisy\p257_284.wav,3.235125,16000,3,3.2974555,4.066279,3.2174826,2.988422791705224,3.5807329927413636,3.4182944477946378,2.8918598
668,c:\Users\astag\Documents\Master Thesis\Speech-Enhancement-PTQ-QAT-comparison\Code\noisy\p257_290.wav,2.3409375,16000,1,2.1625044,3.7981071,1.7124485,2.1418024882727207,3.4307640060709774,1.9734334805174039,2.5493374
669,c:\Users\astag\Documents\Master Thesis\Speech-Enhancement-PTQ-QAT-comparison\Code\noisy\p257_267.wav,1.757875,16000,5,1.0299551,1.1121736,1.0668337,1.123079302558853,1.2582192565156285,1.170598693723247,2.7365727
670,c:\Users\astag\Documents\Master Thesis\Speech-Enhancement-PTQ-QAT-comparison\Code\noisy\p257_293.wav,2.34925,16000,1,2.8447165,4.084019,2.5541131,2.6716506709961716,3.5905761029317937,2.854977696700953,2.6589432
671,c:\Users\astag\Documents\Master Thesis\Speech-Enhancement-PTQ-QAT-comparison\Code\noisy\p257_252.wav,2.107875,16000,7,3.182546,4.1526966,3.0026915,2.9105023509277506,3.6268524854189588,3.248099125171695,2.8567715
672,c:\Users\astag\Documents\Master Thesis\Speech-Enhancement-PTQ-QAT-comparison\Code\noisy\p257_288.wav,2.83,16000,2,2.8385599,4.051674,2.521116,2.6671494073976607,3.5731772928482606,2.8239301975164253,2.78377
673,c:\Users\astag\Documents\Master Thesis\Speech-Enhancement-PTQ-QAT-comparison\Code\noisy\p257_289.wav,2.93,16000,2,2.906841,4.2980914,2.58022,2.7167578526565572,3.7012450946479403,2.8791750353531356,2.5269432
674,c:\Users\astag\Documents\Master Thesis\Speech-Enhancement-PTQ-QAT-comparison\Code\noisy\p257_279.wav,3.6466875,16000,5,3.5611565,4.155624,3.7091947,3.160263536294729,3.6282908638237195,3.760600316835094,3.0285149
675,c:\Users\astag\Documents\Master Thesis\Speech-Enhancement-PTQ-QAT-comparison\Code\noisy\p257_298.wav,2.6083125,16000,1,3.3895056,4.023825,3.5144646,3.0495379285207767,3.5580712563143355,3.6329702347595703,3.128128
676,c:\Users\astag\Documents\Master Thesis\Speech-Enhancement-PTQ-QAT-comparison\Code\noisy\p257_274.wav,1.83125,16000,5,1.0574558,1.1038182,1.0925627,1.1499147967651213,1.2504917992677265,1.2048784101207366,2.4130018
677,c:\Users\astag\Documents\Master Thesis\Speech-Enhancement-PTQ-QAT-comparison\Code\noisy\p257_301.wav,2.60575,16000,1,3.5675864,4.1574187,3.7238529,3.1643516302980013,3.629388539557214,3.77034860969182,2.9191995
678,c:\Users\astag\Documents\Master Thesis\Speech-Enhancement-PTQ-QAT-comparison\Code\noisy\p257_292.wav,2.927,16000,2,3.4575777,4.1397753,3.4244742,3.0936891675420144,3.619746216684197,3.57037682923898,3.237948
679,c:\Users\astag\Documents\Master Thesis\Speech-Enhancement-PTQ-QAT-comparison\Code\noisy\p257_302.wav,2.304875,16000,1,2.4773533,3.526965,2.459319,2.3941597920126005,3.266524237245181,2.765014163966973,2.7086084
680,c:\Users\astag\Documents\Master Thesis\Speech-Enhancement-PTQ-QAT-comparison\Code\noisy\p257_263.wav,2.0496875,16000,7,1.0605829,1.1246045,1.075601,1.152924045581451,1.2717055139349742,1.1824013936032975,2.601561
681,c:\Users\astag\Documents\Master Thesis\Speech-Enhancement-PTQ-QAT-comparison\Code\noisy\p257_272.wav,1.965875,16000,6,2.8563607,3.8889515,2.6118863,2.680064471877841,3.4826997722444304,2.90853979055931,3.0516384
682,c:\Users\astag\Documents\Master Thesis\Speech-Enhancement-PTQ-QAT-comparison\Code\noisy\p257_282.wav,1.9329375,16000,6,2.7471335,3.9788454,2.4859488,2.5996283471364667,3.5332713326394063,2.7902700124987683,2.9659903
683,c:\Users\astag\Documents\Master Thesis\Speech-Enhancement-PTQ-QAT-comparison\Code\noisy\p257_308.wav,2.325125,16000,1,3.0590894,3.97142,2.9770489,2.825140889450952,3.5292769198165646,3.2275304547443446,2.9150372
684,c:\Users\astag\Documents\Master Thesis\Speech-Enhancement-PTQ-QAT-comparison\Code\noisy\p257_273.wav,2.1233125,16000,7,3.321788,4.3005533,3.1282456,3.0046869976094186,3.702415041979694,3.349051496382422,2.7748983
685,c:\Users\astag\Documents\Master Thesis\Speech-Enhancement-PTQ-QAT-comparison\Code\noisy\p257_291.wav,1.7,16000,4,1.4426762,2.2752967,1.3749034,1.5144261486407766,2.348087548785765,1.5674488320972548,2.503684
686,c:\Users\astag\Documents\Master Thesis\Speech-Enhancement-PTQ-QAT-comparison\Code\noisy\p257_299.wav,3.0175625,16000,3,3.2341955,3.9921646,3.2496626,2.945645967278526,3.54056293991518,3.441442197736285,3.1177533
687,c:\Users\astag\Documents\Master Thesis\Speech-Enhancement-PTQ-QAT-comparison\Code\noisy\p257_311.wav,2.558,16000,1,1.0161086,1.041262,1.0512216,1.1095983411736785,1.185412224919602,1.1500302782956708,2.2803721
688,c:\Users\astag\Documents\Master Thesis\Speech-Enhancement-PTQ-QAT-comparison\Code\noisy\p257_296.wav,3.0565,16000,3,3.5487368,3.8254013,4.22939,3.15200886390974,3.4460332023538243,4.05412033092778,3.202367
689,c:\Users\astag\Documents\Master Thesis\Speech-Enhancement-PTQ-QAT-comparison\Code\noisy\p257_287.wav,1.8923125,16000,6,3.4728336,4.090789,3.6762369,3.103536943709455,3.5939532649068187,3.7396943529786033,2.8009818
690,c:\Users\astag\Documents\Master Thesis\Speech-Enhancement-PTQ-QAT-comparison\Code\noisy\p257_313.wav,2.4386875,16000,1,2.9012494,3.766306,2.914213,2.7127317639032915,3.4121401048123112,3.175159263350479,2.8158283
691,c:\Users\astag\Documents\Master Thesis\Speech-Enhancement-PTQ-QAT-comparison\Code\noisy\p257_297.wav,3.3426875,16000,4,3.4102879,3.882417,3.7377696,3.0627928181928024,3.4790264652886553,3.778218604081096,3.0667622
692,c:\Users\astag\Documents\Master Thesis\Speech-Enhancement-PTQ-QAT-comparison\Code\noisy\p257_295.wav,1.6975625,16000,4,1.0158082,1.061711,1.0534729,1.1093030434293962,1.2067624014227607,1.1530282128713325,2.35993
693,c:\Users\astag\Documents\Master Thesis\Speech-Enhancement-PTQ-QAT-comparison\Code\noisy\p257_318.wav,2.38,16000,1,2.755879,3.3034306,3.3343956,2.6062206471469134,3.121836661816058,3.505594239049558,2.8435795
694,c:\Users\astag\Documents\Master Thesis\Speech-Enhancement-PTQ-QAT-comparison\Code\noisy\p257_306.wav,1.66625,16000,4,3.3334143,3.9166903,3.4738042,3.011769740608155,3.4979468798590134,3.6039580946993257,2.9795954
695,c:\Users\astag\Documents\Master Thesis\Speech-Enhancement-PTQ-QAT-comparison\Code\noisy\p257_304.wav,1.742625,16000,4,3.44215,3.768182,4.0781603,3.0835456656375886,3.413001574829204,3.9753654774389813,2.9695814
696,c:\Users\astag\Documents\Master Thesis\Speech-Enhancement-PTQ-QAT-comparison\Code\noisy\p257_294.wav,1.9976875,16000,6,3.1421397,4.108071,2.9488118,2.88291735723573,3.6033117927714122,3.204012771488014,2.7411165
697,c:\Users\astag\Documents\Master Thesis\Speech-Enhancement-PTQ-QAT-comparison\Code\noisy\p257_307.wav,3.1325625,16000,3,3.0613506,3.9459755,3.0758617,2.8266881497630876,3.5149936791603853,3.3077786358799526,2.951188
698,c:\Users\astag\Documents\Master Thesis\Speech-Enhancement-PTQ-QAT-comparison\Code\noisy\p257_310.wav,1.56675,16000,3,2.0550795,3.0254748,1.9333729,2.052517876683916,2.930021110220221,2.222560309788346,2.4603405
699,c:\Users\astag\Documents\Master Thesis\Speech-Enhancement-PTQ-QAT-comparison\Code\noisy\p257_309.wav,1.7104375,16000,4,3.0040996,3.9695878,2.8036993,2.786207707838116,3.5280496489241244,3.080150008417407,2.6131344
700,c:\Users\astag\Documents\Master Thesis\Speech-Enhancement-PTQ-QAT-comparison\Code\noisy\p257_320.wav,2.8238125,16000,2,3.6158125,4.286104,3.5346918,3.1947047492587313,3.6952512917607763,3.646699003769727,3.330266
701,c:\Users\astag\Documents\Master Thesis\Speech-Enhancement-PTQ-QAT-comparison\Code\noisy\p257_319.wav,2.954125,16000,2,3.3386219,4.188801,3.240604,3.015748741868747,3.6455722228612752,3.433081141804445,3.0151331
702,c:\Users\astag\Documents\Master Thesis\Speech-Enhancement-PTQ-QAT-comparison\Code\noisy\p257_300.wav,1.6656875,16000,4,3.7105722,4.093089,3.90035,3.253282346683842,3.595334022605585,3.876400487843845,2.897328
703,c:\Users\astag\Documents\Master Thesis\Speech-Enhancement-PTQ-QAT-comparison\Code\noisy\p257_314.wav,3.2535625,16000,4,2.8518493,4.1684275,2.4684277,2.676464876544162,3.6350381520338964,2.7725349900425718,2.6992993
704,c:\Users\astag\Documents\Master Thesis\Speech-Enhancement-PTQ-QAT-comparison\Code\noisy\p257_330.wav,2.64875,16000,1,2.8890622,3.8899176,2.719104,2.7039121512821755,3.4835784091661575,3.0059174020939645,3.1005106
705,c:\Users\astag\Documents\Master Thesis\Speech-Enhancement-PTQ-QAT-comparison\Code\noisy\p257_333.wav,2.3105625,16000,1,3.195525,3.996393,3.234353,2.919589703657364,3.5430559787673084,3.431137012095019,3.057444
706,c:\Users\astag\Documents\Master Thesis\Speech-Enhancement-PTQ-QAT-comparison\Code\noisy\p257_334.wav,2.5190625,16000,1,2.829727,3.8892975,2.6457262,2.6606855315343694,3.4832264269663584,2.9396737927921883,2.7468576
707,c:\Users\astag\Documents\Master Thesis\Speech-Enhancement-PTQ-QAT-comparison\Code\noisy\p257_312.wav,1.7154375,16000,4,3.3527033,4.2236576,3.2594483,3.0252163386854622,3.663512449698064,3.449966603350461,2.8261518
708,c:\Users\astag\Documents\Master Thesis\Speech-Enhancement-PTQ-QAT-comparison\Code\noisy\p257_315.wav,1.6681875,16000,4,2.1002169,3.6310766,1.7560717,2.0902631477568434,3.330972341669244,2.0236715132946976,2.2178493
709,c:\Users\astag\Documents\Master Thesis\Speech-Enhancement-PTQ-QAT-comparison\Code\noisy\p257_316.wav,1.8355625,16000,5,3.0654225,3.3566184,3.9419677,2.829536322163134,3.1569758320001045,3.900945512579837,3.1225796
710,c:\Users\astag\Documents\Master Thesis\Speech-Enhancement-PTQ-QAT-comparison\Code\noisy\p257_328.wav,1.451625,16000,2,3.004563,3.7777572,3.084969,2.786679812503472,3.418800438267113,3.315014038167025,2.8729348
711,c:\Users\astag\Documents\Master Thesis\Speech-Enhancement-PTQ-QAT-comparison\Code\noisy\p257_305.wav,1.89275,16000,6,3.3567894,3.9501572,3.6209862,3.027894698021783,3.5171510392778917,3.7040163894089186,3.1486456
712,c:\Users\astag\Documents\Master Thesis\Speech-Enhancement-PTQ-QAT-comparison\Code\noisy\p257_332.wav,2.834375,16000,2,3.5004938,4.1983624,3.4319358,3.121596496427414,3.6506329694390933,3.5756414854007508,3.0516558
713,c:\Users\astag\Documents\Master Thesis\Speech-Enhancement-PTQ-QAT-comparison\Code\noisy\p257_327.wav,1.592125,16000,3,1.0854563,1.2364243,1.2018894,1.1770815749838117,1.3860665227988083,1.3477114610106045,2.6739795
714,c:\Users\astag\Documents\Master Thesis\Speech-Enhancement-PTQ-QAT-comparison\Code\noisy\p257_303.wav,2.0079375,16000,7,1.4547337,2.1217132,1.3316526,1.5190200985481344,2.1798434117814316,1.5048640114235161,2.4975836
715,c:\Users\astag\Documents\Master Thesis\Speech-Enhancement-PTQ-QAT-comparison\Code\noisy\p257_338.wav,2.6495,16000,1,3.432286,4.0935493,3.589182,3.0775113022904574,3.595666553908683,3.6833166798148538,3.3003397
716,c:\Users\astag\Documents\Master Thesis\Speech-Enhancement-PTQ-QAT-comparison\Code\noisy\p257_317.wav,1.7500625,16000,5,3.4591217,3.8589606,3.884571,3.0945774393845475,3.465382201642556,3.867566640474837,3.2271423
717,c:\Users\astag\Documents\Master Thesis\Speech-Enhancement-PTQ-QAT-comparison\Code\noisy\p257_323.wav,1.7379375,16000,4,2.959576,4.114507,2.6493917,2.754516002361995,3.6067861234841025,2.942063709606775,2.7824702
718,c:\Users\astag\Documents\Master Thesis\Speech-Enhancement-PTQ-QAT-comparison\Code\noisy\p257_329.wav,1.574,16000,3,2.7860181,3.8793468,2.538666,2.6278695019381284,3.4770757489919255,2.8393392103473993,2.8407166
719,c:\Users\astag\Documents\Master Thesis\Speech-Enhancement-PTQ-QAT-comparison\Code\noisy\p257_322.wav,1.8185,16000,5,2.7883556,4.0584946,2.4339373,2.629994244730118,3.576810761638755,2.7397574233878323,2.792676
720,c:\Users\astag\Documents\Master Thesis\Speech-Enhancement-PTQ-QAT-comparison\Code\noisy\p257_341.wav,2.4064375,16000,1,3.6024814,4.464596,3.4067085,3.1863465272492286,3.7820017861834963,3.557772395195618,3.1285596
721,c:\Users\astag\Documents\Master Thesis\Speech-Enhancement-PTQ-QAT-comparison\Code\noisy\p257_349.wav,2.627875,16000,1,2.7713096,4.035362,2.524283,2.617662186011533,3.5643481717121377,2.826922722834797,2.8440914
722,c:\Users\astag\Documents\Master Thesis\Speech-Enhancement-PTQ-QAT-comparison\Code\noisy\p257_321.wav,1.9553125,16000,6,2.8829343,3.7937334,2.8959596,2.6992704649727597,3.4280037318563505,3.159111314304429,3.3337383
723,c:\Users\astag\Documents\Master Thesis\Speech-Enhancement-PTQ-QAT-comparison\Code\noisy\p257_335.wav,1.58225,16000,3,1.9852833,2.9262378,1.8330008,1.9937585588326996,2.856864888739114,2.111137959254586,2.3159893
724,c:\Users\astag\Documents\Master Thesis\Speech-Enhancement-PTQ-QAT-comparison\Code\noisy\p257_326.wav,1.7366875,16000,4,3.1078467,3.630467,3.5861444,2.8591546146504374,3.3306208545618126,3.6808425683544947,2.9983187
725,c:\Users\astag\Documents\Master Thesis\Speech-Enhancement-PTQ-QAT-comparison\Code\noisy\p257_324.wav,3.5205625,16000,5,3.5975368,3.9829984,3.9729571,3.1828353445303046,3.535441572117942,3.9177891046191506,3.3194134
726,c:\Users\astag\Documents\Master Thesis\Speech-Enhancement-PTQ-QAT-comparison\Code\noisy\p257_343.wav,2.983875,16000,2,2.796692,4.1252747,2.506361,2.636065735551922,3.612471361374628,2.8090836371172045,2.9349413
727,c:\Users\astag\Documents\Master Thesis\Speech-Enhancement-PTQ-QAT-comparison\Code\noisy\p257_345.wav,2.935375,16000,2,3.4121819,3.7117777,4.1174192,3.0643626061507887,3.3797724122863437,3.997289760864462,3.4116158
728,c:\Users\astag\Documents\Master Thesis\Speech-Enhancement-PTQ-QAT-comparison\Code\noisy\p257_336.wav,3.1916875,16000,3,3.7957077,4.043773,4.4081936,3.3051497129639316,3.5688949457383643,4.1388049525228405,3.3655875
729,c:\Users\astag\Documents\Master Thesis\Speech-Enhancement-PTQ-QAT-comparison\Code\noisy\p257_350.wav,2.775875,16000,2,2.6888866,4.0848265,2.2048473,2.556020489340293,3.5909393806530647,2.5114710894906325,2.8080873
730,c:\Users\astag\Documents\Master Thesis\Speech-Enhancement-PTQ-QAT-comparison\Code\noisy\p257_351.wav,2.8150625,16000,2,1.0082401,1.0554492,1.0357203,1.101895158492982,1.2002297425690394,1.1293437841001892,2.298028
731,c:\Users\astag\Documents\Master Thesis\Speech-Enhancement-PTQ-QAT-comparison\Code\noisy\p257_325.wav,2.0335625,16000,7,2.9264948,3.2358837,3.7883208,2.730772030050994,3.076188065373038,3.81006498891993,3.2778804
732,c:\Users\astag\Documents\Master Thesis\Speech-Enhancement-PTQ-QAT-comparison\Code\noisy\p257_347.wav,3.0558125,16000,3,1.6713096,2.4906101,1.5510241,1.7132449988031742,2.504667911040795,1.7710452554738894,2.6672697
733,c:\Users\astag\Documents\Master Thesis\Speech-Enhancement-PTQ-QAT-comparison\Code\noisy\p257_339.wav,3.2738125,16000,4,3.392914,3.874343,3.7717557,3.0507296079377646,3.4718152214166964,3.800018924440819,2.9739676
734,c:\Users\astag\Documents\Master Thesis\Speech-Enhancement-PTQ-QAT-comparison\Code\noisy\p257_359.wav,2.5131875,16000,1,3.1793356,3.887248,3.3386264,2.908514196688365,3.4820627076430593,3.5086849020944264,3.193082
735,c:\Users\astag\Documents\Master Thesis\Speech-Enhancement-PTQ-QAT-comparison\Code\noisy\p257_340.wav,1.8521875,16000,5,3.3519855,3.8275623,3.7031178,3.0247198422399637,3.4478374254772293,3.756751948189053,3.5007024
736,c:\Users\astag\Documents\Master Thesis\Speech-Enhancement-PTQ-QAT-comparison\Code\noisy\p257_360.wav,2.8206875,16000,2,3.5260584,4.2035418,3.4843445,3.1377410063381124,3.653259108423656,3.6110879122381148,3.2218142
737,c:\Users\astag\Documents\Master Thesis\Speech-Enhancement-PTQ-QAT-comparison\Code\noisy\p257_331.wav,2.0765,16000,7,1.0303513,1.0822572,1.0517938,1.1235103975421576,1.2281381485612992,1.1507900790399042,2.2997549
738,c:\Users\astag\Documents\Master Thesis\Speech-Enhancement-PTQ-QAT-comparison\Code\noisy\p257_353.wav,1.641125,16000,4,2.7051182,3.7309158,2.6167338,2.5676669073555516,3.3902372154250644,2.91256690839072,2.7723792
739,c:\Users\astag\Documents\Master Thesis\Speech-Enhancement-PTQ-QAT-comparison\Code\noisy\p257_342.wav,1.9975,16000,6,3.0147963,4.0234885,2.8794403,2.793132258929108,3.556432129552409,3.1450473949281537,2.7062438
740,c:\Users\astag\Documents\Master Thesis\Speech-Enhancement-PTQ-QAT-comparison\Code\noisy\p257_361.wav,1.44925,16000,2,3.1557083,3.9124727,3.1880622,2.892252131156744,3.4963314414521545,3.3956675682688116,2.7081847
741,c:\Users\astag\Documents\Master Thesis\Speech-Enhancement-PTQ-QAT-comparison\Code\noisy\p257_337.wav,2.109625,16000,7,3.1934063,3.5371826,3.9123397,2.9180993190678564,3.2728747930412365,3.883499026209367,3.0808501
742,c:\Users\astag\Documents\Master Thesis\Speech-Enhancement-PTQ-QAT-comparison\Code\noisy\p257_369.wav,2.2845,16000,1,3.3021371,3.9168417,3.5561483,2.991639775470591,3.4987981975034677,3.6612390793517635,3.028424
743,c:\Users\astag\Documents\Master Thesis\Speech-Enhancement-PTQ-QAT-comparison\Code\noisy\p257_364.wav,3.184625,16000,3,3.6573713,3.9840367,4.184421,3.2202346039583176,3.5359912254131847,4.030330152005688,3.667485
744,c:\Users\astag\Documents\Master Thesis\Speech-Enhancement-PTQ-QAT-comparison\Code\noisy\p257_344.wav,1.8986875,16000,6,3.8048089,4.208032,4.0837398,3.3104881239780783,3.655447576040459,3.978554748669321,3.2614784
745,c:\Users\astag\Documents\Master Thesis\Speech-Enhancement-PTQ-QAT-comparison\Code\noisy\p257_358.wav,3.596,16000,5,3.4857552,4.0026402,3.7538826,3.111739344839411,3.545892214754646,3.7882681937417457,3.6165211
746,c:\Users\astag\Documents\Master Thesis\Speech-Enhancement-PTQ-QAT-comparison\Code\noisy\p257_348.wav,2.04225,16000,7,3.109131,4.0394325,2.9851477,2.8597384993132526,3.5664219518496076,3.233131073071487,2.904318
747,c:\Users\astag\Documents\Master Thesis\Speech-Enhancement-PTQ-QAT-comparison\Code\noisy\p257_374.wav,2.58125,16000,1,3.1169627,3.8775344,3.218649,2.8655118510875246,3.4765374946556955,3.4192097755391826,2.948105
748,c:\Users\astag\Documents\Master Thesis\Speech-Enhancement-PTQ-QAT-comparison\Code\noisy\p257_346.wav,2.2230625,16000,8,3.0311093,4.091485,2.8394086,2.8053304018063687,3.594502435368831,3.111152765865789,2.8619044
749,c:\Users\astag\Documents\Master Thesis\Speech-Enhancement-PTQ-QAT-comparison\Code\noisy\p257_367.wav,3.2443125,16000,3,2.7544448,3.6291988,2.8066347,2.60466505048108,3.329491033037279,3.0826344654429803,2.752818
750,c:\Users\astag\Documents\Master Thesis\Speech-Enhancement-PTQ-QAT-comparison\Code\noisy\p257_355.wav,1.952,16000,6,1.5848494,2.249666,1.5077161,1.6430959588746503,2.3188341126684473,1.730068150205671,2.4873683
751,c:\Users\astag\Documents\Master Thesis\Speech-Enhancement-PTQ-QAT-comparison\Code\noisy\p257_376.wav,2.27,16000,1,3.2696352,3.5260913,4.1140604,2.969837477948571,3.2659751358851823,3.9955552764919666,3.3192956
752,c:\Users\astag\Documents\Master Thesis\Speech-Enhancement-PTQ-QAT-comparison\Code\noisy\p257_377.wav,2.689125,16000,1,3.7863562,4.020997,4.3281455,3.299524256311118,3.5565291003733956,4.102079601068442,3.6058698
753,c:\Users\astag\Documents\Master Thesis\Speech-Enhancement-PTQ-QAT-comparison\Code\noisy\p257_366.wav,3.3651875,16000,4,3.2512765,3.9802012,3.2985806,2.9573756371713573,3.5338550169611738,3.4790974706458004,3.387073
754,c:\Users\astag\Documents\Master Thesis\Speech-Enhancement-PTQ-QAT-comparison\Code\noisy\p257_373.wav,1.413125,16000,2,2.7483218,3.8375325,2.5370584,2.600495849309244,3.453428628106689,2.8389094793468903,2.9567456
755,c:\Users\astag\Documents\Master Thesis\Speech-Enhancement-PTQ-QAT-comparison\Code\noisy\p257_362.wav,1.8845,16000,6,2.7211049,4.02506,2.4029589,2.5802302667363617,3.558647479507906,2.709909896111729,2.5913973
756,c:\Users\astag\Documents\Master Thesis\Speech-Enhancement-PTQ-QAT-comparison\Code\noisy\p257_354.wav,2.0508125,16000,7,2.5947814,3.8399804,2.3311114,2.4846636183526516,3.454603338428259,2.639325451937087,2.5224025
757,c:\Users\astag\Documents\Master Thesis\Speech-Enhancement-PTQ-QAT-comparison\Code\noisy\p257_375.wav,2.8949375,16000,2,2.1083517,3.4001534,1.8374994,2.0953106860393325,3.182242449431869,2.1135860580468777,2.3173676
758,c:\Users\astag\Documents\Master Thesis\Speech-Enhancement-PTQ-QAT-comparison\Code\noisy\p257_357.wav,2.146625,16000,8,3.103706,3.4485042,3.790709,2.856186872866332,3.2165892967217227,3.811557371900267,3.2947297
759,c:\Users\astag\Documents\Master Thesis\Speech-Enhancement-PTQ-QAT-comparison\Code\noisy\p257_352.wav,2.114375,16000,7,3.127106,3.7243984,3.5494134,2.8724342613729226,3.38715894852461,3.6563795848034637,2.896368
760,c:\Users\astag\Documents\Master Thesis\Speech-Enhancement-PTQ-QAT-comparison\Code\noisy\p257_356.wav,2.1871875,16000,8,3.70531,4.0573077,4.081978,3.2501472604991988,3.5761923817812655,3.9781409307004774,3.4328632
761,c:\Users\astag\Documents\Master Thesis\Speech-Enhancement-PTQ-QAT-comparison\Code\noisy\p257_384.wav,2.78,16000,2,3.867775,4.151532,4.4046,3.348053708919535,3.62620104488704,4.137134820911984,3.4488366
762,c:\Users\astag\Documents\Master Thesis\Speech-Enhancement-PTQ-QAT-comparison\Code\noisy\p257_371.wav,1.639375,16000,4,2.389668,3.4458036,2.3588138,2.324958942329134,3.214330539251593,2.666878909478345,2.8060632
763,c:\Users\astag\Documents\Master Thesis\Speech-Enhancement-PTQ-QAT-comparison\Code\noisy\p257_387.wav,1.43375,16000,2,2.7614336,3.7421508,2.7454598,2.610192034154932,3.397648000433578,3.029271439244127,2.9164152
764,c:\Users\astag\Documents\Master Thesis\Speech-Enhancement-PTQ-QAT-comparison\Code\noisy\p257_363.wav,2.0768125,16000,7,2.7213244,4.1286726,2.3090508,2.5803827234226206,3.6142691417610098,2.617392514663648,2.6847706
765,c:\Users\astag\Documents\Master Thesis\Speech-Enhancement-PTQ-QAT-comparison\Code\noisy\p257_392.wav,2.4369375,16000,1,3.0145855,3.3582783,3.6735656,2.7937877549326995,3.158114988936729,3.738408899721448,2.9952323
766,c:\Users\astag\Documents\Master Thesis\Speech-Enhancement-PTQ-QAT-comparison\Code\noisy\p257_391.wav,2.3073125,16000,1,2.776336,3.8249438,2.6902003,2.621382156884772,3.446348327783913,2.9799931302606013,2.8681228
767,c:\Users\astag\Documents\Master Thesis\Speech-Enhancement-PTQ-QAT-comparison\Code\noisy\p257_381.wav,3.0371875,16000,3,3.1386967,4.0348363,3.094098,2.880473881664443,3.5639396556707,3.3222437035585783,3.1204903
768,c:\Users\astag\Documents\Master Thesis\Speech-Enhancement-PTQ-QAT-comparison\Code\noisy\p257_368.wav,2.0983125,16000,7,3.1311383,4.2351713,2.8574119,2.875307801125292,3.6693067452601307,3.126679124686464,2.9557471
769,c:\Users\astag\Documents\Master Thesis\Speech-Enhancement-PTQ-QAT-comparison\Code\noisy\p257_378.wav,1.72,16000,4,3.415952,3.9430122,3.818581,3.0668520680835427,3.5133800552927505,3.8282438320788392,2.5877047
770,c:\Users\astag\Documents\Master Thesis\Speech-Enhancement-PTQ-QAT-comparison\Code\noisy\p257_395.wav,2.34675,16000,1,1.1235316,1.3828928,1.1734412,1.213872783478601,1.5329452281517524,1.310900101024876,2.3792713
771,c:\Users\astag\Documents\Master Thesis\Speech-Enhancement-PTQ-QAT-comparison\Code\noisy\p257_393.wav,2.3480625,16000,1,3.4562278,4.3324866,3.243791,3.0930583202203326,3.71830877870786,3.4382739162057074,2.7944994
772,c:\Users\astag\Documents\Master Thesis\Speech-Enhancement-PTQ-QAT-comparison\Code\noisy\p257_365.wav,2.0990625,16000,7,3.5901072,4.1148405,3.849017,3.1785242608810984,3.606866134891907,3.8462865392455816,3.3497941
773,c:\Users\astag\Documents\Master Thesis\Speech-Enhancement-PTQ-QAT-comparison\Code\noisy\p257_383.wav,3.437125,16000,4,1.3712752,1.9513099,1.2013102,1.4482622792459983,2.0667238485506,1.3468661198355045,2.781242
774,c:\Users\astag\Documents\Master Thesis\Speech-Enhancement-PTQ-QAT-comparison\Code\noisy\p257_394.wav,2.88275,16000,2,2.9070513,3.7223132,2.9975996,2.7167481231950728,3.385598571366307,3.244342461692767,2.7398953
775,c:\Users\astag\Documents\Master Thesis\Speech-Enhancement-PTQ-QAT-comparison\Code\noisy\p257_372.wav,2.01,16000,7,3.0410135,3.8118172,3.1429176,2.8124276109090567,3.4386865037076264,3.3606258745847017,3.0198452
776,c:\Users\astag\Documents\Master Thesis\Speech-Enhancement-PTQ-QAT-comparison\Code\noisy\p257_370.wav,2.2164375,16000,8,1.0187624,1.0713433,1.0616065,1.1121897615166594,1.216799060711105,1.163845424328166,2.5169847
777,c:\Users\astag\Documents\Master Thesis\Speech-Enhancement-PTQ-QAT-comparison\Code\noisy\p257_390.wav,1.53725,16000,3,2.5381615,4.092484,2.193576,2.441297458791364,3.595011472888523,2.5000743357446065,2.7995157
778,c:\Users\astag\Documents\Master Thesis\Speech-Enhancement-PTQ-QAT-comparison\Code\noisy\p257_388.wav,1.6835,16000,4,3.2034607,3.6943574,3.6466236,2.924771043395948,3.369028948895843,3.7207860049966843,3.0430434
779,c:\Users\astag\Documents\Master Thesis\Speech-Enhancement-PTQ-QAT-comparison\Code\noisy\p257_399.wav,2.7849375,16000,2,3.1000357,3.994569,3.0013313,2.853506118940933,3.541740342341078,3.2470233377520654,3.1835585
780,c:\Users\astag\Documents\Master Thesis\Speech-Enhancement-PTQ-QAT-comparison\Code\noisy\p257_389.wav,3.359875,16000,4,2.6856074,3.875218,2.4460616,2.5536581615691185,3.4751168086934334,2.7521839510671064,2.632321
781,c:\Users\astag\Documents\Master Thesis\Speech-Enhancement-PTQ-QAT-comparison\Code\noisy\p257_404.wav,2.41,16000,1,3.687999,4.055366,4.165494,3.2395530528296503,3.575179257465493,4.022249063823104,3.1301365
782,c:\Users\astag\Documents\Master Thesis\Speech-Enhancement-PTQ-QAT-comparison\Code\noisy\p257_407.wav,2.5185625,16000,1,3.1442723,3.6974747,3.6203616,2.884404993480243,3.371248509896462,3.7038916000492206,3.385615
783,c:\Users\astag\Documents\Master Thesis\Speech-Enhancement-PTQ-QAT-comparison\Code\noisy\p257_382.wav,1.8805625,16000,6,2.953045,4.162663,2.7930171,2.749658808788642,3.631952447729129,3.0698701110198363,2.7084186
784,c:\Users\astag\Documents\Master Thesis\Speech-Enhancement-PTQ-QAT-comparison\Code\noisy\p257_379.wav,3.5185,16000,5,3.2866333,4.149896,3.1831753,2.980823337007326,3.6253163837184976,3.390099684855509,3.1612916
785,c:\Users\astag\Documents\Master Thesis\Speech-Enhancement-PTQ-QAT-comparison\Code\noisy\p257_408.wav,2.3796875,16000,1,2.8804228,3.9294899,2.7398484,2.6976478986270327,3.5059059427871513,3.024387753551981,2.7855563
786,c:\Users\astag\Documents\Master Thesis\Speech-Enhancement-PTQ-QAT-comparison\Code\noisy\p257_398.wav,1.5800625,16000,3,3.08743,3.6994445,3.422362,2.8447845791226345,3.3722103162566923,3.5685898903870346,2.7744713
787,c:\Users\astag\Documents\Master Thesis\Speech-Enhancement-PTQ-QAT-comparison\Code\noisy\p257_396.wav,1.723875,16000,4,3.0086868,3.3011827,3.8765175,2.7895922661666868,3.1203028208949073,3.86309854706063,3.293554
788,c:\Users\astag\Documents\Master Thesis\Speech-Enhancement-PTQ-QAT-comparison\Code\noisy\p257_406.wav,2.800125,16000,2,3.6092455,4.0554795,3.9228745,3.1905870686292586,3.57511429336486,3.8900620990253816,3.237434
789,c:\Users\astag\Documents\Master Thesis\Speech-Enhancement-PTQ-QAT-comparison\Code\noisy\p257_380.wav,2.2214375,16000,8,3.5606608,4.1447096,3.629341,3.159769560464258,3.622680085565581,3.7070429232776405,3.1716857
790,c:\Users\astag\Documents\Master Thesis\Speech-Enhancement-PTQ-QAT-comparison\Code\noisy\p257_386.wav,2.179125,16000,8,3.1216204,3.6056933,3.690389,2.868550995986986,3.314609681240491,3.7480069115938615,3.324426
791,c:\Users\astag\Documents\Master Thesis\Speech-Enhancement-PTQ-QAT-comparison\Code\noisy\p257_385.wav,2.21475,16000,8,3.7338302,4.1013913,4.0827265,3.2674758750376234,3.5994488105729445,3.9787837120389695,3.0673065
792,c:\Users\astag\Documents\Master Thesis\Speech-Enhancement-PTQ-QAT-comparison\Code\noisy\p257_402.wav,3.001375,16000,3,3.1573856,4.119472,3.0881507,2.893374438121596,3.6094350368037844,3.3168947205313213,3.1769428
793,c:\Users\astag\Documents\Master Thesis\Speech-Enhancement-PTQ-QAT-comparison\Code\noisy\p257_418.wav,2.6871875,16000,1,3.2890203,3.6811562,3.923094,2.982858206673619,3.3614372144421734,3.890349609669377,3.2173796
794,c:\Users\astag\Documents\Master Thesis\Speech-Enhancement-PTQ-QAT-comparison\Code\noisy\p257_419.wav,2.3035625,16000,1,3.518691,4.187506,3.5180013,3.13325481312908,3.6450368221652885,3.6353865027495296,2.972296
795,c:\Users\astag\Documents\Master Thesis\Speech-Enhancement-PTQ-QAT-comparison\Code\noisy\p257_401.wav,1.774,16000,5,3.284349,4.149141,3.1706731,2.979643766818075,3.6250375582638568,3.3820512549830264,3.165664
796,c:\Users\astag\Documents\Master Thesis\Speech-Enhancement-PTQ-QAT-comparison\Code\noisy\p257_411.wav,3.1709375,16000,3,2.2639894,3.8977373,1.9158281,2.2245802681833813,3.4879746686318014,2.203526285142419,2.4565182
797,c:\Users\astag\Documents\Master Thesis\Speech-Enhancement-PTQ-QAT-comparison\Code\noisy\p257_426.wav,2.298125,16000,1,2.4713783,4.000248,2.107208,2.389495584300936,3.545173676514483,2.4101264458208953,2.2497585
798,c:\Users\astag\Documents\Master Thesis\Speech-Enhancement-PTQ-QAT-comparison\Code\noisy\p257_397.wav,1.8796875,16000,6,3.4927757,3.828912,4.1183867,3.1164761686356655,3.4484303512415235,3.99757459601573,3.3131762
799,c:\Users\astag\Documents\Master Thesis\Speech-Enhancement-PTQ-QAT-comparison\Code\noisy\p257_420.wav,1.61125,16000,3,3.4122627,3.8514185,3.7791855,3.064273263676538,3.46145032718166,3.804317884587172,3.229996
800,c:\Users\astag\Documents\Master Thesis\Speech-Enhancement-PTQ-QAT-comparison\Code\noisy\p257_400.wav,1.9045,16000,6,3.7292583,4.292236,3.8157117,3.2646131951678146,3.6982069969818228,3.825475001807403,3.2628472
801,c:\Users\astag\Documents\Master Thesis\Speech-Enhancement-PTQ-QAT-comparison\Code\noisy\p257_428.wav,2.4295,16000,1,3.2664719,3.907099,3.4567733,2.9677078773145116,3.493304838412832,3.5930905189564606,3.5233686
802,c:\Users\astag\Documents\Master Thesis\Speech-Enhancement-PTQ-QAT-comparison\Code\noisy\p257_410.wav,3.5811875,16000,5,2.9587321,3.9027696,2.8178685,2.753536064927856,3.490434342179804,3.0915087398604824,2.8566368
803,c:\Users\astag\Documents\Master Thesis\Speech-Enhancement-PTQ-QAT-comparison\Code\noisy\p257_422.wav,3.0680625,16000,3,2.604207,4.06918,2.1575608,2.4920259770166595,3.5825608511156637,2.4628342127048577,2.629678
804,c:\Users\astag\Documents\Master Thesis\Speech-Enhancement-PTQ-QAT-comparison\Code\noisy\p257_421.wav,1.5855625,16000,3,3.4214895,3.9303868,3.83599,3.0703072865932963,3.506252029894615,3.8390680983729144,2.9913905
805,c:\Users\astag\Documents\Master Thesis\Speech-Enhancement-PTQ-QAT-comparison\Code\noisy\p257_417.wav,1.6606875,16000,4,3.1538284,3.6051126,3.6648972,2.890926406995399,3.315060966461476,3.732694717070422,3.2815144
806,c:\Users\astag\Documents\Master Thesis\Speech-Enhancement-PTQ-QAT-comparison\Code\noisy\p257_425.wav,1.6238125,16000,3,3.3252685,3.8983624,3.6255503,3.0070130146963554,3.4883627453033537,3.7067755367723216,2.8676112
807,c:\Users\astag\Documents\Master Thesis\Speech-Enhancement-PTQ-QAT-comparison\Code\noisy\p257_431.wav,2.4120625,16000,1,2.6685386,3.909873,2.412886,2.540852222232457,3.49487055805832,2.720083654771677,2.7690494
808,c:\Users\astag\Documents\Master Thesis\Speech-Enhancement-PTQ-QAT-comparison\Code\noisy\p257_424.wav,3.435375,16000,4,3.5908136,4.0573177,3.7879467,3.1785680189033165,3.575977268225089,3.80944923288223,3.2118208
809,c:\Users\astag\Documents\Master Thesis\Speech-Enhancement-PTQ-QAT-comparison\Code\noisy\p257_429.wav,1.3905625,16000,2,1.8711352,2.6706047,1.8708789,1.8961579647037048,2.666251754577602,2.153498693429387,2.5804338
810,c:\Users\astag\Documents\Master Thesis\Speech-Enhancement-PTQ-QAT-comparison\Code\noisy\p257_433.wav,2.311,16000,1,3.2818317,3.7231314,3.7600477,2.9780356741965055,3.386583791616205,3.7929254187757016,2.7916863
811,c:\Users\astag\Documents\Master Thesis\Speech-Enhancement-PTQ-QAT-comparison\Code\noisy\p257_414.wav,1.8469375,16000,5,2.8956277,3.9216182,2.795489,2.708646201276369,3.5014392797838085,3.073245373862301,2.597306
812,c:\Users\astag\Documents\Master Thesis\Speech-Enhancement-PTQ-QAT-comparison\Code\noisy\p257_405.wav,2.0526875,16000,7,3.5422685,4.2152467,3.4174821,3.148164694571187,3.65921789657004,3.565243418630498,3.0187817
813,c:\Users\astag\Documents\Master Thesis\Speech-Enhancement-PTQ-QAT-comparison\Code\noisy\p257_409.wav,1.8818125,16000,6,3.0095332,4.262951,2.6457365,2.7898575303532103,3.6835439518363913,2.9387868492802607,2.7514536
814,c:\Users\astag\Documents\Master Thesis\Speech-Enhancement-PTQ-QAT-comparison\Code\noisy\p257_412.wav,1.9065625,16000,6,3.7050312,4.1243887,4.0658984,3.2496877571592937,3.611872386900414,3.9686738287227783,2.8271093
815,c:\Users\astag\Documents\Master Thesis\Speech-Enhancement-PTQ-QAT-comparison\Code\noisy\p257_413.wav,2.035875,16000,7,3.4329515,4.042414,3.5429327,3.0774952972312257,3.5679451075512376,3.6496447454510674,2.999534
816,c:\Users\astag\Documents\Master Thesis\Speech-Enhancement-PTQ-QAT-comparison\Code\noisy\p257_403.wav,2.122,16000,7,3.0323486,3.892834,3.0566924,2.8062460271246032,3.4846018570017594,3.2918494926096047,2.795322
817,c:\Users\astag\Documents\Master Thesis\Speech-Enhancement-PTQ-QAT-comparison\Code\noisy\p257_416.wav,2.182375,16000,8,3.7444892,4.1292014,4.1589584,3.274062891160906,3.614524346060368,4.0184182868539455,3.2987134
818,c:\Users\astag\Documents\Master Thesis\Speech-Enhancement-PTQ-QAT-comparison\Code\noisy\p257_430.wav,3.41525,16000,4,2.5627348,3.864901,2.2491574,2.46002286668264,3.4690376956463416,2.556851948406031,2.646132
819,c:\Users\astag\Documents\Master Thesis\Speech-Enhancement-PTQ-QAT-comparison\Code\noisy\p257_415.wav,1.97725,16000,6,2.3399613,3.7359574,2.0008464,2.2848387943495996,3.391923458228772,2.295046868492494,2.419256
820,c:\Users\astag\Documents\Master Thesis\Speech-Enhancement-PTQ-QAT-comparison\Code\noisy\p257_423.wav,1.9526875,16000,6,2.4455442,3.4332716,2.4191506,2.3685556948018176,3.2055167875402746,2.7240126747948317,2.6391852
821,c:\Users\astag\Documents\Master Thesis\Speech-Enhancement-PTQ-QAT-comparison\Code\noisy\p257_427.wav,1.9245,16000,6,1.3574992,2.0440724,1.2954155,1.4350229456850696,2.1421627893506208,1.466459697654563,2.292274
822,c:\Users\astag\Documents\Master Thesis\Speech-Enhancement-PTQ-QAT-comparison\Code\noisy\p257_432.wav,2.21,16000,8,2.9345164,3.8113158,2.9662182,2.7366640507742943,3.438396516684832,3.218376805202932,2.7864573
823,c:\Users\astag\Documents\Master Thesis\Speech-Enhancement-PTQ-QAT-comparison\Code\noisy\p257_434.wav,2.083875,16000,7,3.027203,3.6841755,3.395612,2.802466924367694,3.3628152850869286,3.549780115599944,3.1186116
