,filename,len_in_sec,sr,num_hops,OVRL_raw,SIG_raw,BAK_raw,OVRL,SIG,BAK,P808_MOS
0,c:\Users\astag\Documents\Master Thesis\Speech-Enhancement-PTQ-QAT-comparison\Code\enhanced\p232_002.wav,2.7151875,16000,1,4.1028023,4.2426395,4.5379066,3.483588873223039,3.673316740159363,4.194746197110242,3.7091603
1,c:\Users\astag\Documents\Master Thesis\Speech-Enhancement-PTQ-QAT-comparison\Code\enhanced\p232_015.wav,5.3199375,16000,1,4.1876726,4.3996887,4.5497327,3.5306501282681295,3.751074804086631,4.199625571428255,4.028438
2,c:\Users\astag\Documents\Master Thesis\Speech-Enhancement-PTQ-QAT-comparison\Code\enhanced\p232_014.wav,4.616875,16000,1,3.9085562,4.1420503,4.384492,3.372209450230484,3.6213368481281663,4.128110063749256,3.8453243
3,c:\Users\astag\Documents\Master Thesis\Speech-Enhancement-PTQ-QAT-comparison\Code\enhanced\p232_006.wav,5.1035,16000,1,3.8541543,4.109844,4.3049054,3.3401005001858532,3.6043351084683777,4.091099797709771,4.1472325
4,c:\Users\astag\Documents\Master Thesis\Speech-Enhancement-PTQ-QAT-comparison\Code\enhanced\p232_023.wav,9.768875,16000,1,3.6901076,4.0444355,4.0343723,3.2408524427540346,3.5692693704036094,3.9528217406539152,3.714539
5,c:\Users\astag\Documents\Master Thesis\Speech-Enhancement-PTQ-QAT-comparison\Code\enhanced\p232_022.wav,5.7939375,16000,2,3.9746628,4.22948,4.3544607,3.4105626558467588,3.6663870383339123,4.114298591450979,3.7914853
6,c:\Users\astag\Documents\Master Thesis\Speech-Enhancement-PTQ-QAT-comparison\Code\enhanced\p232_017.wav,2.8893125,16000,2,3.8695436,4.127304,4.2827563,3.3492163057871798,3.613552839184684,4.079973845887522,3.5001903
7,c:\Users\astag\Documents\Master Thesis\Speech-Enhancement-PTQ-QAT-comparison\Code\enhanced\p232_010.wav,2.764375,16000,2,2.8174253,3.2605186,3.4237568,2.651586971624808,3.093083404210682,3.5697972054625593,3.135697
8,c:\Users\astag\Documents\Master Thesis\Speech-Enhancement-PTQ-QAT-comparison\Code\enhanced\p232_016.wav,5.5693125,16000,2,4.1529,4.372389,4.489314,3.5112573310199595,3.737756441963578,4.173664330041047,4.1579385
9,c:\Users\astag\Documents\Master Thesis\Speech-Enhancement-PTQ-QAT-comparison\Code\enhanced\p232_001.wav,1.7413125,16000,4,3.7751102,4.0664196,4.236368,3.292520303414032,3.580822541641846,4.057775231409564,3.7010195
10,c:\Users\astag\Documents\Master Thesis\Speech-Enhancement-PTQ-QAT-comparison\Code\enhanced\p232_031.wav,2.2903125,16000,1,3.8899248,4.163554,4.2968507,3.3612579277419865,3.632591891555211,4.087261140996909,3.5672476
11,c:\Users\astag\Documents\Master Thesis\Speech-Enhancement-PTQ-QAT-comparison\Code\enhanced\p232_024.wav,5.5204375,16000,2,3.9510424,4.241478,4.2104797,3.396988101116956,3.6727256056684072,4.044529485829914,3.8933282
12,c:\Users\astag\Documents\Master Thesis\Speech-Enhancement-PTQ-QAT-comparison\Code\enhanced\p232_005.wav,6.246625,16000,3,4.0739775,4.31459,4.3969398,3.4673412065095186,3.70941281631823,4.133673226622922,4.0430245
13,c:\Users\astag\Documents\Master Thesis\Speech-Enhancement-PTQ-QAT-comparison\Code\enhanced\p232_011.wav,6.538125,16000,4,4.0074306,4.2385793,4.398952,3.4294058973186754,3.6711116031488875,4.1336651226168115,4.0423355
14,c:\Users\astag\Documents\Master Thesis\Speech-Enhancement-PTQ-QAT-comparison\Code\enhanced\p232_020.wav,3.6166875,16000,5,4.0158615,4.247017,4.3481655,3.4342902000943276,3.6754971911304155,4.111246390910739,3.797689
15,c:\Users\astag\Documents\Master Thesis\Speech-Enhancement-PTQ-QAT-comparison\Code\enhanced\p232_029.wav,3.4153125,16000,4,3.7309299,3.986904,4.2961545,3.2657359117832634,3.537726850843952,4.08669295259837,3.9542
16,c:\Users\astag\Documents\Master Thesis\Speech-Enhancement-PTQ-QAT-comparison\Code\enhanced\p232_034.wav,1.472,16000,2,3.6351442,4.032686,4.0080914,3.2067729336828643,3.5628843256490557,3.9383535807192005,3.1233277
17,c:\Users\astag\Documents\Master Thesis\Speech-Enhancement-PTQ-QAT-comparison\Code\enhanced\p232_036.wav,2.843375,16000,2,3.521408,3.7665465,4.217938,3.1349106446902395,3.41213075818715,4.048743742703968,3.547944
18,c:\Users\astag\Documents\Master Thesis\Speech-Enhancement-PTQ-QAT-comparison\Code\enhanced\p232_007.wav,3.955875,16000,6,3.9739692,4.223621,4.352015,3.410237008338252,3.6635998463660315,4.112875721376734,3.990207
19,c:\Users\astag\Documents\Master Thesis\Speech-Enhancement-PTQ-QAT-comparison\Code\enhanced\p232_033.wav,1.4479375,16000,2,3.2395399,3.8091695,3.508924,2.9494151638350488,3.4371916214321843,3.6287548578183495,3.499978
20,c:\Users\astag\Documents\Master Thesis\Speech-Enhancement-PTQ-QAT-comparison\Code\enhanced\p232_019.wav,6.7355625,16000,4,4.1843176,4.3828764,4.520034,3.5286830374084497,3.7428570419065172,4.18706355185474,3.70862
21,c:\Users\astag\Documents\Master Thesis\Speech-Enhancement-PTQ-QAT-comparison\Code\enhanced\p232_035.wav,3.1585,16000,3,4.059615,4.296841,4.4044986,3.459236767891477,3.7005989105816632,4.137038376403237,3.669344
22,c:\Users\astag\Documents\Master Thesis\Speech-Enhancement-PTQ-QAT-comparison\Code\enhanced\p232_045.wav,1.2375625,16000,1,3.4067523,3.6896675,4.1611357,3.060845063604188,3.3665600920591636,4.020014144336346,3.228753
23,c:\Users\astag\Documents\Master Thesis\Speech-Enhancement-PTQ-QAT-comparison\Code\enhanced\p232_009.wav,4.157625,16000,7,3.992348,4.2661476,4.310943,3.42081827569258,3.6850187368373857,4.093824725318316,3.8273356
24,c:\Users\astag\Documents\Master Thesis\Speech-Enhancement-PTQ-QAT-comparison\Code\enhanced\p232_042.wav,2.5135625,16000,1,3.9601872,4.1565537,4.408008,3.4023125400590457,3.628936419940927,4.138726595458947,4.036091
25,c:\Users\astag\Documents\Master Thesis\Speech-Enhancement-PTQ-QAT-comparison\Code\enhanced\p232_027.wav,3.7711875,16000,6,4.054525,4.3288016,4.3377175,3.4562183969629245,3.716358970898573,4.10593419459837,3.9220068
26,c:\Users\astag\Documents\Master Thesis\Speech-Enhancement-PTQ-QAT-comparison\Code\enhanced\p232_012.wav,4.335625,16000,8,3.8149486,4.1218004,4.1663465,3.316678294637879,3.6105932153373614,4.02166636157922,3.934745
27,c:\Users\astag\Documents\Master Thesis\Speech-Enhancement-PTQ-QAT-comparison\Code\enhanced\p232_032.wav,3.4900625,16000,4,3.7591643,4.0085263,4.245338,3.2830270722681454,3.549644781280278,4.062076236223591,3.4216323
28,c:\Users\astag\Documents\Master Thesis\Speech-Enhancement-PTQ-QAT-comparison\Code\enhanced\p232_025.wav,1.8756875,16000,6,3.827327,4.12025,4.233395,3.3240271572904874,3.6098091721373646,4.0561608639832505,3.7822628
29,c:\Users\astag\Documents\Master Thesis\Speech-Enhancement-PTQ-QAT-comparison\Code\enhanced\p232_003.wav,7.184875,16000,5,3.9015822,4.102704,4.465673,3.3680314654572974,3.6004423456228265,4.163913841142827,3.8439898
30,c:\Users\astag\Documents\Master Thesis\Speech-Enhancement-PTQ-QAT-comparison\Code\enhanced\p232_044.wav,1.3833125,16000,2,3.291558,3.5815501,4.077501,2.9845529413069305,3.3005807286289435,3.976132040009508,2.9891567
31,c:\Users\astag\Documents\Master Thesis\Speech-Enhancement-PTQ-QAT-comparison\Code\enhanced\p232_013.wav,3.9434375,16000,6,3.876665,4.1159925,4.3274283,3.3533574514763647,3.6075616395702936,4.101488058539184,3.8936853
32,c:\Users\astag\Documents\Master Thesis\Speech-Enhancement-PTQ-QAT-comparison\Code\enhanced\p232_030.wav,3.8489375,16000,6,3.708101,3.962787,4.263177,3.251816080834098,3.524367724045959,4.070977547606412,3.7685473
33,c:\Users\astag\Documents\Master Thesis\Speech-Enhancement-PTQ-QAT-comparison\Code\enhanced\p232_046.wav,1.4159375,16000,2,3.3162847,3.7453833,3.7724037,3.0010852687793754,3.399791222151341,3.8005531006117637,3.1358266
34,c:\Users\astag\Documents\Master Thesis\Speech-Enhancement-PTQ-QAT-comparison\Code\enhanced\p232_049.wav,2.941125,16000,2,4.0466223,4.2633576,4.4085035,3.451826253962903,3.683772420509149,4.138702275170721,3.923871
35,c:\Users\astag\Documents\Master Thesis\Speech-Enhancement-PTQ-QAT-comparison\Code\enhanced\p232_028.wav,2.0649375,16000,7,3.759663,4.0672126,4.252597,3.2832253472169475,3.5813745858241366,4.065441689926422,3.613023
36,c:\Users\astag\Documents\Master Thesis\Speech-Enhancement-PTQ-QAT-comparison\Code\enhanced\p232_051.wav,1.47625,16000,2,3.4773417,3.8645368,3.8941987,3.106704627315383,3.4691163419658304,3.8735740525383955,3.1925263
37,c:\Users\astag\Documents\Master Thesis\Speech-Enhancement-PTQ-QAT-comparison\Code\enhanced\p232_059.wav,1.3204375,16000,1,3.6459115,3.8675601,4.282323,3.2134911112501183,3.470847564947441,4.08029440875227,3.0373557
38,c:\Users\astag\Documents\Master Thesis\Speech-Enhancement-PTQ-QAT-comparison\Code\enhanced\p232_037.wav,3.856,16000,6,3.8878443,4.162476,4.2564664,3.3599228614467105,3.631901471794956,4.067614085456689,3.7664115
39,c:\Users\astag\Documents\Master Thesis\Speech-Enhancement-PTQ-QAT-comparison\Code\enhanced\p232_038.wav,2.0905,16000,7,3.7917278,4.082125,4.2402577,3.302695005870876,3.5895070739853847,4.059741085223836,3.9259865
40,c:\Users\astag\Documents\Master Thesis\Speech-Enhancement-PTQ-QAT-comparison\Code\enhanced\p232_040.wav,1.8975,16000,6,3.7837555,4.1042223,4.150329,3.2977232675181654,3.601169085010259,4.014026836876393,3.2798998
41,c:\Users\astag\Documents\Master Thesis\Speech-Enhancement-PTQ-QAT-comparison\Code\enhanced\p232_050.wav,1.733375,16000,4,3.334262,3.5533772,4.1981683,3.013022944882336,3.2830362035118834,4.038515825320661,3.1415918
42,c:\Users\astag\Documents\Master Thesis\Speech-Enhancement-PTQ-QAT-comparison\Code\enhanced\p232_060.wav,2.34,16000,1,3.8096724,4.019281,4.384307,3.31354882167536,3.5555926472877797,4.128025961137186,3.3856483
43,c:\Users\astag\Documents\Master Thesis\Speech-Enhancement-PTQ-QAT-comparison\Code\enhanced\p232_021.wav,8.5095,16000,8,3.785113,4.1478825,4.054672,3.2985608067705927,3.6242933758182785,3.962566561440565,4.032891
44,c:\Users\astag\Documents\Master Thesis\Speech-Enhancement-PTQ-QAT-comparison\Code\enhanced\p232_039.wav,1.94,16000,6,3.3632782,3.7375546,3.942087,3.0322401144135838,3.3951355241278693,3.9012175439980417,3.4423513
45,c:\Users\astag\Documents\Master Thesis\Speech-Enhancement-PTQ-QAT-comparison\Code\enhanced\p232_048.wav,1.8196875,16000,5,3.552112,3.8623528,4.129822,3.153449268761759,3.466530442957297,4.002645058060319,3.4275024
46,c:\Users\astag\Documents\Master Thesis\Speech-Enhancement-PTQ-QAT-comparison\Code\enhanced\p232_063.wav,2.2636875,16000,1,3.599077,3.888281,4.1433487,3.1842079411582507,3.4826493937459557,4.010841167965058,3.7023904
47,c:\Users\astag\Documents\Master Thesis\Speech-Enhancement-PTQ-QAT-comparison\Code\enhanced\p232_043.wav,1.9603125,16000,6,3.9578838,4.1799083,4.4037614,3.400751680463694,3.6409095895397243,4.13635413125908,3.2459948
48,c:\Users\astag\Documents\Master Thesis\Speech-Enhancement-PTQ-QAT-comparison\Code\enhanced\p232_055.wav,1.52575,16000,3,3.0755453,3.4248044,3.7420914,2.83610767015473,3.2006684418089772,3.7815494141411,3.6746101
49,c:\Users\astag\Documents\Master Thesis\Speech-Enhancement-PTQ-QAT-comparison\Code\enhanced\p232_041.wav,2.0074375,16000,7,3.7074852,4.0499225,4.0891576,3.251357932837528,3.5722076519117403,3.9807987740593336,3.453375
50,c:\Users\astag\Documents\Master Thesis\Speech-Enhancement-PTQ-QAT-comparison\Code\enhanced\p232_067.wav,2.6171875,16000,1,4.045467,4.2787523,4.4643474,3.4512442827429433,3.691563612074381,4.163568945054411,3.7473924
51,c:\Users\astag\Documents\Master Thesis\Speech-Enhancement-PTQ-QAT-comparison\Code\enhanced\p232_062.wav,2.964,16000,2,3.4670897,4.0574865,3.5083876,3.1000860212568657,3.5762119823126817,3.628697892403104,3.5423417
52,c:\Users\astag\Documents\Master Thesis\Speech-Enhancement-PTQ-QAT-comparison\Code\enhanced\p232_070.wav,2.543875,16000,1,3.858866,4.099517,4.3098536,3.342897227825093,3.5988463687549412,4.093449468488908,3.6811757
53,c:\Users\astag\Documents\Master Thesis\Speech-Enhancement-PTQ-QAT-comparison\Code\enhanced\p232_053.wav,1.644,16000,4,3.8013492,4.0899763,4.2487884,3.308367248543912,3.5937299153637783,4.062743633759176,3.7420328
54,c:\Users\astag\Documents\Master Thesis\Speech-Enhancement-PTQ-QAT-comparison\Code\enhanced\p232_068.wav,2.5223125,16000,1,3.9794576,4.2352324,4.3665667,3.4134555803545954,3.6695470067328673,4.119919777264449,3.5480986
55,c:\Users\astag\Documents\Master Thesis\Speech-Enhancement-PTQ-QAT-comparison\Code\enhanced\p232_071.wav,2.5885625,16000,1,3.6964657,4.031304,4.136191,3.244766951630444,3.562142877242471,4.007126286778343,3.319484
56,c:\Users\astag\Documents\Master Thesis\Speech-Enhancement-PTQ-QAT-comparison\Code\enhanced\p232_069.wav,2.6688125,16000,1,3.8752909,4.1588564,4.280174,3.352623224734957,3.630139717272838,4.079259097167426,3.6900587
57,c:\Users\astag\Documents\Master Thesis\Speech-Enhancement-PTQ-QAT-comparison\Code\enhanced\p232_061.wav,3.248625,16000,3,3.9211075,4.176642,4.2900715,3.3794893700985535,3.6393819264565366,4.083873039896475,4.0495396
58,c:\Users\astag\Documents\Master Thesis\Speech-Enhancement-PTQ-QAT-comparison\Code\enhanced\p232_075.wav,2.3465,16000,1,3.706385,4.074219,4.1112375,3.2508629426448548,3.5853255840291878,3.99407005029229,3.6261973
59,c:\Users\astag\Documents\Master Thesis\Speech-Enhancement-PTQ-QAT-comparison\Code\enhanced\p232_065.wav,1.5235,16000,3,3.5125415,3.7222602,4.3394313,3.128636812155674,3.385033968337645,4.107299340018879,3.2951033
60,c:\Users\astag\Documents\Master Thesis\Speech-Enhancement-PTQ-QAT-comparison\Code\enhanced\p232_047.wav,1.9265,16000,6,3.644376,4.1776085,3.7803602,3.212367192925266,3.6396541554843513,3.804835549638413,3.160876
61,c:\Users\astag\Documents\Master Thesis\Speech-Enhancement-PTQ-QAT-comparison\Code\enhanced\p232_078.wav,2.2605625,16000,1,3.7447927,4.006224,4.287621,3.274341513949974,3.548451704795953,4.082841542604803,3.664937
62,c:\Users\astag\Documents\Master Thesis\Speech-Enhancement-PTQ-QAT-comparison\Code\enhanced\p232_079.wav,2.394375,16000,1,3.6199453,3.8998263,4.2119207,3.197292474710789,3.4891937855365187,4.045746133203244,3.7767231
63,c:\Users\astag\Documents\Master Thesis\Speech-Enhancement-PTQ-QAT-comparison\Code\enhanced\p232_056.wav,1.802625,16000,5,2.6711562,2.9525056,3.6451423,2.542731741897704,2.8776304058878766,3.7198983813953452,3.1971517
64,c:\Users\astag\Documents\Master Thesis\Speech-Enhancement-PTQ-QAT-comparison\Code\enhanced\p232_058.wav,3.898625,16000,6,3.8352423,4.149455,4.1805243,3.328537069298093,3.625083738647511,4.02870138088628,3.9923599
65,c:\Users\astag\Documents\Master Thesis\Speech-Enhancement-PTQ-QAT-comparison\Code\enhanced\p232_066.wav,3.2770625,16000,4,3.4446502,3.854783,3.8153791,3.0851885299700337,3.463451097961789,3.8211240117376235,3.6775787
66,c:\Users\astag\Documents\Master Thesis\Speech-Enhancement-PTQ-QAT-comparison\Code\enhanced\p232_054.wav,3.70625,16000,5,3.681245,4.2848964,3.6736512,3.2351650995402688,3.6946237236167976,3.7370330429293426,3.7414308
67,c:\Users\astag\Documents\Master Thesis\Speech-Enhancement-PTQ-QAT-comparison\Code\enhanced\p232_084.wav,1.3905625,16000,2,3.5492353,3.8721051,4.1288857,3.1526658443277804,3.473392319930131,4.003255844016932,3.368064
68,c:\Users\astag\Documents\Master Thesis\Speech-Enhancement-PTQ-QAT-comparison\Code\enhanced\p232_052.wav,2.1989375,16000,8,3.3565583,3.601049,4.0885386,3.027534561954711,3.312394664018949,3.9809521520996545,3.0829976
69,c:\Users\astag\Documents\Master Thesis\Speech-Enhancement-PTQ-QAT-comparison\Code\enhanced\p232_088.wav,2.9235625,16000,2,3.5259457,4.0287666,3.7774987,3.1377830372776074,3.5607553264822105,3.803121574562605,3.6739469
70,c:\Users\astag\Documents\Master Thesis\Speech-Enhancement-PTQ-QAT-comparison\Code\enhanced\p232_077.wav,1.7421875,16000,4,3.4946947,3.7619853,4.1596484,3.117634728547974,3.409329407562279,4.018828788724314,3.4889336
71,c:\Users\astag\Documents\Master Thesis\Speech-Enhancement-PTQ-QAT-comparison\Code\enhanced\p232_082.wav,1.559375,16000,3,3.1090534,3.9165688,3.0857735,2.859968133444356,3.4986100380805607,3.315336593626034,2.9934158
72,c:\Users\astag\Documents\Master Thesis\Speech-Enhancement-PTQ-QAT-comparison\Code\enhanced\p232_083.wav,1.661375,16000,4,3.696506,3.9152968,4.3001146,3.2447777296602642,3.497921098457565,4.088757365654455,3.1924877
73,c:\Users\astag\Documents\Master Thesis\Speech-Enhancement-PTQ-QAT-comparison\Code\enhanced\p232_057.wav,2.23575,16000,8,3.5697312,3.791246,4.349305,3.1655259477059206,3.426544174724287,4.111820787178201,3.6519432
74,c:\Users\astag\Documents\Master Thesis\Speech-Enhancement-PTQ-QAT-comparison\Code\enhanced\p232_064.wav,2.01025,16000,7,3.5771172,3.7681386,4.384542,3.1702796514863008,3.4131058379840185,4.1280987992098375,3.4162831
75,c:\Users\astag\Documents\Master Thesis\Speech-Enhancement-PTQ-QAT-comparison\Code\enhanced\p232_072.wav,1.987375,16000,6,3.744296,3.9560225,4.351971,3.273853741636304,3.5205324530335447,4.113131813750561,3.4850595
76,c:\Users\astag\Documents\Master Thesis\Speech-Enhancement-PTQ-QAT-comparison\Code\enhanced\p232_097.wav,2.704625,16000,1,3.8670378,4.054529,4.3690624,3.347740718534951,3.5747275019231872,4.1210651955555235,3.9061852
77,c:\Users\astag\Documents\Master Thesis\Speech-Enhancement-PTQ-QAT-comparison\Code\enhanced\p232_073.wav,1.9083125,16000,6,3.7840335,4.03618,4.281409,3.2978672736190995,3.5646348594789354,4.079709372396558,3.770231
78,c:\Users\astag\Documents\Master Thesis\Speech-Enhancement-PTQ-QAT-comparison\Code\enhanced\p232_094.wav,2.8159375,16000,2,3.4278967,3.7179427,4.0850096,3.0745557217664,3.3834370756999976,3.9799308445219563,3.8422523
79,c:\Users\astag\Documents\Master Thesis\Speech-Enhancement-PTQ-QAT-comparison\Code\enhanced\p232_098.wav,2.3846875,16000,1,4.129988,4.2891603,4.527356,3.4987697822300143,3.6967818133986694,4.190362020183386,3.5018928
80,c:\Users\astag\Documents\Master Thesis\Speech-Enhancement-PTQ-QAT-comparison\Code\enhanced\p232_091.wav,1.5625625,16000,3,3.75344,4.0340347,4.2167497,3.2795599463058553,3.563445572087026,4.047381722309443,3.1087017
81,c:\Users\astag\Documents\Master Thesis\Speech-Enhancement-PTQ-QAT-comparison\Code\enhanced\p232_076.wav,1.926875,16000,6,3.8078454,4.065917,4.3517203,3.3121631310520363,3.5806819372094716,4.111683100308886,3.162927
82,c:\Users\astag\Documents\Master Thesis\Speech-Enhancement-PTQ-QAT-comparison\Code\enhanced\p232_080.wav,2.08,16000,7,3.4552686,3.7807884,4.091553,3.0924014684733456,3.420606405761053,3.98348777076194,3.0853431
83,c:\Users\astag\Documents\Master Thesis\Speech-Enhancement-PTQ-QAT-comparison\Code\enhanced\p232_081.wav,1.8851875,16000,6,3.5965288,3.938758,4.0690784,3.1825620682750952,3.5110764727498576,3.971465045158111,3.6334789
84,c:\Users\astag\Documents\Master Thesis\Speech-Enhancement-PTQ-QAT-comparison\Code\enhanced\p232_086.wav,1.9684375,16000,6,4.1141376,4.3380394,4.4602814,3.489922030356501,3.72101513722105,4.161742730175134,3.8489368
85,c:\Users\astag\Documents\Master Thesis\Speech-Enhancement-PTQ-QAT-comparison\Code\enhanced\p232_074.wav,2.2096875,16000,8,3.48374,3.948944,3.76145,3.110315807486821,3.5165336464401378,3.7922402062339517,3.4395363
86,c:\Users\astag\Documents\Master Thesis\Speech-Enhancement-PTQ-QAT-comparison\Code\enhanced\p232_099.wav,2.7646875,16000,2,4.0038986,4.1880155,4.5055704,3.4275120324043398,3.6452991066508047,4.181216265999751,3.6799164
87,c:\Users\astag\Documents\Master Thesis\Speech-Enhancement-PTQ-QAT-comparison\Code\enhanced\p232_090.wav,3.943125,16000,6,3.926548,4.200606,4.299948,3.382675430671103,3.6517170602412663,4.088668775058946,3.765911
88,c:\Users\astag\Documents\Master Thesis\Speech-Enhancement-PTQ-QAT-comparison\Code\enhanced\p232_107.wav,2.6423125,16000,1,3.7543843,4.136053,4.0479302,3.2801736656061005,3.6181841050498234,3.9602103602897296,3.460442
89,c:\Users\astag\Documents\Master Thesis\Speech-Enhancement-PTQ-QAT-comparison\Code\enhanced\p232_106.wav,2.388,16000,1,3.7967772,4.0743656,4.2462597,3.3058015602041815,3.5854041334732734,4.062760259215631,3.7362998
90,c:\Users\astag\Documents\Master Thesis\Speech-Enhancement-PTQ-QAT-comparison\Code\enhanced\p232_092.wav,1.968,16000,6,3.2409408,3.5347927,3.9664726,2.950260785565199,3.2712441809419563,3.9147049749502223,3.2304459
91,c:\Users\astag\Documents\Master Thesis\Speech-Enhancement-PTQ-QAT-comparison\Code\enhanced\p232_113.wav,1.367625,16000,1,3.243277,3.5101712,4.1419783,2.952051471973089,3.25594567240487,4.01013096260353,3.0889857
92,c:\Users\astag\Documents\Master Thesis\Speech-Enhancement-PTQ-QAT-comparison\Code\enhanced\p232_089.wav,2.2335,16000,8,3.7576613,3.970749,4.3100705,3.281915063722522,3.5286779033990467,4.093197959190144,3.5101452
93,c:\Users\astag\Documents\Master Thesis\Speech-Enhancement-PTQ-QAT-comparison\Code\enhanced\p232_100.wav,1.5999375,16000,3,2.7870028,3.3738537,3.4490917,2.6292443294790844,3.1682439926324286,3.5875756367918825,3.3300972
94,c:\Users\astag\Documents\Master Thesis\Speech-Enhancement-PTQ-QAT-comparison\Code\enhanced\p232_096.wav,1.678,16000,4,3.6458845,3.9647582,4.200343,3.2133654532868414,3.525446933630988,4.039740757880273,3.1788049
95,c:\Users\astag\Documents\Master Thesis\Speech-Enhancement-PTQ-QAT-comparison\Code\enhanced\p232_115.wav,2.7448125,16000,1,3.8109589,4.0882177,4.240898,3.314320508511692,3.5928206235237705,4.060124193013471,3.6865098
96,c:\Users\astag\Documents\Master Thesis\Speech-Enhancement-PTQ-QAT-comparison\Code\enhanced\p232_087.wav,1.9781875,16000,6,3.6954098,4.05313,4.0360518,3.2439935917202347,3.5738089056904996,3.953567792101193,3.8620014
97,c:\Users\astag\Documents\Master Thesis\Speech-Enhancement-PTQ-QAT-comparison\Code\enhanced\p232_085.wav,2.0673125,16000,7,3.725114,3.969485,4.2789226,3.2622380841419516,3.5280752819081025,4.078569242255735,3.6937497
98,c:\Users\astag\Documents\Master Thesis\Speech-Enhancement-PTQ-QAT-comparison\Code\enhanced\p232_095.wav,3.5736875,16000,5,3.6982384,4.111261,3.9274058,3.2456936227052844,3.6050113635704144,3.891260914090842,3.4060504
99,c:\Users\astag\Documents\Master Thesis\Speech-Enhancement-PTQ-QAT-comparison\Code\enhanced\p232_114.wav,3.1960625,16000,3,3.970013,4.184034,4.4236956,3.4079364269914105,3.643137479631086,4.145719981089177,3.539994
100,c:\Users\astag\Documents\Master Thesis\Speech-Enhancement-PTQ-QAT-comparison\Code\enhanced\p232_109.wav,3.4916875,16000,4,4.119566,4.3199625,4.4887104,3.4928863833045583,3.712083215468607,4.173931104006024,3.8672104
101,c:\Users\astag\Documents\Master Thesis\Speech-Enhancement-PTQ-QAT-comparison\Code\enhanced\p232_093.wav,2.22125,16000,8,3.890662,4.146772,4.284031,3.3616043045837736,3.6237327906637797,4.081033674294346,3.8309364
102,c:\Users\astag\Documents\Master Thesis\Speech-Enhancement-PTQ-QAT-comparison\Code\enhanced\p232_118.wav,3.1344375,16000,3,4.0226254,4.2267094,4.4910474,3.4381609495353564,3.6651134470142908,4.174872523859907,3.9263928
103,c:\Users\astag\Documents\Master Thesis\Speech-Enhancement-PTQ-QAT-comparison\Code\enhanced\p232_112.wav,1.6440625,16000,4,3.02751,3.2771358,3.9432373,2.8025060024412585,3.1037120744847964,3.9015550832446158,3.3909123
104,c:\Users\astag\Documents\Master Thesis\Speech-Enhancement-PTQ-QAT-comparison\Code\enhanced\p232_120.wav,1.4630625,16000,2,3.4229445,3.7059646,4.1073112,3.0713593423135284,3.3763308614127086,3.9914625907537777,3.4982052
105,c:\Users\astag\Documents\Master Thesis\Speech-Enhancement-PTQ-QAT-comparison\Code\enhanced\p232_124.wav,1.4909375,16000,2,3.7526188,4.1078672,4.048745,3.2790631327652346,3.6032408372491354,3.9606060959520173,3.608499
106,c:\Users\astag\Documents\Master Thesis\Speech-Enhancement-PTQ-QAT-comparison\Code\enhanced\p232_108.wav,1.6815625,16000,4,3.5327973,3.8828113,4.0524135,3.1420780275401774,3.479413645214484,3.961759863868644,3.331543
107,c:\Users\astag\Documents\Master Thesis\Speech-Enhancement-PTQ-QAT-comparison\Code\enhanced\p232_101.wav,1.9461875,16000,6,3.784791,4.105452,4.2003994,3.298528178598634,3.6019677831863146,4.039818621337021,3.5578346
108,c:\Users\astag\Documents\Master Thesis\Speech-Enhancement-PTQ-QAT-comparison\Code\enhanced\p232_119.wav,3.1679375,16000,3,3.9666796,4.2349315,4.336065,3.4060105705510897,3.6693288188182485,4.10563051826128,3.9840276
109,c:\Users\astag\Documents\Master Thesis\Speech-Enhancement-PTQ-QAT-comparison\Code\enhanced\p232_102.wav,1.894,16000,6,3.5509179,3.7841609,4.220838,3.153571537412914,3.4224123451897372,4.049809052002771,3.3416224
110,c:\Users\astag\Documents\Master Thesis\Speech-Enhancement-PTQ-QAT-comparison\Code\enhanced\p232_103.wav,3.5469375,16000,5,3.7982254,4.0960283,4.184333,3.306653104519982,3.596982066710467,4.031773060727244,3.5128467
111,c:\Users\astag\Documents\Master Thesis\Speech-Enhancement-PTQ-QAT-comparison\Code\enhanced\p232_130.wav,2.464625,16000,1,3.9977949,4.2720046,4.3205886,3.4240123570685137,3.6881707984371994,4.0985249338510865,3.4406362
112,c:\Users\astag\Documents\Master Thesis\Speech-Enhancement-PTQ-QAT-comparison\Code\enhanced\p232_117.wav,3.4729375,16000,4,3.7411416,3.987094,4.2853746,3.2720061359973682,3.5379137137365864,4.081059154668851,3.7025762
113,c:\Users\astag\Documents\Master Thesis\Speech-Enhancement-PTQ-QAT-comparison\Code\enhanced\p232_133.wav,2.4395625,16000,1,3.812235,4.0842166,4.2703824,3.315085824571908,3.59068170378785,4.0745267988819505,3.6175404
114,c:\Users\astag\Documents\Master Thesis\Speech-Enhancement-PTQ-QAT-comparison\Code\enhanced\p232_121.wav,3.0648125,16000,3,3.6480896,3.9627068,4.104051,3.214636553058046,3.524244435487566,3.9899656455506105,3.6680171
115,c:\Users\astag\Documents\Master Thesis\Speech-Enhancement-PTQ-QAT-comparison\Code\enhanced\p232_125.wav,1.608,16000,3,3.3269405,3.9161403,3.5880077,3.0081733931049595,3.4983781392872992,3.6821013367881865,3.2689762
116,c:\Users\astag\Documents\Master Thesis\Speech-Enhancement-PTQ-QAT-comparison\Code\enhanced\p232_105.wav,1.7566875,16000,5,3.775313,4.0019283,4.384877,3.2926372053525603,3.54589647554166,4.128120695505111,3.5217354
117,c:\Users\astag\Documents\Master Thesis\Speech-Enhancement-PTQ-QAT-comparison\Code\enhanced\p232_128.wav,2.96175,16000,2,3.06342,3.4569678,3.6656218,2.8279287535521918,3.2217298788987754,3.7332840086743433,3.4079413
118,c:\Users\astag\Documents\Master Thesis\Speech-Enhancement-PTQ-QAT-comparison\Code\enhanced\p232_104.wav,3.92,16000,6,3.8648956,4.121815,4.2634444,3.346444175982572,3.610634429806341,4.070669114378462,3.4035814
119,c:\Users\astag\Documents\Master Thesis\Speech-Enhancement-PTQ-QAT-comparison\Code\enhanced\p232_142.wav,2.7140625,16000,1,3.8825827,4.099438,4.3420825,3.356929357131642,3.598804484414036,4.10859592640005,3.3622274
120,c:\Users\astag\Documents\Master Thesis\Speech-Enhancement-PTQ-QAT-comparison\Code\enhanced\p232_144.wav,2.280125,16000,1,3.7352452,4.030982,4.209511,3.2685238177841947,3.561967838330354,4.044540407343852,3.8730896
121,c:\Users\astag\Documents\Master Thesis\Speech-Enhancement-PTQ-QAT-comparison\Code\enhanced\p232_145.wav,2.65,16000,1,3.6066096,3.9045491,4.142886,3.188937715311299,3.4918644744247787,4.010601522769657,3.3378208
122,c:\Users\astag\Documents\Master Thesis\Speech-Enhancement-PTQ-QAT-comparison\Code\enhanced\p232_110.wav,2.034625,16000,7,2.9961393,3.8888934,2.9137228,2.7805870356745603,3.482945984420014,3.1745427320465005,3.0766501
123,c:\Users\astag\Documents\Master Thesis\Speech-Enhancement-PTQ-QAT-comparison\Code\enhanced\p232_116.wav,1.98325,16000,6,3.553624,4.00345,3.8439076,3.1554109391936422,3.5469078274276806,3.8430751810365114,3.4806764
124,c:\Users\astag\Documents\Master Thesis\Speech-Enhancement-PTQ-QAT-comparison\Code\enhanced\p232_131.wav,3.054,16000,3,3.831254,4.0655828,4.370403,3.3264241079984536,3.5806565543021005,4.121607061003863,3.8244684
125,c:\Users\astag\Documents\Master Thesis\Speech-Enhancement-PTQ-QAT-comparison\Code\enhanced\p232_147.wav,2.72525,16000,1,3.860039,4.124426,4.3001075,3.343593041501792,3.612054430983472,4.088815295609641,3.870095
126,c:\Users\astag\Documents\Master Thesis\Speech-Enhancement-PTQ-QAT-comparison\Code\enhanced\p232_138.wav,1.5735,16000,3,3.4495738,3.7352085,4.1187115,3.088636597010009,3.3936399016252174,3.997975209623389,3.2842672
127,c:\Users\astag\Documents\Master Thesis\Speech-Enhancement-PTQ-QAT-comparison\Code\enhanced\p232_123.wav,3.707125,16000,5,3.838305,4.0710235,4.3394337,3.3305497170780405,3.583519167459231,4.107213102236889,3.8186107
128,c:\Users\astag\Documents\Master Thesis\Speech-Enhancement-PTQ-QAT-comparison\Code\enhanced\p232_140.wav,1.5865,16000,3,3.2425976,3.6387007,3.7930572,2.951569234658989,3.3356751802595803,3.812972829900287,3.6119556
129,c:\Users\astag\Documents\Master Thesis\Speech-Enhancement-PTQ-QAT-comparison\Code\enhanced\p232_136.wav,1.7381875,16000,4,3.6669397,3.9498677,4.1111774,3.2264779206155114,3.5172643812558366,3.9938481475200875,3.69308
130,c:\Users\astag\Documents\Master Thesis\Speech-Enhancement-PTQ-QAT-comparison\Code\enhanced\p232_151.wav,2.7268125,16000,1,4.0482755,4.3105154,4.417217,3.45283904310711,3.707431646091262,4.142844234858547,3.288033
131,c:\Users\astag\Documents\Master Thesis\Speech-Enhancement-PTQ-QAT-comparison\Code\enhanced\p232_137.wav,1.6191875,16000,3,3.0960858,3.5059836,3.6574774,2.8509781322742005,3.2532856467795512,3.7279928337187656,3.4269974
132,c:\Users\astag\Documents\Master Thesis\Speech-Enhancement-PTQ-QAT-comparison\Code\enhanced\p232_127.wav,1.9740625,16000,6,3.3695545,3.5933526,4.150115,3.036265621006262,3.307699944708274,4.013951154819134,3.7121334
133,c:\Users\astag\Documents\Master Thesis\Speech-Enhancement-PTQ-QAT-comparison\Code\enhanced\p232_129.wav,3.5615,16000,5,4.061418,4.296789,4.415271,3.460179885127863,3.700490060399517,4.141791056598345,3.6842628
134,c:\Users\astag\Documents\Master Thesis\Speech-Enhancement-PTQ-QAT-comparison\Code\enhanced\p232_132.wav,1.8530625,16000,5,3.555614,3.9123542,4.15904,3.156670644287124,3.4962673521177416,4.018336557509815,3.1036644
135,c:\Users\astag\Documents\Master Thesis\Speech-Enhancement-PTQ-QAT-comparison\Code\enhanced\p232_158.wav,2.6820625,16000,1,3.8148959,4.1595583,4.236755,3.316680656078247,3.6305063353099256,4.058081940998504,3.7116706
136,c:\Users\astag\Documents\Master Thesis\Speech-Enhancement-PTQ-QAT-comparison\Code\enhanced\p232_155.wav,2.5508125,16000,1,3.69455,3.9710393,4.2061496,3.2435880959824623,3.5290660240506346,4.042856182931165,2.9478989
137,c:\Users\astag\Documents\Master Thesis\Speech-Enhancement-PTQ-QAT-comparison\Code\enhanced\p232_134.wav,1.8035625,16000,5,3.188829,3.6151214,3.7228997,2.914936131325534,3.321206120331786,3.769509638298106,3.0078013
138,c:\Users\astag\Documents\Master Thesis\Speech-Enhancement-PTQ-QAT-comparison\Code\enhanced\p232_154.wav,2.3406875,16000,1,3.673074,3.9200237,4.3139234,3.2303384507517263,3.5005888506435796,4.09537722160828,3.304021
139,c:\Users\astag\Documents\Master Thesis\Speech-Enhancement-PTQ-QAT-comparison\Code\enhanced\p232_161.wav,2.7218125,16000,1,3.9119728,4.2108045,4.240631,3.37421258558489,3.6570496406837902,4.059992707578221,3.6624937
140,c:\Users\astag\Documents\Master Thesis\Speech-Enhancement-PTQ-QAT-comparison\Code\enhanced\p232_164.wav,2.468875,16000,1,3.5887835,3.8444922,4.192007,3.1777321695442997,3.457624160533875,4.035737135053391,3.2908058
141,c:\Users\astag\Documents\Master Thesis\Speech-Enhancement-PTQ-QAT-comparison\Code\enhanced\p232_141.wav,1.7359375,16000,4,3.4259086,3.8033977,3.908906,3.0732540831739756,3.4338187791390915,3.8812837035407446,3.6264405
142,c:\Users\astag\Documents\Master Thesis\Speech-Enhancement-PTQ-QAT-comparison\Code\enhanced\p232_126.wav,2.1139375,16000,7,3.5638177,3.973341,3.8861012,3.1615236250758523,3.530180386081594,3.8649508016868075,3.457414
143,c:\Users\astag\Documents\Master Thesis\Speech-Enhancement-PTQ-QAT-comparison\Code\enhanced\p232_167.wav,2.6829375,16000,1,3.9745455,4.2434716,4.3444343,3.410619929235884,3.6737396345830207,4.109690462262167,3.9560049
144,c:\Users\astag\Documents\Master Thesis\Speech-Enhancement-PTQ-QAT-comparison\Code\enhanced\p232_135.wav,1.9836875,16000,6,3.7278326,4.007047,4.2261887,3.263881053222933,3.548767375255446,4.052669091661639,3.9445183
145,c:\Users\astag\Documents\Master Thesis\Speech-Enhancement-PTQ-QAT-comparison\Code\enhanced\p232_139.wav,2.1856875,16000,8,3.7911947,4.0298944,4.288371,3.302368404104308,3.56130085096352,4.083106735494546,3.852258
146,c:\Users\astag\Documents\Master Thesis\Speech-Enhancement-PTQ-QAT-comparison\Code\enhanced\p232_162.wav,1.5961875,16000,3,3.5643895,3.8543491,4.123043,3.1622980165192303,3.4632154967081425,4.000195021555491,3.855158
147,c:\Users\astag\Documents\Master Thesis\Speech-Enhancement-PTQ-QAT-comparison\Code\enhanced\p232_143.wav,1.774,16000,5,3.4088454,3.79392,3.9950986,3.0621247992034917,3.4282521879588996,3.9305133833998673,3.359653
148,c:\Users\astag\Documents\Master Thesis\Speech-Enhancement-PTQ-QAT-comparison\Code\enhanced\p232_146.wav,2.0406875,16000,7,3.7044091,3.9810789,4.2201242,3.248730536380722,3.5334612519973017,4.049116242191531,3.1859677
149,c:\Users\astag\Documents\Master Thesis\Speech-Enhancement-PTQ-QAT-comparison\Code\enhanced\p232_169.wav,3.3879375,16000,4,3.7559059,3.9914525,4.2713385,3.2808967367958557,3.539990164809473,4.074879207480198,3.8199832
150,c:\Users\astag\Documents\Master Thesis\Speech-Enhancement-PTQ-QAT-comparison\Code\enhanced\p232_176.wav,2.77025,16000,2,3.672101,4.0262756,4.0769997,3.229726665581209,3.559349123718249,3.975815158069526,3.5054264
151,c:\Users\astag\Documents\Master Thesis\Speech-Enhancement-PTQ-QAT-comparison\Code\enhanced\p232_159.wav,1.8755,16000,6,3.469922,3.799988,4.0611115,3.101718481095462,3.431762351000946,3.9665270244316075,3.2396212
152,c:\Users\astag\Documents\Master Thesis\Speech-Enhancement-PTQ-QAT-comparison\Code\enhanced\p232_152.wav,1.866,16000,5,3.7310956,3.9960659,4.2548184,3.265902950082322,3.5428271769359894,4.066490514059968,3.560622
153,c:\Users\astag\Documents\Master Thesis\Speech-Enhancement-PTQ-QAT-comparison\Code\enhanced\p232_153.wav,1.9315,16000,6,3.7569807,4.0440407,4.2330537,3.281629017567863,3.5689810058276694,4.055970346970634,3.5370061
154,c:\Users\astag\Documents\Master Thesis\Speech-Enhancement-PTQ-QAT-comparison\Code\enhanced\p232_175.wav,3.126,16000,3,4.0200515,4.281069,4.364201,3.436720374116146,3.6926716294531694,4.11881735630605,3.6710024
155,c:\Users\astag\Documents\Master Thesis\Speech-Enhancement-PTQ-QAT-comparison\Code\enhanced\p232_148.wav,3.873,16000,6,3.8628063,4.158033,4.258348,3.3451827818055775,3.6295907991506855,4.068656157149661,3.6900587
156,c:\Users\astag\Documents\Master Thesis\Speech-Enhancement-PTQ-QAT-comparison\Code\enhanced\p232_165.wav,1.749,16000,4,3.5562756,3.8694391,4.0936933,3.157082215475819,3.4717055759094393,3.9847705945530167,3.4215186
157,c:\Users\astag\Documents\Master Thesis\Speech-Enhancement-PTQ-QAT-comparison\Code\enhanced\p232_150.wav,2.1053125,16000,7,3.8519,4.157129,4.1972966,3.338665508566474,3.629214915159511,4.037792975281399,3.577418
158,c:\Users\astag\Documents\Master Thesis\Speech-Enhancement-PTQ-QAT-comparison\Code\enhanced\p232_156.wav,2.05675,16000,7,3.6159396,3.8983247,4.1361094,3.194638447558031,3.488117500400214,4.006995594096858,3.8440173
159,c:\Users\astag\Documents\Master Thesis\Speech-Enhancement-PTQ-QAT-comparison\Code\enhanced\p232_182.wav,2.512,16000,1,3.3835983,3.8154597,3.809855,3.045655786947398,3.4408546560725917,3.823429135591585,3.609995
160,c:\Users\astag\Documents\Master Thesis\Speech-Enhancement-PTQ-QAT-comparison\Code\enhanced\p232_160.wav,3.9424375,16000,6,3.6386185,3.9914968,4.044151,3.208806241303367,3.5402328008185364,3.958015704431633,3.3201342
161,c:\Users\astag\Documents\Master Thesis\Speech-Enhancement-PTQ-QAT-comparison\Code\enhanced\p232_189.wav,2.55325,16000,1,3.678484,4.0470123,4.04882,3.2336820062186753,3.5706644088102677,3.9606935677443067,3.4627807
162,c:\Users\astag\Documents\Master Thesis\Speech-Enhancement-PTQ-QAT-comparison\Code\enhanced\p232_163.wav,2.163375,16000,8,3.6936886,3.9948916,4.2845097,3.2429926354342444,3.5421193268361657,4.081154806031521,3.4296088
163,c:\Users\astag\Documents\Master Thesis\Speech-Enhancement-PTQ-QAT-comparison\Code\enhanced\p232_187.wav,1.374625,16000,1,3.4262078,3.674234,4.1624746,3.0735519371889164,3.3572618063863944,4.020701290856624,3.108841
164,c:\Users\astag\Documents\Master Thesis\Speech-Enhancement-PTQ-QAT-comparison\Code\enhanced\p232_180.wav,3.2495,16000,3,3.8535578,4.2183976,4.040154,3.3396310195015535,3.660918468464066,3.955419663308067,3.814724
165,c:\Users\astag\Documents\Master Thesis\Speech-Enhancement-PTQ-QAT-comparison\Code\enhanced\p232_170.wav,2.0926875,16000,7,3.8658886,4.1097784,4.3417654,3.3468545796272258,3.604157292217347,4.107974809178289,3.2879722
166,c:\Users\astag\Documents\Master Thesis\Speech-Enhancement-PTQ-QAT-comparison\Code\enhanced\p232_185.wav,2.85575,16000,2,3.7813275,4.1395273,4.0615644,3.2963755258296796,3.619985418510466,3.96711348783319,4.041973
167,c:\Users\astag\Documents\Master Thesis\Speech-Enhancement-PTQ-QAT-comparison\Code\enhanced\p232_171.wav,2.014125,16000,7,3.9085748,4.130655,4.4468713,3.3721678375209403,3.6152697500433613,4.155843655182477,3.745093
168,c:\Users\astag\Documents\Master Thesis\Speech-Enhancement-PTQ-QAT-comparison\Code\enhanced\p232_193.wav,2.41775,16000,1,3.761195,4.0872207,4.114318,3.284307326073581,3.5922878657285446,3.9956906487702772,3.5196583
169,c:\Users\astag\Documents\Master Thesis\Speech-Enhancement-PTQ-QAT-comparison\Code\enhanced\p232_195.wav,2.346875,16000,1,3.6910906,3.9347763,4.186284,3.2414580020123176,3.5088687642695535,4.032841326281806,3.611808
170,c:\Users\astag\Documents\Master Thesis\Speech-Enhancement-PTQ-QAT-comparison\Code\enhanced\p232_173.wav,2.145375,16000,8,3.604882,3.8631246,4.27439,3.187659164220674,3.468081478532849,4.076354396644644,3.5869095
171,c:\Users\astag\Documents\Master Thesis\Speech-Enhancement-PTQ-QAT-comparison\Code\enhanced\p232_179.wav,3.4410625,16000,4,4.0075397,4.1921716,4.4614563,3.428721528499883,3.6467042535188674,4.161165142444793,3.5922527
172,c:\Users\astag\Documents\Master Thesis\Speech-Enhancement-PTQ-QAT-comparison\Code\enhanced\p232_174.wav,2.1546875,16000,8,3.6683104,3.9729383,4.121679,3.2273410894304417,3.530091271385185,3.9992547657040225,3.2789085
173,c:\Users\astag\Documents\Master Thesis\Speech-Enhancement-PTQ-QAT-comparison\Code\enhanced\p232_198.wav,2.331875,16000,1,3.6773257,4.0099196,4.0899315,3.2329665052848005,3.5504757296592335,3.9827924149849023,3.3835235
174,c:\Users\astag\Documents\Master Thesis\Speech-Enhancement-PTQ-QAT-comparison\Code\enhanced\p232_199.wav,2.3984375,16000,1,3.5499709,3.8349054,4.124456,3.153185646594166,3.452102357089468,4.001006679583274,2.9204743
175,c:\Users\astag\Documents\Master Thesis\Speech-Enhancement-PTQ-QAT-comparison\Code\enhanced\p232_181.wav,1.8245,16000,5,3.7431464,4.165476,3.9937732,3.272972964346001,3.6330943816423584,3.9295752418665715,3.7928944
176,c:\Users\astag\Documents\Master Thesis\Speech-Enhancement-PTQ-QAT-comparison\Code\enhanced\p232_201.wav,2.701875,16000,1,3.3144178,3.6308722,3.9603739,2.999840458342455,3.330923521699048,3.9116419088310295,3.375845
177,c:\Users\astag\Documents\Master Thesis\Speech-Enhancement-PTQ-QAT-comparison\Code\enhanced\p232_177.wav,2.2200625,16000,8,3.0547204,3.590851,3.429013,2.8219329941504836,3.3062772101342732,3.5729250610886942,2.9624348
178,c:\Users\astag\Documents\Master Thesis\Speech-Enhancement-PTQ-QAT-comparison\Code\enhanced\p232_172.wav,2.0198125,16000,7,3.079685,3.3906467,3.8665452,2.8393708007858725,3.179046673028104,3.857265084908376,3.4417586
179,c:\Users\astag\Documents\Master Thesis\Speech-Enhancement-PTQ-QAT-comparison\Code\enhanced\p232_206.wav,2.705375,16000,1,3.8554785,4.0118384,4.5098143,3.340886808414779,3.5515257509925386,4.1830077420248655,3.552841
180,c:\Users\astag\Documents\Master Thesis\Speech-Enhancement-PTQ-QAT-comparison\Code\enhanced\p232_208.wav,1.349125,16000,1,3.3548186,3.676747,3.963402,3.026674845067746,3.358778648431098,3.9133553610350944,3.3890228
181,c:\Users\astag\Documents\Master Thesis\Speech-Enhancement-PTQ-QAT-comparison\Code\enhanced\p232_194.wav,3.431,16000,4,3.7084856,4.0637417,4.048501,3.2520559710973513,3.579634501980879,3.9602992067882647,3.8132958
182,c:\Users\astag\Documents\Master Thesis\Speech-Enhancement-PTQ-QAT-comparison\Code\enhanced\p232_190.wav,1.9516875,16000,6,2.9827063,3.2737758,3.8542995,2.770917702046565,3.101835160765306,3.849502559901641,3.1657581
183,c:\Users\astag\Documents\Master Thesis\Speech-Enhancement-PTQ-QAT-comparison\Code\enhanced\p232_209.wav,1.4368125,16000,2,3.2967782,3.6459107,4.0081983,2.9879808097978913,3.340091119933958,3.938182801690334,3.7658157
184,c:\Users\astag\Documents\Master Thesis\Speech-Enhancement-PTQ-QAT-comparison\Code\enhanced\p232_202.wav,3.025125,16000,3,4.0184655,4.292602,4.2681484,3.435855939894133,3.698502448028645,4.073394517503298,4.020228
185,c:\Users\astag\Documents\Master Thesis\Speech-Enhancement-PTQ-QAT-comparison\Code\enhanced\p232_178.wav,2.0085625,16000,7,3.5871327,3.8750107,4.1725907,3.176519465908444,3.474931278791161,4.025774340345712,3.4137197
186,c:\Users\astag\Documents\Master Thesis\Speech-Enhancement-PTQ-QAT-comparison\Code\enhanced\p232_211.wav,1.4064375,16000,2,2.8682294,3.1633375,3.904318,2.6879855165761906,3.026045041136427,3.879227051265639,2.9950829
187,c:\Users\astag\Documents\Master Thesis\Speech-Enhancement-PTQ-QAT-comparison\Code\enhanced\p232_213.wav,2.3730625,16000,1,3.6948884,4.0477166,4.0552797,3.243796320785882,3.571045501165447,3.96419536137246,3.6862812
188,c:\Users\astag\Documents\Master Thesis\Speech-Enhancement-PTQ-QAT-comparison\Code\enhanced\p232_188.wav,3.83,16000,6,3.764323,4.0623975,4.206801,3.2861104277290507,3.578874894724338,4.042894937680693,3.7878368
189,c:\Users\astag\Documents\Master Thesis\Speech-Enhancement-PTQ-QAT-comparison\Code\enhanced\p232_200.wav,3.51,16000,5,3.589896,4.0018525,3.866457,3.178409990608359,3.5460186111021246,3.8569779041610515,3.6401737
190,c:\Users\astag\Documents\Master Thesis\Speech-Enhancement-PTQ-QAT-comparison\Code\enhanced\p232_207.wav,1.5853125,16000,3,3.4692202,3.7546437,4.100431,3.1013600416038343,3.405104916115405,3.9883050111944396,3.5792682
191,c:\Users\astag\Documents\Master Thesis\Speech-Enhancement-PTQ-QAT-comparison\Code\enhanced\p232_186.wav,1.9129375,16000,6,3.4410963,3.7112987,4.1329575,3.0831400277841756,3.379341088065285,4.005328426717134,3.417904
192,c:\Users\astag\Documents\Master Thesis\Speech-Enhancement-PTQ-QAT-comparison\Code\enhanced\p232_184.wav,2.1343125,16000,8,3.8977456,4.115337,4.331137,3.3656877293258955,3.607065870962145,4.103327001836668,3.6104743
193,c:\Users\astag\Documents\Master Thesis\Speech-Enhancement-PTQ-QAT-comparison\Code\enhanced\p232_215.wav,2.2823125,16000,1,3.634423,3.9849894,4.0263247,3.2063354615033646,3.53677694263492,3.948413177887323,3.5653043
194,c:\Users\astag\Documents\Master Thesis\Speech-Enhancement-PTQ-QAT-comparison\Code\enhanced\p232_204.wav,3.4063125,16000,4,3.793819,4.0490108,4.360708,3.3039869544754303,3.5717183834016746,4.117182703829799,3.8492348
195,c:\Users\astag\Documents\Master Thesis\Speech-Enhancement-PTQ-QAT-comparison\Code\enhanced\p232_197.wav,3.782125,16000,6,3.9243972,4.220263,4.3011813,3.3814432788797415,3.661840920105661,4.089307416691516,3.9088538
196,c:\Users\astag\Documents\Master Thesis\Speech-Enhancement-PTQ-QAT-comparison\Code\enhanced\p232_223.wav,2.513125,16000,1,3.3208447,3.6320179,3.9491217,3.004123953997753,3.331623431902968,3.9052538217733863,3.5756605
197,c:\Users\astag\Documents\Master Thesis\Speech-Enhancement-PTQ-QAT-comparison\Code\enhanced\p232_226.wav,2.3133125,16000,1,3.9666028,4.228025,4.3767195,3.4060279175436357,3.665870109561509,4.124569122108059,3.8744407
198,c:\Users\astag\Documents\Master Thesis\Speech-Enhancement-PTQ-QAT-comparison\Code\enhanced\p232_210.wav,1.52875,16000,3,3.1754653,3.4981382,3.981219,2.9055231785649145,3.2479054171362987,3.92324150994029,3.4505777
199,c:\Users\astag\Documents\Master Thesis\Speech-Enhancement-PTQ-QAT-comparison\Code\enhanced\p232_183.wav,2.154,16000,8,3.574982,3.8723109,4.1486893,3.1689442208121053,3.4734064471082604,4.013581227441731,3.501968
200,c:\Users\astag\Documents\Master Thesis\Speech-Enhancement-PTQ-QAT-comparison\Code\enhanced\p232_196.wav,2.23,16000,8,3.479653,3.7425983,4.153052,3.108087203711505,3.39806383748558,4.015449592217815,3.609976
201,c:\Users\astag\Documents\Master Thesis\Speech-Enhancement-PTQ-QAT-comparison\Code\enhanced\p232_205.wav,1.8403125,16000,5,3.8392093,4.0531435,4.4144235,3.3308677136737175,3.5737058294072055,4.141128898404531,3.53121
202,c:\Users\astag\Documents\Master Thesis\Speech-Enhancement-PTQ-QAT-comparison\Code\enhanced\p232_191.wav,1.9156875,16000,6,3.8637962,4.0751686,4.382202,3.345558798563332,3.5856842889454987,4.126383339241691,3.5960581
203,c:\Users\astag\Documents\Master Thesis\Speech-Enhancement-PTQ-QAT-comparison\Code\enhanced\p232_216.wav,3.0010625,16000,3,3.6800823,4.0335593,4.017606,3.2346008566449505,3.5633204393258837,3.943527905957255,3.6382103
204,c:\Users\astag\Documents\Master Thesis\Speech-Enhancement-PTQ-QAT-comparison\Code\enhanced\p232_217.wav,1.538625,16000,3,3.611369,3.924956,4.1192765,3.1916492911062044,3.503241533846108,3.997308102472266,3.8253572
205,c:\Users\astag\Documents\Master Thesis\Speech-Enhancement-PTQ-QAT-comparison\Code\enhanced\p232_227.wav,3.246125,16000,3,3.6669486,3.9126441,4.2605023,3.226327993752141,3.496279463393121,4.068975543244036,3.7376668
206,c:\Users\astag\Documents\Master Thesis\Speech-Enhancement-PTQ-QAT-comparison\Code\enhanced\p232_203.wav,2.0131875,16000,7,3.2661977,3.6030514,3.9734905,2.9673108729589037,3.3136678406825095,3.918341029396516,3.315447
207,c:\Users\astag\Documents\Master Thesis\Speech-Enhancement-PTQ-QAT-comparison\Code\enhanced\p232_238.wav,2.3516875,16000,1,3.385614,3.7124972,4.0501895,3.046980918130831,3.3802410419862836,3.961436875157501,3.515618
208,c:\Users\astag\Documents\Master Thesis\Speech-Enhancement-PTQ-QAT-comparison\Code\enhanced\p232_219.wav,3.457625,16000,4,3.8385143,4.1894226,4.092129,3.3307927499062284,3.645995141037429,3.983862815801079,3.7658656
209,c:\Users\astag\Documents\Master Thesis\Speech-Enhancement-PTQ-QAT-comparison\Code\enhanced\p232_237.wav,2.8215625,16000,2,3.926363,4.2036543,4.30458,3.3826314629277423,3.653372342590519,4.090891649274852,4.1054406
210,c:\Users\astag\Documents\Master Thesis\Speech-Enhancement-PTQ-QAT-comparison\Code\enhanced\p232_221.wav,3.317375,16000,4,3.8419652,4.1309037,4.234601,3.3328157324610412,3.615470056960634,4.0567320977847725,3.8270192
211,c:\Users\astag\Documents\Master Thesis\Speech-Enhancement-PTQ-QAT-comparison\Code\enhanced\p232_228.wav,1.6609375,16000,4,3.4751515,3.8185565,4.035471,3.1052879842748107,3.442646976392537,3.9533779786809173,3.5639408
212,c:\Users\astag\Documents\Master Thesis\Speech-Enhancement-PTQ-QAT-comparison\Code\enhanced\p232_225.wav,1.6726875,16000,4,3.1299384,3.402716,3.9709692,2.874481778239756,3.1871230008976785,3.9172866383149607,3.1012852
213,c:\Users\astag\Documents\Master Thesis\Speech-Enhancement-PTQ-QAT-comparison\Code\enhanced\p232_214.wav,1.93125,16000,6,3.7310517,4.002647,4.173766,3.265697965431491,3.546306520391908,4.0257567229397795,3.613684
214,c:\Users\astag\Documents\Master Thesis\Speech-Enhancement-PTQ-QAT-comparison\Code\enhanced\p232_236.wav,1.567875,16000,3,3.1829815,3.9823349,3.254255,2.910458140869274,3.5350550337312137,3.4453869315858108,2.5747902
215,c:\Users\astag\Documents\Master Thesis\Speech-Enhancement-PTQ-QAT-comparison\Code\enhanced\p232_234.wav,1.5973125,16000,3,3.3253286,3.643563,4.049827,3.007106462981406,3.338658592283476,3.9610840923576824,3.3771553
216,c:\Users\astag\Documents\Master Thesis\Speech-Enhancement-PTQ-QAT-comparison\Code\enhanced\p232_246.wav,2.5395625,16000,1,3.0185523,3.3577077,3.8443756,2.796593262276793,3.157740215749799,3.8441874640660867,3.551197
217,c:\Users\astag\Documents\Master Thesis\Speech-Enhancement-PTQ-QAT-comparison\Code\enhanced\p232_229.wav,1.8749375,16000,5,3.246596,3.4836876,4.1249495,2.9541664979718836,3.2389453754851596,4.000863387129186,3.6585457
218,c:\Users\astag\Documents\Master Thesis\Speech-Enhancement-PTQ-QAT-comparison\Code\enhanced\p232_220.wav,3.6615,16000,5,3.7255511,4.05569,4.097618,3.26210115402948,3.5748480219344287,3.9862978159213918,3.382846
219,c:\Users\astag\Documents\Master Thesis\Speech-Enhancement-PTQ-QAT-comparison\Code\enhanced\p232_230.wav,1.888875,16000,6,3.6727276,4.030211,4.0333333,3.229933234112655,3.561446628093588,3.9514264361207,3.380668
220,c:\Users\astag\Documents\Master Thesis\Speech-Enhancement-PTQ-QAT-comparison\Code\enhanced\p232_241.wav,1.519625,16000,3,3.2387278,3.5313826,3.9866886,2.948905700518053,3.2692053894576354,3.925182322887505,2.8524218
221,c:\Users\astag\Documents\Master Thesis\Speech-Enhancement-PTQ-QAT-comparison\Code\enhanced\p232_240.wav,3.3024375,16000,4,3.884533,4.134094,4.3142996,3.35796027368806,3.6170002689564433,4.0954440539899775,3.8620172
222,c:\Users\astag\Documents\Master Thesis\Speech-Enhancement-PTQ-QAT-comparison\Code\enhanced\p232_249.wav,2.8853125,16000,2,3.9367356,4.1850443,4.436082,3.3886773831320465,3.6436756234982126,4.151187121632367,3.6015797
223,c:\Users\astag\Documents\Master Thesis\Speech-Enhancement-PTQ-QAT-comparison\Code\enhanced\p232_224.wav,2.06925,16000,7,3.4748597,3.70761,4.206298,3.103966076481792,3.3760489904713427,4.042270145451463,3.3975177
224,c:\Users\astag\Documents\Master Thesis\Speech-Enhancement-PTQ-QAT-comparison\Code\enhanced\p232_235.wav,3.95875,16000,6,4.0142684,4.2638702,4.4138045,3.4333406854912885,3.6839402770267884,4.141110928155274,4.017296
225,c:\Users\astag\Documents\Master Thesis\Speech-Enhancement-PTQ-QAT-comparison\Code\enhanced\p232_242.wav,1.723125,16000,4,3.1966045,3.63483,3.7066278,2.9202707164653887,3.3332707442781846,3.759332498257127,3.0901232
226,c:\Users\astag\Documents\Master Thesis\Speech-Enhancement-PTQ-QAT-comparison\Code\enhanced\p232_218.wav,2.13825,16000,8,3.4848907,3.7475693,4.16178,3.1113549741081,3.4009135027190305,4.019879205484644,3.8423288
227,c:\Users\astag\Documents\Master Thesis\Speech-Enhancement-PTQ-QAT-comparison\Code\enhanced\p232_252.wav,2.97,16000,2,3.4019103,3.69145,4.040536,3.057596897921804,3.36758086407293,3.9559339114754666,3.5124447
228,c:\Users\astag\Documents\Master Thesis\Speech-Enhancement-PTQ-QAT-comparison\Code\enhanced\p232_250.wav,2.8271875,16000,2,3.8392704,4.2077093,4.1270404,3.331032032939734,3.6552635396253037,4.002126051468068,3.8081021
229,c:\Users\astag\Documents\Master Thesis\Speech-Enhancement-PTQ-QAT-comparison\Code\enhanced\p232_239.wav,1.861375,16000,5,3.8940806,4.1276293,4.4009247,3.363640613415768,3.613718401548188,4.135432452150634,3.7048213
230,c:\Users\astag\Documents\Master Thesis\Speech-Enhancement-PTQ-QAT-comparison\Code\enhanced\p232_231.wav,2.1906875,16000,8,3.3665137,3.6938374,4.0063467,3.03407279277963,3.368762601916137,3.9368852455436794,3.3618796
231,c:\Users\astag\Documents\Master Thesis\Speech-Enhancement-PTQ-QAT-comparison\Code\enhanced\p232_254.wav,2.84,16000,2,3.5293112,3.8445532,4.0221424,3.1399888273609244,3.4576536588350804,3.945719689997563,3.2798617
232,c:\Users\astag\Documents\Master Thesis\Speech-Enhancement-PTQ-QAT-comparison\Code\enhanced\p232_247.wav,1.7411875,16000,4,3.4011724,3.7509675,4.040612,3.0567676818494354,3.4029561350690507,3.954396058182556,3.7587311
233,c:\Users\astag\Documents\Master Thesis\Speech-Enhancement-PTQ-QAT-comparison\Code\enhanced\p232_232.wav,4.28,16000,8,3.7090187,3.9431832,4.366956,3.252456697259668,3.5135548754655446,4.120069138438232,3.7957203
234,c:\Users\astag\Documents\Master Thesis\Speech-Enhancement-PTQ-QAT-comparison\Code\enhanced\p232_266.wav,2.3356875,16000,1,4.0674715,4.2475142,4.511634,3.46371033797004,3.6757925923278334,4.183774364290314,3.7447612
235,c:\Users\astag\Documents\Master Thesis\Speech-Enhancement-PTQ-QAT-comparison\Code\enhanced\p232_248.wav,3.350375,16000,4,3.7224169,4.0925856,4.0737333,3.260584284627701,3.594991559979591,3.973981757218753,3.7037432
236,c:\Users\astag\Documents\Master Thesis\Speech-Enhancement-PTQ-QAT-comparison\Code\enhanced\p232_258.wav,2.75925,16000,2,3.4887486,3.9737916,3.771183,3.114031185488159,3.5305871869318057,3.7996423373500225,3.8241625
237,c:\Users\astag\Documents\Master Thesis\Speech-Enhancement-PTQ-QAT-comparison\Code\enhanced\p232_244.wav,3.28725,16000,4,3.639455,3.9525373,4.200801,3.2093336428011314,3.51864347490017,4.0395138268531054,3.6673925
238,c:\Users\astag\Documents\Master Thesis\Speech-Enhancement-PTQ-QAT-comparison\Code\enhanced\p232_255.wav,2.7515625,16000,2,3.6176639,3.8353257,4.318525,3.1957483974859864,3.452218441280322,4.097480421969361,3.3637884
239,c:\Users\astag\Documents\Master Thesis\Speech-Enhancement-PTQ-QAT-comparison\Code\enhanced\p232_260.wav,2.8565625,16000,2,3.8104434,4.0452523,4.401308,3.3138751023468482,3.569584676566288,4.135640410575058,3.6286545
240,c:\Users\astag\Documents\Master Thesis\Speech-Enhancement-PTQ-QAT-comparison\Code\enhanced\p232_251.wav,3.33725,16000,4,3.995738,4.2422657,4.389574,3.422785837225418,3.6731125695748226,4.130210939842826,4.0637417
241,c:\Users\astag\Documents\Master Thesis\Speech-Enhancement-PTQ-QAT-comparison\Code\enhanced\p232_263.wav,2.9283125,16000,2,2.9837732,3.3688383,3.6052094,2.7719187367987725,3.165019321516618,3.6936543853829997,3.3090382
242,c:\Users\astag\Documents\Master Thesis\Speech-Enhancement-PTQ-QAT-comparison\Code\enhanced\p232_243.wav,1.9116875,16000,6,3.4236536,3.705867,4.155936,3.0716767355658567,3.3760214169918847,4.017006290714865,3.774292
243,c:\Users\astag\Documents\Master Thesis\Speech-Enhancement-PTQ-QAT-comparison\Code\enhanced\p232_253.wav,3.027875,16000,3,3.5380995,3.8962078,3.9528615,3.1456294825167586,3.4871268513836884,3.9070776163677405,3.4678402
244,c:\Users\astag\Documents\Master Thesis\Speech-Enhancement-PTQ-QAT-comparison\Code\enhanced\p232_273.wav,2.5539375,16000,1,3.6748855,4.0205846,4.111063,3.2314584693804353,3.55630407414086,3.9939781583083027,3.5803025
245,c:\Users\astag\Documents\Master Thesis\Speech-Enhancement-PTQ-QAT-comparison\Code\enhanced\p232_276.wav,2.624625,16000,1,3.6637301,4.1027136,3.879575,3.224554265819503,3.6005472629805855,3.86503083366948,3.757177
246,c:\Users\astag\Documents\Master Thesis\Speech-Enhancement-PTQ-QAT-comparison\Code\enhanced\p232_278.wav,2.4678125,16000,1,3.678279,4.036273,4.0643473,3.2335553560417205,3.5648430109549376,3.9690923105878015,3.7261882
247,c:\Users\astag\Documents\Master Thesis\Speech-Enhancement-PTQ-QAT-comparison\Code\enhanced\p232_269.wav,2.9579375,16000,2,3.8534555,4.18587,4.2051497,3.339567821215156,3.6440915690046545,4.042271459880594,3.7633529
248,c:\Users\astag\Documents\Master Thesis\Speech-Enhancement-PTQ-QAT-comparison\Code\enhanced\p232_257.wav,1.749125,16000,4,3.742738,3.9627776,4.4402523,3.272772431824231,3.5240650186775246,4.152895653927441,3.272836
249,c:\Users\astag\Documents\Master Thesis\Speech-Enhancement-PTQ-QAT-comparison\Code\enhanced\p232_271.wav,2.983625,16000,2,3.8371172,4.1178193,4.2864933,3.3296280018005193,3.6083299207347315,4.081913166729945,3.8329523
250,c:\Users\astag\Documents\Master Thesis\Speech-Enhancement-PTQ-QAT-comparison\Code\enhanced\p232_264.wav,3.16275,16000,3,3.631161,3.9760542,4.0698485,3.2042583118094767,3.5318407577479927,3.9715784891435253,3.697196
251,c:\Users\astag\Documents\Master Thesis\Speech-Enhancement-PTQ-QAT-comparison\Code\enhanced\p232_279.wav,2.3170625,16000,1,3.7232628,4.028035,4.218817,3.2612049318272263,3.560364450983686,4.049188100567972,3.0314438
252,c:\Users\astag\Documents\Master Thesis\Speech-Enhancement-PTQ-QAT-comparison\Code\enhanced\p232_245.wav,2.1376875,16000,8,3.4114184,3.920647,3.6481,3.0635207737419954,3.500577040779681,3.7211240230023352,3.437999
253,c:\Users\astag\Documents\Master Thesis\Speech-Enhancement-PTQ-QAT-comparison\Code\enhanced\p232_261.wav,3.1890625,16000,3,3.1790867,3.4781334,3.917785,2.908204719556096,3.235545454552419,3.886767739387525,3.5544555
254,c:\Users\astag\Documents\Master Thesis\Speech-Enhancement-PTQ-QAT-comparison\Code\enhanced\p232_270.wav,3.014875,16000,3,3.6635294,3.9069326,4.2426815,3.22441198579612,3.4931633322607483,4.0609951855703885,3.7743852
255,c:\Users\astag\Documents\Master Thesis\Speech-Enhancement-PTQ-QAT-comparison\Code\enhanced\p232_284.wav,2.615875,16000,1,3.813409,4.1517606,4.121412,3.315789612058215,3.6264287917432583,3.999413288488178,3.8560948
256,c:\Users\astag\Documents\Master Thesis\Speech-Enhancement-PTQ-QAT-comparison\Code\enhanced\p232_275.wav,3.073625,16000,3,3.6972806,4.0072875,4.178944,3.2451040611183664,3.548839267550201,4.028967825107935,3.481535
257,c:\Users\astag\Documents\Master Thesis\Speech-Enhancement-PTQ-QAT-comparison\Code\enhanced\p232_267.wav,3.336375,16000,4,3.4979079,3.80974,4.00977,3.119918219050091,3.4374878875178294,3.9391645923382574,3.5470529
258,c:\Users\astag\Documents\Master Thesis\Speech-Enhancement-PTQ-QAT-comparison\Code\enhanced\p232_274.wav,3.01125,16000,3,3.652341,3.926275,4.2036886,3.217440288282544,3.5040344045920033,4.04155153870829,3.9490693
259,c:\Users\astag\Documents\Master Thesis\Speech-Enhancement-PTQ-QAT-comparison\Code\enhanced\p232_277.wav,3.0454375,16000,3,3.8572748,4.137998,4.2292233,3.341922836035469,3.6191838364303632,4.054204043683208,3.5004098
260,c:\Users\astag\Documents\Master Thesis\Speech-Enhancement-PTQ-QAT-comparison\Code\enhanced\p232_259.wav,3.908,16000,6,3.6387618,3.8260381,4.343012,3.2087847968608947,3.4467416644500797,4.1087632273045065,3.8958423
261,c:\Users\astag\Documents\Master Thesis\Speech-Enhancement-PTQ-QAT-comparison\Code\enhanced\p232_256.wav,2.024625,16000,7,3.7767372,4.047672,4.2521014,3.293637827721376,3.570934230992023,4.065494195741774,3.8544266
262,c:\Users\astag\Documents\Master Thesis\Speech-Enhancement-PTQ-QAT-comparison\Code\enhanced\p232_265.wav,1.881,16000,6,3.8476927,4.1283603,4.2555118,3.335960291894073,3.6139524703118937,4.066774567770035,3.274526
263,c:\Users\astag\Documents\Master Thesis\Speech-Enhancement-PTQ-QAT-comparison\Code\enhanced\p232_291.wav,2.286125,16000,1,3.6801507,3.9693444,4.2075176,3.2347113432400914,3.5281269321331266,4.043542034915709,3.5465157
264,c:\Users\astag\Documents\Master Thesis\Speech-Enhancement-PTQ-QAT-comparison\Code\enhanced\p232_292.wav,2.49,16000,1,3.9845264,4.230388,4.4404936,3.416378233169467,3.667076674728471,4.153152841729782,3.6899977
265,c:\Users\astag\Documents\Master Thesis\Speech-Enhancement-PTQ-QAT-comparison\Code\enhanced\p232_280.wav,3.0670625,16000,3,3.5770433,3.894823,4.0423713,3.1702663549146375,3.486196918780475,3.957120832151722,3.8889418
266,c:\Users\astag\Documents\Master Thesis\Speech-Enhancement-PTQ-QAT-comparison\Code\enhanced\p232_301.wav,2.3813125,16000,1,3.6563241,3.9232316,4.243143,3.219961295813601,3.502392407192119,4.061228867335714,3.6810076
267,c:\Users\astag\Documents\Master Thesis\Speech-Enhancement-PTQ-QAT-comparison\Code\enhanced\p232_288.wav,1.6778125,16000,4,3.571583,3.8774924,4.1535096,3.166777445393711,3.4764332796358253,4.015963086075648,3.218832
268,c:\Users\astag\Documents\Master Thesis\Speech-Enhancement-PTQ-QAT-comparison\Code\enhanced\p232_272.wav,2.078625,16000,7,3.6295211,4.0741267,3.9888341,3.2028473336869263,3.5851337965038503,3.9252455423316066,3.6442726
269,c:\Users\astag\Documents\Master Thesis\Speech-Enhancement-PTQ-QAT-comparison\Code\enhanced\p232_282.wav,3.5884375,16000,5,3.7130713,4.0269203,4.1436768,3.254638425150189,3.559433998247175,4.010825123336296,3.7487934
270,c:\Users\astag\Documents\Master Thesis\Speech-Enhancement-PTQ-QAT-comparison\Code\enhanced\p232_293.wav,3.4145,16000,4,3.4994183,3.8662367,3.933297,3.1208766003209147,3.469965830391662,3.8954334290787003,3.3036654
271,c:\Users\astag\Documents\Master Thesis\Speech-Enhancement-PTQ-QAT-comparison\Code\enhanced\p232_281.wav,1.8443125,16000,5,3.5721545,3.8662524,4.1645374,3.1671931714927553,3.470010793629128,4.021730703192719,3.5341287
272,c:\Users\astag\Documents\Master Thesis\Speech-Enhancement-PTQ-QAT-comparison\Code\enhanced\p232_283.wav,1.80125,16000,5,3.4684615,3.8103092,3.9626763,3.1008706581839958,3.4376765410314123,3.9128451561804463,3.0800476
273,c:\Users\astag\Documents\Master Thesis\Speech-Enhancement-PTQ-QAT-comparison\Code\enhanced\p232_295.wav,3.0771875,16000,3,3.18374,3.5428565,3.7348003,2.9109815826738163,3.2760185570685962,3.7756682672794475,3.5698001
274,c:\Users\astag\Documents\Master Thesis\Speech-Enhancement-PTQ-QAT-comparison\Code\enhanced\p232_300.wav,1.53175,16000,3,3.7913513,4.0786786,4.2306266,3.302476864730984,3.587668163076509,4.0548861883434535,3.4044077
275,c:\Users\astag\Documents\Master Thesis\Speech-Enhancement-PTQ-QAT-comparison\Code\enhanced\p232_268.wav,2.137375,16000,8,3.7286108,4.1160936,4.030209,3.264426569737413,3.607629011162746,3.9501609113133305,3.5938475
276,c:\Users\astag\Documents\Master Thesis\Speech-Enhancement-PTQ-QAT-comparison\Code\enhanced\p232_298.wav,1.6003125,16000,3,3.4697764,3.8384879,4.131199,3.101760018057942,3.454004704823404,4.004266689654174,3.074849
277,c:\Users\astag\Documents\Master Thesis\Speech-Enhancement-PTQ-QAT-comparison\Code\enhanced\p232_290.wav,1.8731875,16000,5,3.2129333,3.528171,3.9988525,2.9313281866426606,3.2671270765752545,3.933173299157313,3.5544543
278,c:\Users\astag\Documents\Master Thesis\Speech-Enhancement-PTQ-QAT-comparison\Code\enhanced\p232_294.wav,3.4866875,16000,4,3.6319196,4.041489,3.8776054,3.2046395379976693,3.5676100895817977,3.8633957659398144,3.819365
279,c:\Users\astag\Documents\Master Thesis\Speech-Enhancement-PTQ-QAT-comparison\Code\enhanced\p232_289.wav,3.27025,16000,4,3.9321377,4.1474338,4.3650417,3.3859208779607886,3.6240900179042623,4.119089326255384,3.7010903
280,c:\Users\astag\Documents\Master Thesis\Speech-Enhancement-PTQ-QAT-comparison\Code\enhanced\p232_299.wav,1.694375,16000,4,3.6739454,4.009618,4.050282,3.2307971750983766,3.5502199102700236,3.961007523443377,3.622531
281,c:\Users\astag\Documents\Master Thesis\Speech-Enhancement-PTQ-QAT-comparison\Code\enhanced\p232_305.wav,1.4545625,16000,2,3.6526027,3.9739099,4.2374654,3.2176501968495757,3.530651427152743,4.05837738193212,3.1306953
282,c:\Users\astag\Documents\Master Thesis\Speech-Enhancement-PTQ-QAT-comparison\Code\enhanced\p232_309.wav,2.476375,16000,1,4.0118294,4.2375,4.425454,3.432061300442761,3.670702153869634,4.146508629949857,3.8119476
283,c:\Users\astag\Documents\Master Thesis\Speech-Enhancement-PTQ-QAT-comparison\Code\enhanced\p232_285.wav,2.1818125,16000,8,3.140961,3.3985074,4.059743,2.8819925039253182,3.184295490665868,3.9659529730125547,3.1727092
284,c:\Users\astag\Documents\Master Thesis\Speech-Enhancement-PTQ-QAT-comparison\Code\enhanced\p232_317.wav,2.4048125,16000,1,3.8766341,4.142657,4.269524,3.3534170151227722,3.621655370748168,4.074110764475244,3.7482014
285,c:\Users\astag\Documents\Master Thesis\Speech-Enhancement-PTQ-QAT-comparison\Code\enhanced\p232_312.wav,2.770625,16000,2,3.6484303,3.9520147,4.1507306,3.215047458976525,3.5184973313315835,4.014584605679593,3.6278455
286,c:\Users\astag\Documents\Master Thesis\Speech-Enhancement-PTQ-QAT-comparison\Code\enhanced\p232_318.wav,2.390875,16000,1,3.4220033,3.6999202,4.1366982,3.070810194740242,3.3727149533649383,4.007390046854331,3.9322069
287,c:\Users\astag\Documents\Master Thesis\Speech-Enhancement-PTQ-QAT-comparison\Code\enhanced\p232_310.wav,1.452,16000,2,3.5832424,3.9094486,4.185129,3.1742243050616734,3.4946040518701116,4.0322517688105926,3.4847624
288,c:\Users\astag\Documents\Master Thesis\Speech-Enhancement-PTQ-QAT-comparison\Code\enhanced\p232_319.wav,2.4719375,16000,1,3.8361704,4.137799,4.2371063,3.3293979938109115,3.6191024505039264,4.058255340039654,3.605557
289,c:\Users\astag\Documents\Master Thesis\Speech-Enhancement-PTQ-QAT-comparison\Code\enhanced\p232_322.wav,2.6694375,16000,1,3.4678056,3.7819483,4.065323,3.1005487802900595,3.4213220654593477,3.969617900893862,3.459519
290,c:\Users\astag\Documents\Master Thesis\Speech-Enhancement-PTQ-QAT-comparison\Code\enhanced\p232_286.wav,2.2515,16000,9,3.438984,3.7454228,4.0152426,3.081721838505665,3.399660929298846,3.9408105870824275,3.4800305
291,c:\Users\astag\Documents\Master Thesis\Speech-Enhancement-PTQ-QAT-comparison\Code\enhanced\p232_321.wav,2.5575625,16000,1,4.0904217,4.289329,4.5296,3.476642267632977,3.6968662945888657,4.191296949222893,3.6746051
292,c:\Users\astag\Documents\Master Thesis\Speech-Enhancement-PTQ-QAT-comparison\Code\enhanced\p232_297.wav,2.1638125,16000,8,3.8551629,4.099332,4.305188,3.3405161489186113,3.5984922186956707,4.091139164074837,3.5385628
293,c:\Users\astag\Documents\Master Thesis\Speech-Enhancement-PTQ-QAT-comparison\Code\enhanced\p232_296.wav,2.172,16000,8,3.8054602,4.160546,4.139379,3.310979634087929,3.630896977303333,4.008436838529076,3.490378
294,c:\Users\astag\Documents\Master Thesis\Speech-Enhancement-PTQ-QAT-comparison\Code\enhanced\p232_287.wav,2.1556875,16000,8,3.8008857,4.201728,4.0798283,3.3082470609775307,3.6523050506697645,3.976814818750268,3.3022234
295,c:\Users\astag\Documents\Master Thesis\Speech-Enhancement-PTQ-QAT-comparison\Code\enhanced\p232_324.wav,2.5594375,16000,1,3.6063323,3.9432254,4.1163516,3.188763744724426,3.513594348813309,3.996759225549602,3.512542
296,c:\Users\astag\Documents\Master Thesis\Speech-Enhancement-PTQ-QAT-comparison\Code\enhanced\p232_315.wav,1.5388125,16000,3,3.6701868,3.9251282,4.3151298,3.2278450331983475,3.502381132902119,4.095866532766518,3.6424515
297,c:\Users\astag\Documents\Master Thesis\Speech-Enhancement-PTQ-QAT-comparison\Code\enhanced\p232_302.wav,1.6976875,16000,4,3.5154917,3.7974815,4.136877,3.1310730369429396,3.430366976780118,4.006366647044345,3.2669005
298,c:\Users\astag\Documents\Master Thesis\Speech-Enhancement-PTQ-QAT-comparison\Code\enhanced\p232_327.wav,2.3825625,16000,1,3.673246,4.0831637,3.9345212,3.230444752190238,3.590118423591154,3.896915106706315,3.2700562
299,c:\Users\astag\Documents\Master Thesis\Speech-Enhancement-PTQ-QAT-comparison\Code\enhanced\p232_306.wav,1.796375,16000,5,2.9592872,3.1932166,4.153275,2.754316067242283,3.047229724894084,4.015862929066011,3.7161622
300,c:\Users\astag\Documents\Master Thesis\Speech-Enhancement-PTQ-QAT-comparison\Code\enhanced\p232_328.wav,2.6553125,16000,1,3.3234699,3.5562546,4.02421,3.0058720704717508,3.2848608305832885,3.9472518498787705,3.5448852
301,c:\Users\astag\Documents\Master Thesis\Speech-Enhancement-PTQ-QAT-comparison\Code\enhanced\p232_303.wav,3.672875,16000,5,3.3875,3.708692,3.9893575,3.048060521049636,3.3777808152268323,3.927410533264618,3.4069824
302,c:\Users\astag\Documents\Master Thesis\Speech-Enhancement-PTQ-QAT-comparison\Code\enhanced\p232_316.wav,1.6316875,16000,4,3.6207821,3.8470855,4.286515,3.1977853442712227,3.459102429148958,4.081997652638115,3.033746
303,c:\Users\astag\Documents\Master Thesis\Speech-Enhancement-PTQ-QAT-comparison\Code\enhanced\p232_314.wav,1.7798125,16000,5,3.2026875,3.462875,3.9767063,2.923967762081046,3.2253737760406245,3.9203868856794686,3.320266
304,c:\Users\astag\Documents\Master Thesis\Speech-Enhancement-PTQ-QAT-comparison\Code\enhanced\p232_307.wav,3.9125625,16000,6,3.3416512,3.657442,4.006157,3.0170901418222105,3.3460842057630966,3.9364495847024727,3.572645
305,c:\Users\astag\Documents\Master Thesis\Speech-Enhancement-PTQ-QAT-comparison\Code\enhanced\p232_331.wav,2.290625,16000,1,3.3749182,3.627503,4.1823783,3.039942851373328,3.3288637362667206,4.0308600730841855,3.628089
306,c:\Users\astag\Documents\Master Thesis\Speech-Enhancement-PTQ-QAT-comparison\Code\enhanced\p232_338.wav,2.3106875,16000,1,4.0111947,4.201327,4.531413,3.4316978856095957,3.65217388640894,4.192051314465652,3.656921
307,c:\Users\astag\Documents\Master Thesis\Speech-Enhancement-PTQ-QAT-comparison\Code\enhanced\p232_341.wav,2.6,16000,1,3.3714986,3.5898426,4.23076,3.037689368185506,3.305710938874436,4.055119031139456,3.5103123
308,c:\Users\astag\Documents\Master Thesis\Speech-Enhancement-PTQ-QAT-comparison\Code\enhanced\p232_336.wav,2.91425,16000,2,2.9373817,3.3128316,3.6455364,2.7386679475808657,3.128084963516846,3.719050317895784,3.334776
309,c:\Users\astag\Documents\Master Thesis\Speech-Enhancement-PTQ-QAT-comparison\Code\enhanced\p232_342.wav,2.62275,16000,1,3.1958745,3.8078442,3.3404634,2.9198284285117695,3.436432376639787,3.510025421408922,3.355482
310,c:\Users\astag\Documents\Master Thesis\Speech-Enhancement-PTQ-QAT-comparison\Code\enhanced\p232_308.wav,2.0745625,16000,7,2.9114418,3.17755,4.0013914,2.719924414183719,3.0363978721855784,3.9331689142581943,3.3784773
311,c:\Users\astag\Documents\Master Thesis\Speech-Enhancement-PTQ-QAT-comparison\Code\enhanced\p232_337.wav,2.8546875,16000,2,3.8344707,4.20475,4.122492,3.3283774371221435,3.6539358951965797,3.9998033814955427,3.8584352
312,c:\Users\astag\Documents\Master Thesis\Speech-Enhancement-PTQ-QAT-comparison\Code\enhanced\p232_340.wav,1.441125,16000,2,2.9215846,3.1970391,3.9134748,2.727353707242899,3.0500182869472163,3.8842353387430126,3.226892
313,c:\Users\astag\Documents\Master Thesis\Speech-Enhancement-PTQ-QAT-comparison\Code\enhanced\p232_311.wav,2.0231875,16000,7,3.460221,3.8407447,3.9229872,3.0954601200972824,3.455401542359673,3.8896979816497703,3.712078
314,c:\Users\astag\Documents\Master Thesis\Speech-Enhancement-PTQ-QAT-comparison\Code\enhanced\p232_348.wav,2.74525,16000,1,3.5554469,3.8513043,4.192697,3.1566612187137544,3.4615384050254963,4.0360856805245,3.7063265
315,c:\Users\astag\Documents\Master Thesis\Speech-Enhancement-PTQ-QAT-comparison\Code\enhanced\p232_313.wav,2.126125,16000,8,3.798105,4.0796914,4.2407713,3.3063375390832084,3.5880386512662525,4.0596796668479564,3.6979473
316,c:\Users\astag\Documents\Master Thesis\Speech-Enhancement-PTQ-QAT-comparison\Code\enhanced\p232_334.wav,3.0804375,16000,3,3.4490013,3.8603575,3.907138,3.08833443253172,3.4667221957202172,3.880707229156877,3.836949
317,c:\Users\astag\Documents\Master Thesis\Speech-Enhancement-PTQ-QAT-comparison\Code\enhanced\p232_349.wav,2.6585,16000,1,3.5690246,3.8766165,4.117955,3.1652613714396183,3.4760145586902267,3.997601042241622,3.487217
318,c:\Users\astag\Documents\Master Thesis\Speech-Enhancement-PTQ-QAT-comparison\Code\enhanced\p232_326.wav,1.6506875,16000,4,3.659476,3.9843788,4.1072874,3.2218450304794546,3.5364284331796108,3.9913096908996946,3.4620378
319,c:\Users\astag\Documents\Master Thesis\Speech-Enhancement-PTQ-QAT-comparison\Code\enhanced\p232_325.wav,1.757125,16000,5,3.50942,3.759681,4.2256403,3.127166832084471,3.408013998855323,4.052351004075417,3.1058147
320,c:\Users\astag\Documents\Master Thesis\Speech-Enhancement-PTQ-QAT-comparison\Code\enhanced\p232_320.wav,1.98125,16000,6,3.6792984,3.9097817,4.3084593,3.23415926024652,3.494763004810567,4.092656343148809,3.8182175
321,c:\Users\astag\Documents\Master Thesis\Speech-Enhancement-PTQ-QAT-comparison\Code\enhanced\p232_353.wav,2.4139375,16000,1,3.422713,3.746011,3.9913852,3.0712732016610955,3.40016592042188,3.9290751190506246,3.6575725
322,c:\Users\astag\Documents\Master Thesis\Speech-Enhancement-PTQ-QAT-comparison\Code\enhanced\p232_350.wav,2.77,16000,2,3.705441,3.924084,4.3494473,3.2502831659579483,3.5028657256654525,4.112014345672723,3.7609792
323,c:\Users\astag\Documents\Master Thesis\Speech-Enhancement-PTQ-QAT-comparison\Code\enhanced\p232_323.wav,2.1223125,16000,7,3.6482682,3.9597404,4.1650777,3.214924692326168,3.5227348410199943,4.021843384529041,3.324276
324,c:\Users\astag\Documents\Master Thesis\Speech-Enhancement-PTQ-QAT-comparison\Code\enhanced\p232_344.wav,1.5815625,16000,3,3.5237339,3.8102894,4.2058015,3.1363962464146287,3.4377810587804967,4.042652028557455,2.9431403
325,c:\Users\astag\Documents\Master Thesis\Speech-Enhancement-PTQ-QAT-comparison\Code\enhanced\p232_329.wav,1.9904375,16000,6,3.422827,3.6579988,4.1713014,3.071230354463296,3.3472321823728293,4.025055084682321,3.572753
326,c:\Users\astag\Documents\Master Thesis\Speech-Enhancement-PTQ-QAT-comparison\Code\enhanced\p232_360.wav,2.7328125,16000,1,3.6403913,3.9449582,4.1192017,3.2100551061451514,3.5145620401204574,3.9982549036140913,4.0586023
327,c:\Users\astag\Documents\Master Thesis\Speech-Enhancement-PTQ-QAT-comparison\Code\enhanced\p232_356.wav,2.962625,16000,2,3.5545893,3.8594604,4.075842,3.1559728008952623,3.4662112534615366,3.974031420965274,3.605995
328,c:\Users\astag\Documents\Master Thesis\Speech-Enhancement-PTQ-QAT-comparison\Code\enhanced\p232_330.wav,2.2131875,16000,8,3.4062824,3.680524,4.1427183,3.0604257092281557,3.3609045233275987,4.010459011748026,3.8283525
329,c:\Users\astag\Documents\Master Thesis\Speech-Enhancement-PTQ-QAT-comparison\Code\enhanced\p232_333.wav,1.995375,16000,6,3.6783702,3.9747903,4.119058,3.233586597660807,3.531079467577205,3.9980872950258735,3.518344
330,c:\Users\astag\Documents\Master Thesis\Speech-Enhancement-PTQ-QAT-comparison\Code\enhanced\p232_359.wav,1.4725625,16000,2,3.904321,4.138648,4.397109,3.369694553478091,3.6195397322661202,4.133635206815054,3.4524221
331,c:\Users\astag\Documents\Master Thesis\Speech-Enhancement-PTQ-QAT-comparison\Code\enhanced\p232_364.wav,2.47125,16000,1,3.350781,3.664473,4.0066514,3.0240029717774815,3.351360510535143,3.9375640710537976,3.3568227
332,c:\Users\astag\Documents\Master Thesis\Speech-Enhancement-PTQ-QAT-comparison\Code\enhanced\p232_362.wav,2.8750625,16000,2,3.8398438,4.1546907,4.243206,3.3315180606021073,3.6278926349863303,4.061175905228054,3.644613
333,c:\Users\astag\Documents\Master Thesis\Speech-Enhancement-PTQ-QAT-comparison\Code\enhanced\p232_355.wav,3.1075625,16000,3,4.0913224,4.3249755,4.448666,3.477118732373851,3.714592523743344,4.156655813622461,4.0336556
334,c:\Users\astag\Documents\Master Thesis\Speech-Enhancement-PTQ-QAT-comparison\Code\enhanced\p232_343.wav,3.881125,16000,6,4.0215364,4.256748,4.4358606,3.4374425907324273,3.6803443734464625,4.150831595458052,3.676097
335,c:\Users\astag\Documents\Master Thesis\Speech-Enhancement-PTQ-QAT-comparison\Code\enhanced\p232_332.wav,2.1443125,16000,8,3.3231604,3.679669,3.8800476,3.005584704884126,3.3604835556270074,3.864889246227284,3.750835
336,c:\Users\astag\Documents\Master Thesis\Speech-Enhancement-PTQ-QAT-comparison\Code\enhanced\p232_339.wav,1.96525,16000,6,3.4629421,3.7671423,4.147886,3.097141151627289,3.4125151023294293,4.012397801685672,3.169178
337,c:\Users\astag\Documents\Master Thesis\Speech-Enhancement-PTQ-QAT-comparison\Code\enhanced\p232_347.wav,3.2945625,16000,4,3.2957234,3.6255863,3.9449263,2.986632869041176,3.327025647684328,3.9023450369516546,3.8065953
338,c:\Users\astag\Documents\Master Thesis\Speech-Enhancement-PTQ-QAT-comparison\Code\enhanced\p232_352.wav,1.841125,16000,5,3.5035539,3.8850899,3.9500477,3.1230836504070667,3.4802752069206853,3.905213424032992,3.2823288
339,c:\Users\astag\Documents\Master Thesis\Speech-Enhancement-PTQ-QAT-comparison\Code\enhanced\p232_351.wav,1.870125,16000,5,3.621404,3.878572,4.1753182,3.1979811790058488,3.4769578883802374,4.026878975038188,3.535611
340,c:\Users\astag\Documents\Master Thesis\Speech-Enhancement-PTQ-QAT-comparison\Code\enhanced\p232_358.wav,1.7389375,16000,4,3.639023,3.8950715,4.2583885,3.209088616054185,3.4864203035697043,4.068315213000946,2.993345
341,c:\Users\astag\Documents\Master Thesis\Speech-Enhancement-PTQ-QAT-comparison\Code\enhanced\p232_346.wav,1.9528125,16000,6,3.7613237,4.0406547,4.2993145,3.2843145185914118,3.567166822342252,4.0882710451454,3.6357327
342,c:\Users\astag\Documents\Master Thesis\Speech-Enhancement-PTQ-QAT-comparison\Code\enhanced\p232_335.wav,2.0916875,16000,7,3.5307186,3.9709957,3.8407626,3.1408168792013837,3.529027429745638,3.840670239931262,3.4201162
343,c:\Users\astag\Documents\Master Thesis\Speech-Enhancement-PTQ-QAT-comparison\Code\enhanced\p232_354.wav,1.6853125,16000,4,3.4227152,3.7261183,4.092121,3.0712692097576495,3.3883363812612965,3.9839351726481578,3.440771
344,c:\Users\astag\Documents\Master Thesis\Speech-Enhancement-PTQ-QAT-comparison\Code\enhanced\p232_363.wav,3.32625,16000,4,3.7335343,4.03813,4.1602197,3.267424109811677,3.565824862674086,4.019395763952748,3.6650653
345,c:\Users\astag\Documents\Master Thesis\Speech-Enhancement-PTQ-QAT-comparison\Code\enhanced\p232_375.wav,2.5520625,16000,1,3.7851398,4.081547,4.1388,3.298790570565369,3.589252987194638,4.008482045046439,3.686332
346,c:\Users\astag\Documents\Master Thesis\Speech-Enhancement-PTQ-QAT-comparison\Code\enhanced\p232_379.wav,2.6593125,16000,1,3.9051232,4.210591,4.2412925,3.370195078584907,3.656939908601112,4.06031833448549,3.8184698
347,c:\Users\astag\Documents\Master Thesis\Speech-Enhancement-PTQ-QAT-comparison\Code\enhanced\p232_377.wav,2.9668125,16000,2,3.2050772,3.6823664,3.6088076,2.925852719873002,3.361786390594768,3.696110294531119,3.5374317
348,c:\Users\astag\Documents\Master Thesis\Speech-Enhancement-PTQ-QAT-comparison\Code\enhanced\p232_370.wav,1.6110625,16000,3,3.3856277,3.7102737,4.084124,3.0468313549470483,3.3787861865591817,3.979516295301075,3.6344092
349,c:\Users\astag\Documents\Master Thesis\Speech-Enhancement-PTQ-QAT-comparison\Code\enhanced\p232_374.wav,2.9183125,16000,2,4.029602,4.2489395,4.4336395,3.4421987431042433,3.676512788324258,4.150092422230692,3.4839685
350,c:\Users\astag\Documents\Master Thesis\Speech-Enhancement-PTQ-QAT-comparison\Code\enhanced\p232_380.wav,2.8225,16000,2,4.0136538,4.29655,4.3225965,3.4331048472278987,3.700475146582161,4.099369296659093,3.6243267
351,c:\Users\astag\Documents\Master Thesis\Speech-Enhancement-PTQ-QAT-comparison\Code\enhanced\p232_369.wav,3.2589375,16000,4,3.7408667,3.9866178,4.2640195,3.2718084288428413,3.5375048359461108,4.071168754625167,3.7949705
352,c:\Users\astag\Documents\Master Thesis\Speech-Enhancement-PTQ-QAT-comparison\Code\enhanced\p232_361.wav,1.93525,16000,6,3.984559,4.1956525,4.4515324,3.4163883320522106,3.6492425100696795,4.157890673168253,3.596401
353,c:\Users\astag\Documents\Master Thesis\Speech-Enhancement-PTQ-QAT-comparison\Code\enhanced\p232_372.wav,3.37125,16000,4,3.7231426,3.9878273,4.234084,3.2606990366255917,3.5380479921708967,4.056130764328718,3.633938
354,c:\Users\astag\Documents\Master Thesis\Speech-Enhancement-PTQ-QAT-comparison\Code\enhanced\p232_373.wav,3.252375,16000,4,3.7742677,4.071471,4.1904097,3.292161728187415,3.583787818656617,4.0347480427831774,3.8070636
355,c:\Users\astag\Documents\Master Thesis\Speech-Enhancement-PTQ-QAT-comparison\Code\enhanced\p232_367.wav,1.82725,16000,5,3.3946166,3.7722068,3.9157817,3.052693181960571,3.4153669748367053,3.8855355825902143,3.7197785
356,c:\Users\astag\Documents\Master Thesis\Speech-Enhancement-PTQ-QAT-comparison\Code\enhanced\p232_388.wav,2.5320625,16000,1,3.3842719,3.70115,4.034845,3.0460986557260603,3.3734520131868933,3.953080076785488,3.6800218
357,c:\Users\astag\Documents\Master Thesis\Speech-Enhancement-PTQ-QAT-comparison\Code\enhanced\p232_371.wav,1.848875,16000,5,3.5447083,3.8196118,4.183242,3.1498293189229583,3.4432376575322605,4.031272360663915,3.4655983
358,c:\Users\astag\Documents\Master Thesis\Speech-Enhancement-PTQ-QAT-comparison\Code\enhanced\p232_368.wav,1.98775,16000,6,3.2724378,3.5670574,4.0371346,2.9715166925425422,3.291396686936212,3.9540520983252683,3.7532797
359,c:\Users\astag\Documents\Master Thesis\Speech-Enhancement-PTQ-QAT-comparison\Code\enhanced\p232_357.wav,2.2158125,16000,8,3.948168,4.2395506,4.3749814,3.395248175388366,3.6716679553476084,4.123660234918276,3.6322052
360,c:\Users\astag\Documents\Master Thesis\Speech-Enhancement-PTQ-QAT-comparison\Code\enhanced\p232_366.wav,1.976625,16000,6,3.7308733,3.9329293,4.346712,3.2657596760037655,3.5077474623665843,4.1104387085180125,3.5269058
361,c:\Users\astag\Documents\Master Thesis\Speech-Enhancement-PTQ-QAT-comparison\Code\enhanced\p232_385.wav,3.006875,16000,3,3.9074116,4.228331,4.139774,3.3714514544946304,3.6660043135343567,4.008469326016197,3.6207168
362,c:\Users\astag\Documents\Master Thesis\Speech-Enhancement-PTQ-QAT-comparison\Code\enhanced\p232_383.wav,1.674625,16000,4,3.9202676,4.189921,4.3933716,3.37896437009568,3.6460276605378352,4.132037540861619,3.514538
363,c:\Users\astag\Documents\Master Thesis\Speech-Enhancement-PTQ-QAT-comparison\Code\enhanced\p232_387.wav,3.003375,16000,3,3.8056126,4.0468636,4.3397007,3.3110978244336433,3.5705496339971634,4.107434596660937,3.5311186
364,c:\Users\astag\Documents\Master Thesis\Speech-Enhancement-PTQ-QAT-comparison\Code\enhanced\p232_378.wav,3.5509375,16000,5,3.6799474,3.987252,4.152238,3.234510977804837,3.5379239025304576,4.015120590234663,3.58372
365,c:\Users\astag\Documents\Master Thesis\Speech-Enhancement-PTQ-QAT-comparison\Code\enhanced\p232_400.wav,2.6826875,16000,1,3.3812544,3.5855641,4.2078524,3.04411412505075,3.303065588002685,4.043709777256213,3.653781
366,c:\Users\astag\Documents\Master Thesis\Speech-Enhancement-PTQ-QAT-comparison\Code\enhanced\p232_365.wav,2.223,16000,8,3.2556365,3.7269013,3.6756823,2.9598705237338456,3.388673593260625,3.7363045327732722,3.1216915
367,c:\Users\astag\Documents\Master Thesis\Speech-Enhancement-PTQ-QAT-comparison\Code\enhanced\p232_392.wav,3.221,16000,3,3.649665,3.9659111,4.17882,3.2152168373903858,3.5255968898859678,4.028433080323782,3.738054
368,c:\Users\astag\Documents\Master Thesis\Speech-Enhancement-PTQ-QAT-comparison\Code\enhanced\p232_405.wav,2.54225,16000,1,4.020594,4.2366757,4.488056,3.4370744549567007,3.6702823106940508,4.1737732732967405,3.879174
369,c:\Users\astag\Documents\Master Thesis\Speech-Enhancement-PTQ-QAT-comparison\Code\enhanced\p232_404.wav,2.4820625,16000,1,3.1736822,3.3945782,4.1305504,2.9046382298651086,3.181847289598655,4.004189373202556,3.4135983
370,c:\Users\astag\Documents\Master Thesis\Speech-Enhancement-PTQ-QAT-comparison\Code\enhanced\p232_398.wav,2.9759375,16000,2,3.6205344,3.9958162,3.9751096,3.1970202294112946,3.542375318063755,3.9181114104408796,3.836291
371,c:\Users\astag\Documents\Master Thesis\Speech-Enhancement-PTQ-QAT-comparison\Code\enhanced\p232_394.wav,3.1860625,16000,3,3.7567456,4.1225777,4.072617,3.2815227672023055,3.6109706381233635,3.9731940862450466,3.8116093
372,c:\Users\astag\Documents\Master Thesis\Speech-Enhancement-PTQ-QAT-comparison\Code\enhanced\p232_397.wav,3.059875,16000,3,3.566866,3.7900562,4.212238,3.163570446555481,3.425614926803727,4.045843979197435,3.777888
373,c:\Users\astag\Documents\Master Thesis\Speech-Enhancement-PTQ-QAT-comparison\Code\enhanced\p232_413.wav,2.269375,16000,1,3.6908724,3.9444413,4.2970614,3.2413236240900445,3.514273436492555,4.0873618018575595,3.368668
374,c:\Users\astag\Documents\Master Thesis\Speech-Enhancement-PTQ-QAT-comparison\Code\enhanced\p232_384.wav,1.75975,16000,5,3.0695596,3.622273,3.4151645,2.8322669464771955,3.325526636209097,3.5633617879745407,3.4160817
375,c:\Users\astag\Documents\Master Thesis\Speech-Enhancement-PTQ-QAT-comparison\Code\enhanced\p232_393.wav,3.2763125,16000,4,3.7660193,4.0335264,4.2778935,3.2865113651296705,3.56216896158484,4.078038924279365,3.708356
376,c:\Users\astag\Documents\Master Thesis\Speech-Enhancement-PTQ-QAT-comparison\Code\enhanced\p232_407.wav,1.4880625,16000,2,3.1235433,3.5171642,3.8093495,2.870018743142656,3.2602236063315617,3.8230594413813157,3.0548453
377,c:\Users\astag\Documents\Master Thesis\Speech-Enhancement-PTQ-QAT-comparison\Code\enhanced\p232_391.wav,1.822,16000,5,3.3713589,3.7395515,3.9430866,3.0375392918320103,3.3963172830623316,3.9016231989422123,3.2765536
378,c:\Users\astag\Documents\Master Thesis\Speech-Enhancement-PTQ-QAT-comparison\Code\enhanced\p232_390.wav,1.8426875,16000,5,2.8739936,3.2677026,3.664805,2.692772409722549,3.0977819471091523,3.7326108342224176,3.4835632
379,c:\Users\astag\Documents\Master Thesis\Speech-Enhancement-PTQ-QAT-comparison\Code\enhanced\p232_382.wav,1.898125,16000,6,3.506808,3.8456936,4.0243635,3.125371268434801,3.4581689407148986,3.9461216814348545,3.4971094
380,c:\Users\astag\Documents\Master Thesis\Speech-Enhancement-PTQ-QAT-comparison\Code\enhanced\p232_381.wav,2.0355,16000,7,3.772031,4.082959,4.1615067,3.2907947661647508,3.5899911042310775,4.019564203531249,3.577431
381,c:\Users\astag\Documents\Master Thesis\Speech-Enhancement-PTQ-QAT-comparison\Code\enhanced\p232_410.wav,3.2346875,16000,3,3.9480984,4.2190633,4.351523,3.3951861284083424,3.661188347547293,4.112823654620695,3.7717755
382,c:\Users\astag\Documents\Master Thesis\Speech-Enhancement-PTQ-QAT-comparison\Code\enhanced\p232_386.wav,2.2434375,16000,8,3.267105,3.577812,3.8729763,2.9675659262748937,3.297528384527253,3.8596411279209115,3.3971083
383,c:\Users\astag\Documents\Master Thesis\Speech-Enhancement-PTQ-QAT-comparison\Code\enhanced\p232_415.wav,2.8041875,16000,2,3.1190524,3.4536228,3.858739,2.866832276220723,3.219908545832908,3.85237473183129,3.4354634
384,c:\Users\astag\Documents\Master Thesis\Speech-Enhancement-PTQ-QAT-comparison\Code\enhanced\p232_396.wav,1.8471875,16000,5,3.6243064,3.9098954,4.169625,3.199816243052569,3.4947553984917,4.023771602322574,3.374607
385,c:\Users\astag\Documents\Master Thesis\Speech-Enhancement-PTQ-QAT-comparison\Code\enhanced\p257_002.wav,2.776125,16000,2,3.54806,3.853351,4.128992,3.151888113899952,3.4626823643990994,4.003151491547008,3.436524
386,c:\Users\astag\Documents\Master Thesis\Speech-Enhancement-PTQ-QAT-comparison\Code\enhanced\p232_402.wav,1.7801875,16000,5,3.3051407,3.7275333,3.8465836,2.9935593617212013,3.389064911286011,3.845444136493298,3.452531
387,c:\Users\astag\Documents\Master Thesis\Speech-Enhancement-PTQ-QAT-comparison\Code\enhanced\p232_389.wav,2.104375,16000,7,3.4537275,3.7449076,4.1299067,3.0910242040232814,3.3990223015044814,4.003464823956366,3.3285556
388,c:\Users\astag\Documents\Master Thesis\Speech-Enhancement-PTQ-QAT-comparison\Code\enhanced\p257_003.wav,5.5214375,16000,2,3.694263,4.07161,4.0116053,3.242906296400421,3.583779311941438,3.9388218652430353,3.8326874
389,c:\Users\astag\Documents\Master Thesis\Speech-Enhancement-PTQ-QAT-comparison\Code\enhanced\p257_010.wav,2.3696875,16000,1,3.115263,3.5941143,3.5974286,2.8643326519844905,3.3083490951103083,3.688783408940707,3.3865676
390,c:\Users\astag\Documents\Master Thesis\Speech-Enhancement-PTQ-QAT-comparison\Code\enhanced\p257_011.wav,5.107875,16000,1,3.9214368,4.173365,4.4500856,3.3797531480909258,3.637701080013845,4.157359366366558,3.3004234
391,c:\Users\astag\Documents\Master Thesis\Speech-Enhancement-PTQ-QAT-comparison\Code\enhanced\p232_412.wav,3.3504375,16000,4,3.8281887,4.146114,4.2506285,3.3244979323520445,3.623393798081737,4.064495995060576,3.9012184
392,c:\Users\astag\Documents\Master Thesis\Speech-Enhancement-PTQ-QAT-comparison\Code\enhanced\p257_015.wav,4.6928125,16000,1,3.900282,4.1560087,4.3720746,3.3673516270335457,3.6286514751874694,4.122445435071388,3.732866
393,c:\Users\astag\Documents\Master Thesis\Speech-Enhancement-PTQ-QAT-comparison\Code\enhanced\p257_008.wav,5.583125,16000,2,3.4188483,3.8310196,3.7776263,3.0687506451852933,3.4497962480322757,3.8035802025600955,3.61415
394,c:\Users\astag\Documents\Master Thesis\Speech-Enhancement-PTQ-QAT-comparison\Code\enhanced\p257_016.wav,5.34825,16000,1,3.5614104,3.873592,4.1805034,3.1604416290773174,3.474290449404814,4.029907567071717,3.3631048
395,c:\Users\astag\Documents\Master Thesis\Speech-Enhancement-PTQ-QAT-comparison\Code\enhanced\p232_414.wav,1.7395,16000,4,3.290347,3.6508257,3.895683,2.9831650865020447,3.342942634956345,3.871258441359484,3.3923552
396,c:\Users\astag\Documents\Master Thesis\Speech-Enhancement-PTQ-QAT-comparison\Code\enhanced\p257_022.wav,4.8556875,16000,1,3.8067784,4.1055527,4.23068,3.3118121367513096,3.602056433228903,4.0550793736122435,3.3602998
397,c:\Users\astag\Documents\Master Thesis\Speech-Enhancement-PTQ-QAT-comparison\Code\enhanced\p257_024.wav,4.6851875,16000,1,3.9801195,4.2101073,4.4406404,3.413837399731762,3.656691513483922,4.15321743129695,3.6885433
398,c:\Users\astag\Documents\Master Thesis\Speech-Enhancement-PTQ-QAT-comparison\Code\enhanced\p257_007.wav,3.3976875,16000,4,3.393821,3.8190527,3.8408818,3.052337449583397,3.4429038379744146,3.842004940882223,3.2680047
399,c:\Users\astag\Documents\Master Thesis\Speech-Enhancement-PTQ-QAT-comparison\Code\enhanced\p232_403.wav,2.1508125,16000,8,3.9560735,4.3418074,4.0688305,3.3998876344681883,3.722860666923153,3.9706563225041274,3.2337148
400,c:\Users\astag\Documents\Master Thesis\Speech-Enhancement-PTQ-QAT-comparison\Code\enhanced\p257_017.wav,2.871,16000,2,3.7977247,4.109045,4.2554975,3.306270386874453,3.6039027782676376,4.066326580989561,3.285479
401,c:\Users\astag\Documents\Master Thesis\Speech-Enhancement-PTQ-QAT-comparison\Code\enhanced\p257_004.wav,3.6314375,16000,5,3.5647666,3.898932,4.119007,3.1624876415149847,3.488627985935787,3.99788374807639,3.1849227
402,c:\Users\astag\Documents\Master Thesis\Speech-Enhancement-PTQ-QAT-comparison\Code\enhanced\p257_025.wav,2.74175,16000,1,3.8976176,4.1571536,4.346328,3.3657854373894005,3.629249976006371,4.110570669432166,3.6401854
403,c:\Users\astag\Documents\Master Thesis\Speech-Enhancement-PTQ-QAT-comparison\Code\enhanced\p257_019.wav,5.52025,16000,2,3.8261132,4.10151,4.2877007,3.3233739014334143,3.599906490735947,4.082733153265522,3.4576206
404,c:\Users\astag\Documents\Master Thesis\Speech-Enhancement-PTQ-QAT-comparison\Code\enhanced\p257_013.wav,3.1381875,16000,3,3.341777,3.761568,3.6951644,3.017559515341136,3.4087912440698767,3.7516780423009255,3.055051
405,c:\Users\astag\Documents\Master Thesis\Speech-Enhancement-PTQ-QAT-comparison\Code\enhanced\p257_009.wav,3.452625,16000,4,3.1783838,3.6261864,3.5680416,2.907755663643332,3.327993467260939,3.6689479826677833,3.446282
406,c:\Users\astag\Documents\Master Thesis\Speech-Enhancement-PTQ-QAT-comparison\Code\enhanced\p232_411.wav,2.113125,16000,7,3.574667,3.8402503,4.241768,3.1688088449536163,3.4551626758501413,4.06047426377767,3.4999
407,c:\Users\astag\Documents\Master Thesis\Speech-Enhancement-PTQ-QAT-comparison\Code\enhanced\p257_031.wav,1.3136875,16000,1,2.8084612,3.086714,3.8718185,2.64507713562028,2.9735502577058703,3.860465856670369,3.2028162
408,c:\Users\astag\Documents\Master Thesis\Speech-Enhancement-PTQ-QAT-comparison\Code\enhanced\p257_012.wav,3.4575625,16000,4,3.7688081,4.2751274,3.8939898,3.2886026504140693,3.6893337373647985,3.8728299901870025,3.4108632
409,c:\Users\astag\Documents\Master Thesis\Speech-Enhancement-PTQ-QAT-comparison\Code\enhanced\p257_001.wav,2.2195625,16000,8,3.584553,3.9107337,4.075755,3.174932774284783,3.4952711885470085,3.9748768583964624,3.6894586
410,c:\Users\astag\Documents\Master Thesis\Speech-Enhancement-PTQ-QAT-comparison\Code\enhanced\p232_409.wav,4.09,16000,7,3.5852191,3.9468937,4.0526586,3.175443287080187,3.515623365198549,3.9625437332924975,3.6433945
411,c:\Users\astag\Documents\Master Thesis\Speech-Enhancement-PTQ-QAT-comparison\Code\enhanced\p257_006.wav,4.2745,16000,8,3.8119748,4.0826144,4.4019713,3.3148773005542504,3.5897695258193267,4.135889494006166,3.646688
412,c:\Users\astag\Documents\Master Thesis\Speech-Enhancement-PTQ-QAT-comparison\Code\enhanced\p257_030.wav,2.8905625,16000,2,3.969545,4.2540035,4.3915186,3.4077280167545005,3.679070994101911,4.1312749457133755,3.3449326
413,c:\Users\astag\Documents\Master Thesis\Speech-Enhancement-PTQ-QAT-comparison\Code\enhanced\p257_039.wav,2.6615625,16000,1,3.85357,4.110255,4.392866,3.3397534240980793,3.60455293962556,4.131907353138043,3.2875679
414,c:\Users\astag\Documents\Master Thesis\Speech-Enhancement-PTQ-QAT-comparison\Code\enhanced\p232_399.wav,2.2413125,16000,8,3.3307986,3.6540756,4.0176396,3.0105966117365384,3.344777736475631,3.943523158586998,3.213045
415,c:\Users\astag\Documents\Master Thesis\Speech-Enhancement-PTQ-QAT-comparison\Code\enhanced\p257_027.wav,3.0175,16000,3,3.5014198,3.8643398,3.9814336,3.1219373533958006,3.4688585244755443,3.9229127925624794,3.5536947
416,c:\Users\astag\Documents\Master Thesis\Speech-Enhancement-PTQ-QAT-comparison\Code\enhanced\p257_014.wav,3.6924375,16000,5,3.8119934,4.137079,4.167369,3.314879122394572,3.618694902465099,4.0229442598021485,3.3370175
417,c:\Users\astag\Documents\Master Thesis\Speech-Enhancement-PTQ-QAT-comparison\Code\enhanced\p257_020.wav,3.4194375,16000,4,3.7860632,4.102648,4.1905413,3.2993424624825836,3.6004969524582013,4.034984339791375,3.434933
418,c:\Users\astag\Documents\Master Thesis\Speech-Enhancement-PTQ-QAT-comparison\Code\enhanced\p257_037.wav,1.4550625,16000,2,2.9733877,3.2851791,3.8321075,2.764516038711677,3.1096244866121663,3.836841046861057,3.1137056
419,c:\Users\astag\Documents\Master Thesis\Speech-Enhancement-PTQ-QAT-comparison\Code\enhanced\p257_040.wav,2.6685,16000,1,3.7869465,4.0644264,4.3085866,3.2998802417507562,3.5800627855520895,4.092848456361511,3.380462
420,c:\Users\astag\Documents\Master Thesis\Speech-Enhancement-PTQ-QAT-comparison\Code\enhanced\p257_032.wav,3.025625,16000,3,3.7822692,4.107086,4.207344,3.2970223612887755,3.602799758348311,4.043390307892866,3.225214
421,c:\Users\astag\Documents\Master Thesis\Speech-Enhancement-PTQ-QAT-comparison\Code\enhanced\p257_047.wav,2.694,16000,1,3.9248145,4.172112,4.399873,3.381727619658182,3.6370493950096914,4.1350703283339865,3.3618052
422,c:\Users\astag\Documents\Master Thesis\Speech-Enhancement-PTQ-QAT-comparison\Code\enhanced\p257_018.wav,4.418625,16000,8,3.9070928,4.2058444,4.348144,3.370734262269799,3.6539788220068785,4.110117888561541,3.733146
423,c:\Users\astag\Documents\Master Thesis\Speech-Enhancement-PTQ-QAT-comparison\Code\enhanced\p257_026.wav,1.758875,16000,5,3.1533444,3.3756974,4.0667214,2.8905448260299096,3.169314479704382,3.970179396311797,2.8270774
424,c:\Users\astag\Documents\Master Thesis\Speech-Enhancement-PTQ-QAT-comparison\Code\enhanced\p257_028.wav,1.83675,16000,5,3.3600326,3.6356347,4.0037217,3.029464875015666,3.3327970830534626,3.9357135693750047,3.1141987
425,c:\Users\astag\Documents\Master Thesis\Speech-Enhancement-PTQ-QAT-comparison\Code\enhanced\p257_053.wav,2.538625,16000,1,3.684214,3.987498,4.2436037,3.2372191356789695,3.538160125598803,4.061455363267306,3.242971
426,c:\Users\astag\Documents\Master Thesis\Speech-Enhancement-PTQ-QAT-comparison\Code\enhanced\p257_033.wav,1.759375,16000,5,2.8962977,3.2426198,3.6996503,2.7077522587341973,3.0792784910042426,3.753548417981816,3.0070786
427,c:\Users\astag\Documents\Master Thesis\Speech-Enhancement-PTQ-QAT-comparison\Code\enhanced\p257_038.wav,3.269,16000,4,3.7407665,4.0958824,4.0858564,3.271610159597427,3.596694016676972,3.980323793181905,3.5266268
428,c:\Users\astag\Documents\Master Thesis\Speech-Enhancement-PTQ-QAT-comparison\Code\enhanced\p257_035.wav,3.28025,16000,4,3.541355,3.863725,4.150296,3.1476501543173514,3.468596004975576,4.014320901859917,3.270877
429,c:\Users\astag\Documents\Master Thesis\Speech-Enhancement-PTQ-QAT-comparison\Code\enhanced\p257_051.wav,2.9038125,16000,2,3.558908,3.8205566,4.134742,3.1588007442455117,3.443734574067649,4.006325260972485,3.379536
430,c:\Users\astag\Documents\Master Thesis\Speech-Enhancement-PTQ-QAT-comparison\Code\enhanced\p257_036.wav,1.7859375,16000,5,2.9421635,3.2084575,3.8979774,2.7421456465954455,3.057773158584351,3.8756837523209553,3.3166466
431,c:\Users\astag\Documents\Master Thesis\Speech-Enhancement-PTQ-QAT-comparison\Code\enhanced\p257_041.wav,1.7115625,16000,4,3.3058748,3.6165645,3.9960446,2.9937295277082754,3.321955699779683,3.929842488141852,3.12139
432,c:\Users\astag\Documents\Master Thesis\Speech-Enhancement-PTQ-QAT-comparison\Code\enhanced\p257_046.wav,1.5413125,16000,3,3.3379881,3.6473076,4.044195,3.0148831215770513,3.340631413506628,3.955961627960146,3.4113083
433,c:\Users\astag\Documents\Master Thesis\Speech-Enhancement-PTQ-QAT-comparison\Code\enhanced\p257_045.wav,1.625,16000,4,3.2047584,3.5535636,3.760115,2.925132638761993,3.2821673090406227,3.791628795846578,2.8136868
434,c:\Users\astag\Documents\Master Thesis\Speech-Enhancement-PTQ-QAT-comparison\Code\enhanced\p257_055.wav,2.4968125,16000,1,3.5032663,3.8039975,4.1190886,3.123377755346703,3.434194967585901,3.998195637715586,3.2363722
435,c:\Users\astag\Documents\Master Thesis\Speech-Enhancement-PTQ-QAT-comparison\Code\enhanced\p257_029.wav,2.125,16000,8,4.0670266,4.240605,4.580625,3.463393013460196,3.6722145702281757,4.212113701466224,3.2762125
436,c:\Users\astag\Documents\Master Thesis\Speech-Enhancement-PTQ-QAT-comparison\Code\enhanced\p257_048.wav,1.6824375,16000,4,3.3948855,3.6503794,4.201026,3.0529230606948228,3.342709964570121,4.039922697924762,3.2032244
437,c:\Users\astag\Documents\Master Thesis\Speech-Enhancement-PTQ-QAT-comparison\Code\enhanced\p257_042.wav,1.839875,16000,5,2.8040776,3.3296833,3.2433498,2.6418393248774064,3.1391622033375475,3.4373978943885475,2.629866
438,c:\Users\astag\Documents\Master Thesis\Speech-Enhancement-PTQ-QAT-comparison\Code\enhanced\p257_049.wav,3.148875,16000,3,3.524025,3.8715115,4.058147,3.135653742629477,3.4717352064338614,3.9654776486489385,3.3514655
439,c:\Users\astag\Documents\Master Thesis\Speech-Enhancement-PTQ-QAT-comparison\Code\enhanced\p257_062.wav,2.4329375,16000,1,3.9709556,4.2559037,4.3524017,3.4085455251667423,3.6800442420171033,4.113387787478647,3.6067321
440,c:\Users\astag\Documents\Master Thesis\Speech-Enhancement-PTQ-QAT-comparison\Code\enhanced\p257_065.wav,2.5888125,16000,1,3.4221704,3.7904744,4.0047235,3.0709192260200115,3.426309503452027,3.9364954500544043,3.3041112
441,c:\Users\astag\Documents\Master Thesis\Speech-Enhancement-PTQ-QAT-comparison\Code\enhanced\p257_056.wav,1.4705,16000,2,3.1161695,3.470295,3.8527923,2.864067087960483,3.230217654945088,3.845518142244868,3.0058334
442,c:\Users\astag\Documents\Master Thesis\Speech-Enhancement-PTQ-QAT-comparison\Code\enhanced\p257_023.wav,8.214375,16000,7,3.7399175,4.1832914,3.9227388,3.271168113099115,3.642657915113143,3.889791708640664,3.782761
443,c:\Users\astag\Documents\Master Thesis\Speech-Enhancement-PTQ-QAT-comparison\Code\enhanced\p257_057.wav,2.9156875,16000,2,3.7469335,4.0248203,4.272399,3.275622977593941,3.5586119657448414,4.075181709104136,3.389684
444,c:\Users\astag\Documents\Master Thesis\Speech-Enhancement-PTQ-QAT-comparison\Code\enhanced\p257_066.wav,2.71,16000,1,3.5846436,3.9488077,4.0485516,3.175123658575273,3.5167099802232102,3.960547798818565,3.3995767
445,c:\Users\astag\Documents\Master Thesis\Speech-Enhancement-PTQ-QAT-comparison\Code\enhanced\p257_034.wav,1.9104375,16000,6,3.5158443,3.7709913,4.277065,3.1309239196894527,3.414466093496301,4.077124943955163,3.0480392
446,c:\Users\astag\Documents\Master Thesis\Speech-Enhancement-PTQ-QAT-comparison\Code\enhanced\p257_070.wav,2.3895,16000,1,2.6516993,3.4401624,2.6984065,2.5281304544677976,3.2113360451592667,2.9873757194621433,2.965639
447,c:\Users\astag\Documents\Master Thesis\Speech-Enhancement-PTQ-QAT-comparison\Code\enhanced\p257_043.wav,2.0773125,16000,7,3.1977096,3.704064,3.5859303,2.920962265239246,3.3751233044896876,3.6807713660415113,3.2893481
448,c:\Users\astag\Documents\Master Thesis\Speech-Enhancement-PTQ-QAT-comparison\Code\enhanced\p257_073.wav,2.4585625,16000,1,3.7905803,4.08439,4.3141947,3.3020704689707587,3.590774545510287,4.095505583398603,3.5045154
449,c:\Users\astag\Documents\Master Thesis\Speech-Enhancement-PTQ-QAT-comparison\Code\enhanced\p257_044.wav,1.793875,16000,5,3.2742043,3.7326179,3.7698922,2.9727330086366015,3.392179532600913,3.7977459417803545,3.484777
450,c:\Users\astag\Documents\Master Thesis\Speech-Enhancement-PTQ-QAT-comparison\Code\enhanced\p257_069.wav,2.7894375,16000,2,2.8260841,3.577372,2.8919497,2.6580158866513948,3.2979574070123334,3.1562981691948893,2.867391
451,c:\Users\astag\Documents\Master Thesis\Speech-Enhancement-PTQ-QAT-comparison\Code\enhanced\p257_060.wav,1.64,16000,4,3.9462752,4.183485,4.490151,3.394209924875873,3.6429264279845883,4.1746587001155415,3.6170273
452,c:\Users\astag\Documents\Master Thesis\Speech-Enhancement-PTQ-QAT-comparison\Code\enhanced\p257_050.wav,1.9214375,16000,6,2.8076923,3.1617508,3.783967,2.6444276125798205,3.0256979643008814,3.8073859357955517,2.6699018
453,c:\Users\astag\Documents\Master Thesis\Speech-Enhancement-PTQ-QAT-comparison\Code\enhanced\p257_052.wav,2.03,16000,7,3.0432625,3.311554,4.0276055,2.8139176889315576,3.1270733974863325,3.9488798234275015,3.437376
454,c:\Users\astag\Documents\Master Thesis\Speech-Enhancement-PTQ-QAT-comparison\Code\enhanced\p257_059.wav,3.7281875,16000,5,3.8992314,4.1569643,4.398824,3.3666885823123716,3.6291323186208784,4.13450905998845,3.3838952
455,c:\Users\astag\Documents\Master Thesis\Speech-Enhancement-PTQ-QAT-comparison\Code\enhanced\p257_079.wav,2.82125,16000,2,4.2610683,4.458469,4.6067467,3.5705392663006803,3.7790635145170395,4.2226292744549445,3.226366
456,c:\Users\astag\Documents\Master Thesis\Speech-Enhancement-PTQ-QAT-comparison\Code\enhanced\p257_082.wav,2.96525,16000,2,3.8841896,4.1764154,4.3468733,3.3578763551791333,3.639273729962507,4.110750843297258,3.0482342
457,c:\Users\astag\Documents\Master Thesis\Speech-Enhancement-PTQ-QAT-comparison\Code\enhanced\p257_078.wav,3.1721875,16000,3,3.2685597,3.5802402,3.9490013,2.9690337052983495,3.299662616912625,3.905126148126328,3.377527
458,c:\Users\astag\Documents\Master Thesis\Speech-Enhancement-PTQ-QAT-comparison\Code\enhanced\p257_076.wav,1.724,16000,4,3.2019446,3.488094,4.0495844,2.9239451836223207,3.2419491144186066,3.961079475066337,3.0074415
459,c:\Users\astag\Documents\Master Thesis\Speech-Enhancement-PTQ-QAT-comparison\Code\enhanced\p257_074.wav,1.71075,16000,4,3.0316887,3.3576186,3.847669,2.805832786417024,3.157526493306102,3.845541426285859,3.287363
460,c:\Users\astag\Documents\Master Thesis\Speech-Enhancement-PTQ-QAT-comparison\Code\enhanced\p257_067.wav,1.7540625,16000,5,3.203075,3.5983453,3.760455,2.9242380722416628,3.3105140600170118,3.792123558332797,3.3141434
461,c:\Users\astag\Documents\Master Thesis\Speech-Enhancement-PTQ-QAT-comparison\Code\enhanced\p257_058.wav,1.928375,16000,6,3.63633,3.9805863,4.1225395,3.207406536175913,3.5342529893552115,3.999748099926187,3.139286
462,c:\Users\astag\Documents\Master Thesis\Speech-Enhancement-PTQ-QAT-comparison\Code\enhanced\p257_054.wav,2.1591875,16000,8,2.7941933,3.110799,3.655918,2.634035473124197,2.9896177183886086,3.7263179838439706,3.137273
463,c:\Users\astag\Documents\Master Thesis\Speech-Enhancement-PTQ-QAT-comparison\Code\enhanced\p257_085.wav,2.526125,16000,1,3.9395285,4.215991,4.426323,3.3903109003806677,3.6597114759396363,4.146894073233793,3.550161
464,c:\Users\astag\Documents\Master Thesis\Speech-Enhancement-PTQ-QAT-comparison\Code\enhanced\p257_087.wav,2.5653125,16000,1,3.1725197,3.57579,3.5734084,2.9038406620863277,3.2970106545448754,3.672810481922908,3.3911214
465,c:\Users\astag\Documents\Master Thesis\Speech-Enhancement-PTQ-QAT-comparison\Code\enhanced\p257_071.wav,3.7060625,16000,5,3.4936364,3.7553806,4.1249666,3.1171175605803425,3.4056281856953383,4.001157319254451,3.2304928
466,c:\Users\astag\Documents\Master Thesis\Speech-Enhancement-PTQ-QAT-comparison\Code\enhanced\p257_061.wav,2.067875,16000,7,3.6207025,3.941198,4.066458,3.1977631781585933,3.512448976684567,3.9701721772525755,3.317467
467,c:\Users\astag\Documents\Master Thesis\Speech-Enhancement-PTQ-QAT-comparison\Code\enhanced\p257_072.wav,1.8449375,16000,5,3.9689953,4.1848955,4.4414606,3.4074053258794827,3.6436762196017645,4.153508024340029,3.0845208
468,c:\Users\astag\Documents\Master Thesis\Speech-Enhancement-PTQ-QAT-comparison\Code\enhanced\p257_063.wav,2.0545,16000,7,3.4463515,3.8473876,3.8911898,3.0865821795556654,3.45913792656849,3.8716561321567733,3.13465
469,c:\Users\astag\Documents\Master Thesis\Speech-Enhancement-PTQ-QAT-comparison\Code\enhanced\p257_084.wav,2.883125,16000,2,4.011487,4.2883234,4.3510303,3.4317352281050058,3.696326071735503,4.112217443060949,3.4713502
470,c:\Users\astag\Documents\Master Thesis\Speech-Enhancement-PTQ-QAT-comparison\Code\enhanced\p257_064.wav,2.061875,16000,7,2.9585612,3.3036726,3.7583015,2.753901589450433,3.1219613481430852,3.7911189411197013,3.0973034
471,c:\Users\astag\Documents\Master Thesis\Speech-Enhancement-PTQ-QAT-comparison\Code\enhanced\p257_094.wav,2.26,16000,1,3.868674,4.1133065,4.382404,3.348709461283816,3.6061712386588747,4.127160351518354,3.225718
472,c:\Users\astag\Documents\Master Thesis\Speech-Enhancement-PTQ-QAT-comparison\Code\enhanced\p257_097.wav,2.71175,16000,1,3.8656147,4.0880914,4.4435267,3.346897873237314,3.5927531144386595,4.15448563134868,3.30153
473,c:\Users\astag\Documents\Master Thesis\Speech-Enhancement-PTQ-QAT-comparison\Code\enhanced\p257_089.wav,2.8898125,16000,2,3.6906385,3.982199,4.255236,3.240984429297434,3.5349152826400956,4.067155411386873,3.4201021
474,c:\Users\astag\Documents\Master Thesis\Speech-Enhancement-PTQ-QAT-comparison\Code\enhanced\p257_096.wav,2.57,16000,1,3.8383968,4.053469,4.4041705,3.330725304638471,3.5741551093933084,4.137004035932346,3.6112595
475,c:\Users\astag\Documents\Master Thesis\Speech-Enhancement-PTQ-QAT-comparison\Code\enhanced\p257_080.wav,3.48425,16000,4,3.6036546,3.862805,4.2081203,3.18697958494636,3.4680030135830626,4.043646368766385,3.5359595
476,c:\Users\astag\Documents\Master Thesis\Speech-Enhancement-PTQ-QAT-comparison\Code\enhanced\p257_099.wav,2.7181875,16000,1,3.9200323,4.174556,4.391459,3.378931657972654,3.6383200356207492,4.131270573087301,3.3356452
477,c:\Users\astag\Documents\Master Thesis\Speech-Enhancement-PTQ-QAT-comparison\Code\enhanced\p257_086.wav,1.5746875,16000,3,3.2136555,3.6626303,3.6095936,2.931712026263298,3.349956318116489,3.6965233433027804,3.487604
478,c:\Users\astag\Documents\Master Thesis\Speech-Enhancement-PTQ-QAT-comparison\Code\enhanced\p257_075.wav,1.979125,16000,6,3.3554542,3.6699018,3.9674995,3.026843138118668,3.3542904428801403,3.915301269603655,3.3305168
479,c:\Users\astag\Documents\Master Thesis\Speech-Enhancement-PTQ-QAT-comparison\Code\enhanced\p257_068.wav,1.982375,16000,6,3.495745,3.7897444,4.0522656,3.118310946363781,3.425807532139632,3.961261857764864,3.2705204
480,c:\Users\astag\Documents\Master Thesis\Speech-Enhancement-PTQ-QAT-comparison\Code\enhanced\p257_077.wav,2.12,16000,7,3.3473012,3.7450256,3.8796823,3.021671356338298,3.399538054166438,3.865064115380293,3.445393
481,c:\Users\astag\Documents\Master Thesis\Speech-Enhancement-PTQ-QAT-comparison\Code\enhanced\p257_081.wav,1.9499375,16000,6,3.3124726,3.6342316,4.0294213,2.998509828717218,3.332951820445373,3.950022359177344,3.1436205
482,c:\Users\astag\Documents\Master Thesis\Speech-Enhancement-PTQ-QAT-comparison\Code\enhanced\p257_092.wav,2.8,16000,2,3.117495,3.4798696,3.8007553,2.8653427357547434,3.2364112447280378,3.8154787000909356,3.019412
483,c:\Users\astag\Documents\Master Thesis\Speech-Enhancement-PTQ-QAT-comparison\Code\enhanced\p257_102.wav,2.5924375,16000,1,3.9070604,4.1227603,4.446617,3.3713319348074413,3.6111744979964016,4.155841072275258,3.4373965
484,c:\Users\astag\Documents\Master Thesis\Speech-Enhancement-PTQ-QAT-comparison\Code\enhanced\p257_100.wav,1.4645625,16000,2,3.1008282,3.4617352,3.9129138,2.854151000139404,3.2251358048602627,3.8834397389382693,3.276927
485,c:\Users\astag\Documents\Master Thesis\Speech-Enhancement-PTQ-QAT-comparison\Code\enhanced\p257_106.wav,2.5695,16000,1,3.5364034,3.9224627,3.860554,3.144557013881949,3.5019602740830793,3.853808023563409,3.3394961
486,c:\Users\astag\Documents\Master Thesis\Speech-Enhancement-PTQ-QAT-comparison\Code\enhanced\p257_088.wav,3.301,16000,4,3.4765437,3.8275607,3.910016,3.106027730448438,3.447729066726297,3.8823418073421108,3.4494722
487,c:\Users\astag\Documents\Master Thesis\Speech-Enhancement-PTQ-QAT-comparison\Code\enhanced\p257_111.wav,2.4321875,16000,1,3.414563,4.2153482,3.2732203,3.065952528729136,3.659381836673465,3.46037723125478,3.1406972
488,c:\Users\astag\Documents\Master Thesis\Speech-Enhancement-PTQ-QAT-comparison\Code\enhanced\p257_095.wav,3.4439375,16000,4,3.8690856,4.116438,4.398551,3.348678550946859,3.607601807519056,4.134061802920135,3.6036084
489,c:\Users\astag\Documents\Master Thesis\Speech-Enhancement-PTQ-QAT-comparison\Code\enhanced\p257_083.wav,2.2256875,16000,8,3.1853707,3.4921849,3.8253329,2.912582487165563,3.2444949946669186,3.8326405801844614,3.2811458
490,c:\Users\astag\Documents\Master Thesis\Speech-Enhancement-PTQ-QAT-comparison\Code\enhanced\p257_110.wav,1.595375,16000,3,3.1717498,3.3968418,3.9559555,2.9028023641552276,3.182842765571044,3.9085047795731978,3.2455413
491,c:\Users\astag\Documents\Master Thesis\Speech-Enhancement-PTQ-QAT-comparison\Code\enhanced\p257_093.wav,1.6510625,16000,4,3.1535282,3.4330778,4.076402,2.890602075812432,3.2065736756665233,3.9753451001405256,3.0049627
492,c:\Users\astag\Documents\Master Thesis\Speech-Enhancement-PTQ-QAT-comparison\Code\enhanced\p257_114.wav,1.6243125,16000,3,3.1645935,3.513038,3.81493,2.898287293060394,3.257543931627932,3.8262761724728875,2.8955803
493,c:\Users\astag\Documents\Master Thesis\Speech-Enhancement-PTQ-QAT-comparison\Code\enhanced\p257_090.wav,1.886,16000,6,2.6212983,3.5811584,2.5390303,2.5043011210450206,3.3001189248686895,2.8394461812477547,2.8255684
494,c:\Users\astag\Documents\Master Thesis\Speech-Enhancement-PTQ-QAT-comparison\Code\enhanced\p257_091.wav,1.913625,16000,6,3.170496,3.492141,4.0084167,2.901978780137551,3.2442414174939525,3.9372538715820244,3.4066153
495,c:\Users\astag\Documents\Master Thesis\Speech-Enhancement-PTQ-QAT-comparison\Code\enhanced\p257_116.wav,3.3111875,16000,4,3.7816038,4.0301137,4.3611665,3.296285801437599,3.561162727282833,4.117083850426462,3.394532
496,c:\Users\astag\Documents\Master Thesis\Speech-Enhancement-PTQ-QAT-comparison\Code\enhanced\p257_113.wav,1.69925,16000,4,3.1946058,3.5100434,3.93928,2.918795812988352,3.2556192728672224,3.8995277850906405,3.078114
497,c:\Users\astag\Documents\Master Thesis\Speech-Enhancement-PTQ-QAT-comparison\Code\enhanced\p257_103.wav,1.9989375,16000,6,3.710859,3.9822142,4.340719,3.2535127271439364,3.5351609551618677,4.107753167637408,3.1017654
498,c:\Users\astag\Documents\Master Thesis\Speech-Enhancement-PTQ-QAT-comparison\Code\enhanced\p257_120.wav,1.4125,16000,2,3.589034,3.8709517,4.0391207,3.1777108525545454,3.4724366687277635,3.955409465825626,3.223403
499,c:\Users\astag\Documents\Master Thesis\Speech-Enhancement-PTQ-QAT-comparison\Code\enhanced\p257_098.wav,2.06,16000,7,2.660626,2.9677925,3.7143734,2.534701550679675,2.8885493677634293,3.764199913620146,3.1240413
500,c:\Users\astag\Documents\Master Thesis\Speech-Enhancement-PTQ-QAT-comparison\Code\enhanced\p257_122.wav,1.477625,16000,2,3.2471385,3.7094054,3.679263,2.9545686532579563,3.3782976599503387,3.7417919820711334,2.9173517
501,c:\Users\astag\Documents\Master Thesis\Speech-Enhancement-PTQ-QAT-comparison\Code\enhanced\p257_126.wav,2.351125,16000,1,3.835072,4.1022606,4.269541,3.328742904030202,3.6003063396775525,4.074118855882575,3.616228
502,c:\Users\astag\Documents\Master Thesis\Speech-Enhancement-PTQ-QAT-comparison\Code\enhanced\p257_107.wav,1.914625,16000,6,3.8034375,4.0503917,4.353151,3.309657468382376,3.5723306706638027,4.113549246252714,3.443454
503,c:\Users\astag\Documents\Master Thesis\Speech-Enhancement-PTQ-QAT-comparison\Code\enhanced\p257_118.wav,3.528625,16000,5,3.8310325,4.0802984,4.4481306,3.3262338457452487,3.5884742475789353,4.156387255582213,3.4530196
504,c:\Users\astag\Documents\Master Thesis\Speech-Enhancement-PTQ-QAT-comparison\Code\enhanced\p257_128.wav,2.648625,16000,1,3.618196,3.9624386,4.162516,3.196197931805689,3.524295696540798,4.020722573112313,3.6944926
505,c:\Users\astag\Documents\Master Thesis\Speech-Enhancement-PTQ-QAT-comparison\Code\enhanced\p257_104.wav,2.1141875,16000,7,3.86367,4.0919986,4.4641004,3.3456382150483903,3.5947185156207686,4.163341859882467,3.2273803
506,c:\Users\astag\Documents\Master Thesis\Speech-Enhancement-PTQ-QAT-comparison\Code\enhanced\p257_101.wav,4.3046875,16000,8,3.2929096,3.6674917,3.8142674,2.98535397178706,3.3529134816249444,3.8257078635042103,3.2747033
507,c:\Users\astag\Documents\Master Thesis\Speech-Enhancement-PTQ-QAT-comparison\Code\enhanced\p257_105.wav,1.9666875,16000,6,3.3278773,3.6013186,4.114314,3.008579143184397,3.3125825989668254,3.9953388201299993,3.6117518
508,c:\Users\astag\Documents\Master Thesis\Speech-Enhancement-PTQ-QAT-comparison\Code\enhanced\p257_129.wav,2.5416875,16000,1,3.3333597,3.7313654,3.8902729,3.0124492573674293,3.3914819219033996,3.8713009239532647,3.375783
509,c:\Users\astag\Documents\Master Thesis\Speech-Enhancement-PTQ-QAT-comparison\Code\enhanced\p257_115.wav,2.2206875,16000,8,3.2869747,3.5361803,4.139188,2.9810917203318463,3.2719408971860604,4.008254798795789,3.6324039
510,c:\Users\astag\Documents\Master Thesis\Speech-Enhancement-PTQ-QAT-comparison\Code\enhanced\p257_133.wav,2.476,16000,1,3.144275,3.3978755,4.103333,2.8844068029822534,3.1839920645953876,3.989900001175286,3.307314
511,c:\Users\astag\Documents\Master Thesis\Speech-Enhancement-PTQ-QAT-comparison\Code\enhanced\p257_112.wav,2.1338125,16000,8,3.829065,4.149615,4.2922997,3.3251184692344617,3.625272184841588,4.085011621960234,3.0814078
512,c:\Users\astag\Documents\Master Thesis\Speech-Enhancement-PTQ-QAT-comparison\Code\enhanced\p257_117.wav,2.2353125,16000,8,3.4944336,3.880988,3.9239278,3.117302744866815,3.478106366554019,3.8903607917214234,3.3698888
513,c:\Users\astag\Documents\Master Thesis\Speech-Enhancement-PTQ-QAT-comparison\Code\enhanced\p257_121.wav,3.30075,16000,4,3.2792263,3.5927722,3.918686,2.9758480370912186,3.307198258906637,3.8864674530188954,3.4452248
514,c:\Users\astag\Documents\Master Thesis\Speech-Enhancement-PTQ-QAT-comparison\Code\enhanced\p257_108.wav,2.2325,16000,8,3.259853,3.4919758,4.0397954,2.9631413042024333,3.2443148219167566,3.9555124172092198,2.8293264
515,c:\Users\astag\Documents\Master Thesis\Speech-Enhancement-PTQ-QAT-comparison\Code\enhanced\p257_127.wav,3.0273125,16000,3,3.799899,4.098594,4.2501264,3.307566724780427,3.5981733580799253,4.0643836372433375,3.3163192
516,c:\Users\astag\Documents\Master Thesis\Speech-Enhancement-PTQ-QAT-comparison\Code\enhanced\p257_130.wav,3.171,16000,3,2.8859532,3.3451664,3.31203,2.7010018484329215,3.14817757718964,3.48900593509876,2.854351
517,c:\Users\astag\Documents\Master Thesis\Speech-Enhancement-PTQ-QAT-comparison\Code\enhanced\p257_143.wav,2.5205625,16000,1,3.4820387,3.7453914,4.16342,3.1097322482864906,3.3997992329065188,4.021186266952117,3.1423168
518,c:\Users\astag\Documents\Master Thesis\Speech-Enhancement-PTQ-QAT-comparison\Code\enhanced\p257_119.wav,1.966125,16000,6,3.126705,3.4477596,3.798653,2.871921710360302,3.215895423968091,3.81607856198565,3.1305668
519,c:\Users\astag\Documents\Master Thesis\Speech-Enhancement-PTQ-QAT-comparison\Code\enhanced\p257_132.wav,3.1329375,16000,3,3.3295758,3.6297886,4.032532,3.00954531587257,3.3297078887476435,3.9514478782968863,3.2657518
520,c:\Users\astag\Documents\Master Thesis\Speech-Enhancement-PTQ-QAT-comparison\Code\enhanced\p257_109.wav,2.1146875,16000,7,3.2738147,3.5845568,3.9434915,2.972425670417356,3.3022038824346622,3.9016417974345248,3.322087
521,c:\Users\astag\Documents\Master Thesis\Speech-Enhancement-PTQ-QAT-comparison\Code\enhanced\p257_131.wav,1.5006875,16000,3,3.6362476,4.0234065,4.0847535,3.2073736683842706,3.5577517976770214,3.9799129133474267,3.1025927
522,c:\Users\astag\Documents\Master Thesis\Speech-Enhancement-PTQ-QAT-comparison\Code\enhanced\p257_123.wav,2.2165,16000,8,3.2776783,3.6179733,3.9215367,2.9749737866875776,3.322716334790989,3.8890892271908903,3.4100015
523,c:\Users\astag\Documents\Master Thesis\Speech-Enhancement-PTQ-QAT-comparison\Code\enhanced\p257_135.wav,3.480875,16000,4,3.7159138,4.0375123,4.200729,3.256470937987418,3.565313048950941,4.039896697353532,3.2788832
524,c:\Users\astag\Documents\Master Thesis\Speech-Enhancement-PTQ-QAT-comparison\Code\enhanced\p257_149.wav,2.47675,16000,1,3.2474837,3.4470358,4.2012854,2.954896356283498,3.215752201032972,4.0404135799846586,3.0169706
525,c:\Users\astag\Documents\Master Thesis\Speech-Enhancement-PTQ-QAT-comparison\Code\enhanced\p257_125.wav,1.91,16000,6,3.0898893,3.391627,4.0975204,2.846660978878301,3.179802175312455,3.986692074895196,2.942221
526,c:\Users\astag\Documents\Master Thesis\Speech-Enhancement-PTQ-QAT-comparison\Code\enhanced\p257_124.wav,1.7503125,16000,5,2.8639543,3.1980827,3.683619,2.685419590125123,3.0506050290082687,3.744106052604942,3.2552478
527,c:\Users\astag\Documents\Master Thesis\Speech-Enhancement-PTQ-QAT-comparison\Code\enhanced\p257_144.wav,2.7993125,16000,2,3.4028702,3.8037074,3.7670412,3.057983816259366,3.433753512372566,3.7967917647705605,2.9961631
528,c:\Users\astag\Documents\Master Thesis\Speech-Enhancement-PTQ-QAT-comparison\Code\enhanced\p257_151.wav,2.355875,16000,1,1.7496362,2.8654501,1.7235268,1.7905514396940836,2.814014624670168,1.9862483056288875,2.6124709
529,c:\Users\astag\Documents\Master Thesis\Speech-Enhancement-PTQ-QAT-comparison\Code\enhanced\p257_156.wav,2.3245,16000,1,3.5158508,3.8171744,4.168899,3.131438488746172,3.441849024649663,4.023991705692737,3.2693079
530,c:\Users\astag\Documents\Master Thesis\Speech-Enhancement-PTQ-QAT-comparison\Code\enhanced\p257_139.wav,1.764125,16000,5,3.4221165,3.6918511,4.08248,3.0708370205425743,3.3677964528621542,3.9786804290465674,3.0090663
531,c:\Users\astag\Documents\Master Thesis\Speech-Enhancement-PTQ-QAT-comparison\Code\enhanced\p257_147.wav,3.03425,16000,3,3.127185,3.5395405,3.6133487,2.87257052143755,3.274404799442365,3.698686551337753,3.352915
532,c:\Users\astag\Documents\Master Thesis\Speech-Enhancement-PTQ-QAT-comparison\Code\enhanced\p257_160.wav,2.51975,16000,1,3.3432267,3.7925823,3.7531147,3.0189980324482804,3.4275406387277267,3.7886276303908835,3.1960595
533,c:\Users\astag\Documents\Master Thesis\Speech-Enhancement-PTQ-QAT-comparison\Code\enhanced\p257_142.wav,3.7466875,16000,5,3.50177,3.8553193,3.89916,3.1222103987754304,3.4636694445013654,3.8754168160441465,3.3538952
534,c:\Users\astag\Documents\Master Thesis\Speech-Enhancement-PTQ-QAT-comparison\Code\enhanced\p257_140.wav,1.88,16000,6,2.5145137,3.0728016,3.0125847,2.422807962332477,2.963450818854648,3.2563662820104096,3.3260763
535,c:\Users\astag\Documents\Master Thesis\Speech-Enhancement-PTQ-QAT-comparison\Code\enhanced\p257_137.wav,1.968875,16000,6,3.3601773,3.6988218,3.9759176,3.0300580122855805,3.371971092547641,3.919942699110349,3.4294007
536,c:\Users\astag\Documents\Master Thesis\Speech-Enhancement-PTQ-QAT-comparison\Code\enhanced\p257_145.wav,3.370625,16000,4,3.6751006,3.9693995,4.2583165,3.231061701898583,3.5275855487086503,4.068232429735331,3.4775805
537,c:\Users\astag\Documents\Master Thesis\Speech-Enhancement-PTQ-QAT-comparison\Code\enhanced\p257_136.wav,2.2118125,16000,8,3.648514,3.9240224,4.280738,3.2149956650372715,3.502631396651259,4.079423186927713,3.4081304
538,c:\Users\astag\Documents\Master Thesis\Speech-Enhancement-PTQ-QAT-comparison\Code\enhanced\p257_158.wav,1.4356875,16000,2,2.6181283,2.9451656,3.6335754,2.5020900213316457,2.8716794089837006,3.7125047466753567,3.2155218
539,c:\Users\astag\Documents\Master Thesis\Speech-Enhancement-PTQ-QAT-comparison\Code\enhanced\p257_152.wav,1.5698125,16000,3,2.5905724,2.9438312,3.5403016,2.4812312243798917,2.8706692107232072,3.650462844543403,3.026429
540,c:\Users\astag\Documents\Master Thesis\Speech-Enhancement-PTQ-QAT-comparison\Code\enhanced\p257_166.wav,2.275875,16000,1,3.725448,4.0186996,4.256025,3.262541045292707,3.5552753536249035,4.067541948173633,3.0797348
541,c:\Users\astag\Documents\Master Thesis\Speech-Enhancement-PTQ-QAT-comparison\Code\enhanced\p257_154.wav,3.320125,16000,4,3.4936647,3.8835292,3.8208249,3.117108655438301,3.479838270380778,3.8295174282117643,3.2388546
542,c:\Users\astag\Documents\Master Thesis\Speech-Enhancement-PTQ-QAT-comparison\Code\enhanced\p257_138.wav,1.963625,16000,6,3.210759,3.6269486,3.7476237,2.9297827586137326,3.3283131029259585,3.7849099953744765,3.441141
543,c:\Users\astag\Documents\Master Thesis\Speech-Enhancement-PTQ-QAT-comparison\Code\enhanced\p257_141.wav,2.109125,16000,7,3.7252612,4.015411,4.238489,3.2622053952705445,3.553370927268367,4.05810591939644,3.0916612
544,c:\Users\astag\Documents\Master Thesis\Speech-Enhancement-PTQ-QAT-comparison\Code\enhanced\p257_157.wav,3.104375,16000,3,3.9982765,4.212858,4.5086923,3.424201770329558,3.6580810406712807,4.182368836976189,3.6397915
545,c:\Users\astag\Documents\Master Thesis\Speech-Enhancement-PTQ-QAT-comparison\Code\enhanced\p257_167.wav,2.709125,16000,1,3.628411,4.0374455,4.0800333,3.2025837515346907,3.565479545551391,3.9775124750004185,3.0865424
546,c:\Users\astag\Documents\Master Thesis\Speech-Enhancement-PTQ-QAT-comparison\Code\enhanced\p257_162.wav,3.0154375,16000,3,3.421738,3.9507382,3.5933783,3.0704058802911747,3.5177466538941116,3.683790162108649,3.3045692
547,c:\Users\astag\Documents\Master Thesis\Speech-Enhancement-PTQ-QAT-comparison\Code\enhanced\p257_148.wav,1.850875,16000,5,4.005849,4.2060595,4.454151,3.4285809365918687,3.6545237237055614,4.159049429626372,3.254792
548,c:\Users\astag\Documents\Master Thesis\Speech-Enhancement-PTQ-QAT-comparison\Code\enhanced\p257_169.wav,2.526375,16000,1,3.4651737,3.7807257,4.049925,3.0988476245139847,3.4206058837593876,3.961293273121637,3.2108028
549,c:\Users\astag\Documents\Master Thesis\Speech-Enhancement-PTQ-QAT-comparison\Code\enhanced\p257_172.wav,2.362875,16000,1,3.884184,4.134957,4.391523,3.3578739856177036,3.6176071495801776,4.131299499510853,3.2872746
550,c:\Users\astag\Documents\Master Thesis\Speech-Enhancement-PTQ-QAT-comparison\Code\enhanced\p257_174.wav,2.3610625,16000,1,3.680131,3.9298408,4.321633,3.234699124736906,3.5061027812084573,4.099017040913753,3.222493
551,c:\Users\astag\Documents\Master Thesis\Speech-Enhancement-PTQ-QAT-comparison\Code\enhanced\p257_173.wav,2.3560625,16000,1,3.8450625,4.1154566,4.333462,3.334695266734418,3.6073104417303834,4.104571506322669,3.503898
552,c:\Users\astag\Documents\Master Thesis\Speech-Enhancement-PTQ-QAT-comparison\Code\enhanced\p257_146.wav,2.048875,16000,7,3.254626,3.5466912,4.0384192,2.959568457389757,3.278629947555216,3.954949998437217,3.717629
553,c:\Users\astag\Documents\Master Thesis\Speech-Enhancement-PTQ-QAT-comparison\Code\enhanced\p257_177.wav,2.6513125,16000,1,4.029677,4.2524886,4.4780755,3.4422585556506076,3.6783149469890755,4.169495608134552,3.2564101
554,c:\Users\astag\Documents\Master Thesis\Speech-Enhancement-PTQ-QAT-comparison\Code\enhanced\p257_153.wav,2.1375,16000,8,3.3979301,3.8305933,3.6355798,3.0544456901719874,3.449087120158995,3.7127208154845013,3.1632311
555,c:\Users\astag\Documents\Master Thesis\Speech-Enhancement-PTQ-QAT-comparison\Code\enhanced\p257_165.wav,1.7328125,16000,4,3.526917,3.7976322,4.2218246,3.138497056267373,3.430473768408715,4.050631785414064,3.3556104
556,c:\Users\astag\Documents\Master Thesis\Speech-Enhancement-PTQ-QAT-comparison\Code\enhanced\p257_182.wav,2.2905,16000,1,3.2760587,3.601616,3.8769217,2.9741576781482952,3.3129745384520035,3.8634710135601775,3.2731256
557,c:\Users\astag\Documents\Master Thesis\Speech-Enhancement-PTQ-QAT-comparison\Code\enhanced\p257_150.wav,2.1505625,16000,8,3.122567,3.4454613,4.0366364,2.8693417315265735,3.2146424767459902,3.953714912380719,3.1036518
558,c:\Users\astag\Documents\Master Thesis\Speech-Enhancement-PTQ-QAT-comparison\Code\enhanced\p257_168.wav,3.157125,16000,3,3.4900258,3.7990906,4.1194363,3.1144616534958565,3.4308052654395347,3.9981244293568827,3.5194395
559,c:\Users\astag\Documents\Master Thesis\Speech-Enhancement-PTQ-QAT-comparison\Code\enhanced\p257_155.wav,2.074875,16000,7,3.4551966,3.9630585,3.6393256,3.0922602466991287,3.524542644330253,3.7153090185777713,3.0885186
560,c:\Users\astag\Documents\Master Thesis\Speech-Enhancement-PTQ-QAT-comparison\Code\enhanced\p257_164.wav,3.41725,16000,4,3.6617672,4.0433397,4.094845,3.222577449269645,3.5684192585799397,3.9821735496557293,3.3839102
561,c:\Users\astag\Documents\Master Thesis\Speech-Enhancement-PTQ-QAT-comparison\Code\enhanced\p257_159.wav,1.762625,16000,5,3.0887046,3.4522872,3.7526145,2.845840591899333,3.2190993844613978,3.7882556096453825,2.919292
562,c:\Users\astag\Documents\Master Thesis\Speech-Enhancement-PTQ-QAT-comparison\Code\enhanced\p257_161.wav,2.1730625,16000,8,3.4779687,3.8108253,4.0019803,3.1070314780864097,3.438113539953323,3.9346586304392717,3.4843867
563,c:\Users\astag\Documents\Master Thesis\Speech-Enhancement-PTQ-QAT-comparison\Code\enhanced\p257_184.wav,3.147625,16000,3,3.730767,4.018876,4.1868105,3.2655275379802426,3.555191309312598,4.03256616650874,3.5603368
564,c:\Users\astag\Documents\Master Thesis\Speech-Enhancement-PTQ-QAT-comparison\Code\enhanced\p257_183.wav,1.6146875,16000,3,3.133254,3.3972054,4.0957947,2.876757610478966,3.1835002219906765,3.9857999672876367,2.8444836
565,c:\Users\astag\Documents\Master Thesis\Speech-Enhancement-PTQ-QAT-comparison\Code\enhanced\p257_178.wav,3.30425,16000,4,3.6376026,3.9113474,4.195638,3.2082406184578804,3.4954219037930057,4.037405238643634,3.7056708
566,c:\Users\astag\Documents\Master Thesis\Speech-Enhancement-PTQ-QAT-comparison\Code\enhanced\p257_175.wav,3.3665625,16000,4,2.301806,2.501155,3.748695,2.2549341056939824,2.5332944132075776,3.7857701912161925,2.5910628
567,c:\Users\astag\Documents\Master Thesis\Speech-Enhancement-PTQ-QAT-comparison\Code\enhanced\p257_191.wav,2.985125,16000,2,3.485177,3.775139,4.0785837,3.11155308860502,3.417260174083782,3.9758047757061257,3.1512866
568,c:\Users\astag\Documents\Master Thesis\Speech-Enhancement-PTQ-QAT-comparison\Code\enhanced\p257_194.wav,2.633,16000,1,3.508441,3.9187481,3.996526,3.1266948668786347,3.4998712371929606,3.9319405690930758,3.3458314
569,c:\Users\astag\Documents\Master Thesis\Speech-Enhancement-PTQ-QAT-comparison\Code\enhanced\p257_193.wav,2.5588125,16000,1,3.1642108,3.6568868,3.5699718,2.8981349194500563,3.3467629103734184,3.6705128139739465,3.1195261
570,c:\Users\astag\Documents\Master Thesis\Speech-Enhancement-PTQ-QAT-comparison\Code\enhanced\p257_163.wav,2.2461875,16000,8,3.7892537,4.131779,4.111638,3.3010617677546485,3.615785513207232,3.9937796277093156,2.8583286
571,c:\Users\astag\Documents\Master Thesis\Speech-Enhancement-PTQ-QAT-comparison\Code\enhanced\p257_180.wav,1.95,16000,6,2.7261248,3.059288,3.61837,2.583978535915776,2.9541873711055735,3.7018474260042145,3.0480201
572,c:\Users\astag\Documents\Master Thesis\Speech-Enhancement-PTQ-QAT-comparison\Code\enhanced\p257_188.wav,3.0708125,16000,3,3.8628976,4.1186666,4.2840676,3.345177915742752,3.608993463657582,4.079789276687651,3.4604123
573,c:\Users\astag\Documents\Master Thesis\Speech-Enhancement-PTQ-QAT-comparison\Code\enhanced\p257_200.wav,2.3065,16000,1,3.4322066,3.7380562,4.1380267,3.0774596176973534,3.3954536219976763,4.008080360671763,3.3285372
574,c:\Users\astag\Documents\Master Thesis\Speech-Enhancement-PTQ-QAT-comparison\Code\enhanced\p257_187.wav,1.6746875,16000,4,3.1099863,3.6080399,3.6188164,2.860617830244037,3.316809692215994,3.702667190377516,3.235518
575,c:\Users\astag\Documents\Master Thesis\Speech-Enhancement-PTQ-QAT-comparison\Code\enhanced\p257_170.wav,2.0734375,16000,7,2.812094,3.0416152,3.9149625,2.6469486970367906,2.940892279487911,3.8837973015729017,3.1800354
576,c:\Users\astag\Documents\Master Thesis\Speech-Enhancement-PTQ-QAT-comparison\Code\enhanced\p257_171.wav,2.0493125,16000,7,3.1627367,3.4675853,3.9571126,2.8969753189176894,3.228727178486854,3.9095988087721794,3.2953458
577,c:\Users\astag\Documents\Master Thesis\Speech-Enhancement-PTQ-QAT-comparison\Code\enhanced\p257_176.wav,1.963,16000,6,3.1858885,3.5945892,3.7786849,2.9129673616120044,3.3085888366710923,3.8039733813319416,3.2507048
578,c:\Users\astag\Documents\Master Thesis\Speech-Enhancement-PTQ-QAT-comparison\Code\enhanced\p257_179.wav,1.9405,16000,6,2.91697,3.2265253,3.857809,2.7232037174940955,3.069280222063739,3.851076237891629,2.927388
579,c:\Users\astag\Documents\Master Thesis\Speech-Enhancement-PTQ-QAT-comparison\Code\enhanced\p257_192.wav,1.625625,16000,4,2.8892825,3.1650076,3.8625386,2.7039180680026185,3.027800737265443,3.854830277658008,2.8837118
580,c:\Users\astag\Documents\Master Thesis\Speech-Enhancement-PTQ-QAT-comparison\Code\enhanced\p257_186.wav,3.9013125,16000,6,3.8194723,4.0826373,4.36855,3.319312773884267,3.589716228426486,4.1206949662490295,3.6795337
581,c:\Users\astag\Documents\Master Thesis\Speech-Enhancement-PTQ-QAT-comparison\Code\enhanced\p257_198.wav,3.0601875,16000,3,3.8606212,4.1558433,4.338304,3.343855496947112,3.6285106628692105,4.106703702928652,3.6482
582,c:\Users\astag\Documents\Master Thesis\Speech-Enhancement-PTQ-QAT-comparison\Code\enhanced\p257_196.wav,3.130125,16000,3,3.5840816,3.8587828,4.2459426,3.174005874420073,3.4654128006776435,4.060609029864553,3.4613454
583,c:\Users\astag\Documents\Master Thesis\Speech-Enhancement-PTQ-QAT-comparison\Code\enhanced\p257_181.wav,2.1963125,16000,8,3.95799,4.175548,4.4018826,3.400928034887298,3.6387086831981392,4.135788203623658,3.4686038
584,c:\Users\astag\Documents\Master Thesis\Speech-Enhancement-PTQ-QAT-comparison\Code\enhanced\p257_185.wav,2.2473125,16000,8,3.263491,3.5920138,3.9713361,2.965426943414159,3.306945181137015,3.915692425131681,3.4446125
585,c:\Users\astag\Documents\Master Thesis\Speech-Enhancement-PTQ-QAT-comparison\Code\enhanced\p257_210.wav,2.5125625,16000,1,3.099525,3.392347,3.8736708,2.8533954502212424,3.180395002601152,3.861557429915922,3.110715
586,c:\Users\astag\Documents\Master Thesis\Speech-Enhancement-PTQ-QAT-comparison\Code\enhanced\p257_204.wav,1.5891875,16000,3,2.7661736,3.042897,3.9007194,2.6136014865011155,2.942420085777895,3.876807632148106,2.6449873
587,c:\Users\astag\Documents\Master Thesis\Speech-Enhancement-PTQ-QAT-comparison\Code\enhanced\p257_202.wav,3.0,16000,3,3.3145485,3.6239367,3.9906666,2.9999275859749885,3.3266802361859305,3.9286667351989792,3.1437356
588,c:\Users\astag\Documents\Master Thesis\Speech-Enhancement-PTQ-QAT-comparison\Code\enhanced\p257_206.wav,2.96625,16000,2,3.8902936,4.134734,4.3828254,3.361464770665531,3.6174248926605426,4.126471989468419,3.5068948
589,c:\Users\astag\Documents\Master Thesis\Speech-Enhancement-PTQ-QAT-comparison\Code\enhanced\p257_212.wav,2.57825,16000,1,3.3606377,3.679664,4.195864,3.0305217117805814,3.3605377819327047,4.037683960787963,3.2265074
590,c:\Users\astag\Documents\Master Thesis\Speech-Enhancement-PTQ-QAT-comparison\Code\enhanced\p257_190.wav,2.2360625,16000,8,3.1994812,3.8882015,3.219155,2.922046345799441,3.482220143965292,3.4191137489923698,2.8737552
591,c:\Users\astag\Documents\Master Thesis\Speech-Enhancement-PTQ-QAT-comparison\Code\enhanced\p257_197.wav,1.6645,16000,4,3.5268776,3.8502603,4.09628,3.138450261874769,3.460886744282002,3.986045740380427,3.2551918
592,c:\Users\astag\Documents\Master Thesis\Speech-Enhancement-PTQ-QAT-comparison\Code\enhanced\p257_214.wav,2.60625,16000,1,3.4989817,3.8111796,4.121206,3.120628431220036,3.4383704513238595,3.9993053768777056,2.860912
593,c:\Users\astag\Documents\Master Thesis\Speech-Enhancement-PTQ-QAT-comparison\Code\enhanced\p257_189.wav,2.234625,16000,8,3.5668056,3.859008,4.133752,3.1634379828014176,3.4654934087253366,4.00477176110974,3.1297562
594,c:\Users\astag\Documents\Master Thesis\Speech-Enhancement-PTQ-QAT-comparison\Code\enhanced\p257_218.wav,2.268375,16000,1,3.4347136,3.8587658,3.8667839,3.079091228422244,3.4658168827306297,3.8574942745934218,2.9365447
595,c:\Users\astag\Documents\Master Thesis\Speech-Enhancement-PTQ-QAT-comparison\Code\enhanced\p257_217.wav,2.7355,16000,1,3.8643365,4.092173,4.4522614,3.346140646213404,3.59493242954694,4.158310179362682,3.259579
596,c:\Users\astag\Documents\Master Thesis\Speech-Enhancement-PTQ-QAT-comparison\Code\enhanced\p257_195.wav,1.9099375,16000,6,2.915839,3.2854478,3.663765,2.722967504780191,3.1090446161143745,3.7319056280942675,2.9377022
597,c:\Users\astag\Documents\Master Thesis\Speech-Enhancement-PTQ-QAT-comparison\Code\enhanced\p257_222.wav,2.3209375,16000,1,2.8758051,3.165354,3.7665021,2.694295538025392,3.028270789365453,3.79691520127011,3.0668616
598,c:\Users\astag\Documents\Master Thesis\Speech-Enhancement-PTQ-QAT-comparison\Code\enhanced\p257_225.wav,2.2778125,16000,1,3.6639948,3.9515486,4.27705,3.224718252879482,3.518237803138803,4.077752085695512,3.2129421
599,c:\Users\astag\Documents\Master Thesis\Speech-Enhancement-PTQ-QAT-comparison\Code\enhanced\p257_199.wav,4.22525,16000,7,3.0250561,3.3392448,3.822202,2.8011010226909483,3.1454303854917915,3.8307910521043493,3.1281993
600,c:\Users\astag\Documents\Master Thesis\Speech-Enhancement-PTQ-QAT-comparison\Code\enhanced\p257_201.wav,2.117,16000,7,3.2808683,3.6221466,3.9323611,2.9772617133476933,3.325489926937688,3.895227520871322,2.9572525
601,c:\Users\astag\Documents\Master Thesis\Speech-Enhancement-PTQ-QAT-comparison\Code\enhanced\p257_207.wav,3.5298125,16000,5,3.3016572,3.6266835,3.8968132,2.991061597654539,3.328038104431885,3.874658516786762,3.2713966
602,c:\Users\astag\Documents\Master Thesis\Speech-Enhancement-PTQ-QAT-comparison\Code\enhanced\p257_216.wav,3.13825,16000,3,3.7458885,4.0957756,4.1180787,3.2749393157702174,3.5967870743953405,3.9975093856384043,3.4903545
603,c:\Users\astag\Documents\Master Thesis\Speech-Enhancement-PTQ-QAT-comparison\Code\enhanced\p257_203.wav,2.039625,16000,7,3.0877106,3.4312575,3.7725778,2.8446017874280716,3.2048809199014694,3.8001283387167457,3.072039
604,c:\Users\astag\Documents\Master Thesis\Speech-Enhancement-PTQ-QAT-comparison\Code\enhanced\p257_224.wav,3.0746875,16000,3,3.6590984,3.8681772,4.3682694,3.220879784225493,3.4705524529868867,4.119742424309352,3.6702688
605,c:\Users\astag\Documents\Master Thesis\Speech-Enhancement-PTQ-QAT-comparison\Code\enhanced\p257_213.wav,1.6984375,16000,4,3.7240913,3.950673,4.378631,3.2616245079422246,3.517683898868081,4.125378807594777,3.1760187
606,c:\Users\astag\Documents\Master Thesis\Speech-Enhancement-PTQ-QAT-comparison\Code\enhanced\p257_208.wav,1.7515625,16000,5,3.648318,3.951135,4.2138934,3.2149251231849476,3.5179803549374036,4.0462430778821705,3.0922666
607,c:\Users\astag\Documents\Master Thesis\Speech-Enhancement-PTQ-QAT-comparison\Code\enhanced\p257_209.wav,1.8186875,16000,5,2.809069,3.1915545,3.5993454,2.645078046831673,3.0460036015535112,3.688295800070867,3.1729863
608,c:\Users\astag\Documents\Master Thesis\Speech-Enhancement-PTQ-QAT-comparison\Code\enhanced\p257_219.wav,3.0325,16000,3,3.798146,4.070213,4.263976,3.306602857836861,3.583168363829678,4.071236874494731,3.4630668
609,c:\Users\astag\Documents\Master Thesis\Speech-Enhancement-PTQ-QAT-comparison\Code\enhanced\p257_211.wav,1.9239375,16000,6,2.5374675,3.636237,2.3233082,2.44080022628423,3.3339703832137015,2.63159551404669,2.8736942
610,c:\Users\astag\Documents\Master Thesis\Speech-Enhancement-PTQ-QAT-comparison\Code\enhanced\p257_228.wav,1.6226875,16000,3,3.8466835,4.141337,4.2201757,3.3353534086131424,3.6206734532645286,4.049146125493702,3.2623327
611,c:\Users\astag\Documents\Master Thesis\Speech-Enhancement-PTQ-QAT-comparison\Code\enhanced\p257_235.wav,2.2530625,16000,1,3.5080612,3.7269466,4.340809,3.126451525360381,3.388854719704231,4.1080025558006765,2.8943214
612,c:\Users\astag\Documents\Master Thesis\Speech-Enhancement-PTQ-QAT-comparison\Code\enhanced\p257_233.wav,2.393625,16000,1,3.8296843,4.2531147,4.0098047,3.325527229543353,3.6786321229931587,3.9393098690362613,3.156083
613,c:\Users\astag\Documents\Master Thesis\Speech-Enhancement-PTQ-QAT-comparison\Code\enhanced\p257_230.wav,3.2621875,16000,4,3.4492629,3.8180864,4.027308,3.08830401575836,3.4421412105071725,3.9485851823217266,3.1451826
614,c:\Users\astag\Documents\Master Thesis\Speech-Enhancement-PTQ-QAT-comparison\Code\enhanced\p257_220.wav,1.8465625,16000,5,2.9186964,3.1539855,3.9052258,2.7252361403809626,3.020270511759282,3.8798530125415085,2.832013
615,c:\Users\astag\Documents\Master Thesis\Speech-Enhancement-PTQ-QAT-comparison\Code\enhanced\p257_215.wav,1.9528125,16000,6,3.0781486,3.3413544,3.898215,2.8382547795694744,3.1467109793291512,3.8754903950731516,3.0087478
616,c:\Users\astag\Documents\Master Thesis\Speech-Enhancement-PTQ-QAT-comparison\Code\enhanced\p257_231.wav,3.1586875,16000,3,3.7404153,3.980524,4.3229036,3.2715920202596624,3.534266151635816,4.0988781630429445,3.0727227
617,c:\Users\astag\Documents\Master Thesis\Speech-Enhancement-PTQ-QAT-comparison\Code\enhanced\p257_205.wav,2.25,16000,9,3.5400963,3.8679867,4.1024756,3.146759208549363,3.47098075164073,3.989122955821766,3.2978866
618,c:\Users\astag\Documents\Master Thesis\Speech-Enhancement-PTQ-QAT-comparison\Code\enhanced\p257_227.wav,1.754,16000,5,3.8888524,4.1690345,4.3210516,3.360372789839647,3.6352391324257476,4.098371983377853,3.286454
619,c:\Users\astag\Documents\Master Thesis\Speech-Enhancement-PTQ-QAT-comparison\Code\enhanced\p257_244.wav,2.6076875,16000,1,3.6682816,3.9230235,4.2883916,3.2273732276207987,3.5022754395654605,4.083211385726322,3.3596923
620,c:\Users\astag\Documents\Master Thesis\Speech-Enhancement-PTQ-QAT-comparison\Code\enhanced\p257_240.wav,2.9295625,16000,2,3.3937478,3.951545,3.5262573,3.052284208667062,3.518207897815718,3.64096951940547,3.1945124
621,c:\Users\astag\Documents\Master Thesis\Speech-Enhancement-PTQ-QAT-comparison\Code\enhanced\p257_246.wav,2.6690625,16000,1,3.5916862,3.9428673,4.019779,3.179559778540096,3.513394303501032,3.9448148723134775,3.6499844
622,c:\Users\astag\Documents\Master Thesis\Speech-Enhancement-PTQ-QAT-comparison\Code\enhanced\p257_221.wav,2.0295,16000,7,3.6755013,4.1630254,3.856478,3.231767889645756,3.6322212153067355,3.8511604067125456,3.5333087
623,c:\Users\astag\Documents\Master Thesis\Speech-Enhancement-PTQ-QAT-comparison\Code\enhanced\p257_226.wav,1.9841875,16000,6,3.1894236,3.474725,4.1012406,2.9152187159380314,3.2332641704318346,3.9885618483997938,3.2776346
624,c:\Users\astag\Documents\Master Thesis\Speech-Enhancement-PTQ-QAT-comparison\Code\enhanced\p257_250.wav,2.5736875,16000,1,3.6895165,3.9528904,4.285859,3.240488280509028,3.51898530652807,4.081995305137252,3.2948263
625,c:\Users\astag\Documents\Master Thesis\Speech-Enhancement-PTQ-QAT-comparison\Code\enhanced\p257_245.wav,2.8303125,16000,2,3.7190447,4.0204687,4.1563787,3.2586204123961213,3.5562279706664865,4.0175671742883825,3.4915962
626,c:\Users\astag\Documents\Master Thesis\Speech-Enhancement-PTQ-QAT-comparison\Code\enhanced\p257_223.wav,4.2505625,16000,8,3.9703496,4.2298355,4.3880095,3.408109271151936,3.666742907046794,4.129474433641557,3.3744488
627,c:\Users\astag\Documents\Master Thesis\Speech-Enhancement-PTQ-QAT-comparison\Code\enhanced\p257_234.wav,3.4636875,16000,4,3.794559,4.0701437,4.314022,3.3043459816777965,3.5830299817474933,4.095265352423311,3.2118735
628,c:\Users\astag\Documents\Master Thesis\Speech-Enhancement-PTQ-QAT-comparison\Code\enhanced\p257_242.wav,3.0648125,16000,3,4.024113,4.2835503,4.462356,3.4389880401786415,3.693912216846049,4.162543147676252,3.277385
629,c:\Users\astag\Documents\Master Thesis\Speech-Enhancement-PTQ-QAT-comparison\Code\enhanced\p257_232.wav,3.745125,16000,5,3.8797917,4.1535525,4.306671,3.3552576755397916,3.6273280613774355,4.091768006508785,3.6471856
630,c:\Users\astag\Documents\Master Thesis\Speech-Enhancement-PTQ-QAT-comparison\Code\enhanced\p257_241.wav,1.612,16000,3,3.5509007,3.8161526,4.17543,3.153494292678801,3.4409918488864224,4.026814232240482,3.521178
631,c:\Users\astag\Documents\Master Thesis\Speech-Enhancement-PTQ-QAT-comparison\Code\enhanced\p257_255.wav,2.4315625,16000,1,2.997492,3.391067,3.6265476,2.7816741524580726,3.179561399181813,3.707943205032848,2.9875178
632,c:\Users\astag\Documents\Master Thesis\Speech-Enhancement-PTQ-QAT-comparison\Code\enhanced\p257_247.wav,3.089875,16000,3,3.7949848,4.233192,4.0597773,3.3046858639182215,3.668503932723151,3.9664432395437204,3.7710807
633,c:\Users\astag\Documents\Master Thesis\Speech-Enhancement-PTQ-QAT-comparison\Code\enhanced\p257_253.wav,2.81175,16000,2,3.44609,3.7332196,4.1392746,3.0863623266529636,3.392491510936985,4.0080663388402735,3.2393396
634,c:\Users\astag\Documents\Master Thesis\Speech-Enhancement-PTQ-QAT-comparison\Code\enhanced\p257_237.wav,3.335625,16000,4,3.7481945,4.010787,4.313682,3.275864899929781,3.550133361011241,4.094941618407982,3.6130981
635,c:\Users\astag\Documents\Master Thesis\Speech-Enhancement-PTQ-QAT-comparison\Code\enhanced\p257_229.wav,2.1916875,16000,8,3.831303,4.0806985,4.3717856,3.3264485804552604,3.5887031771320856,4.122097274467571,3.0527966
636,c:\Users\astag\Documents\Master Thesis\Speech-Enhancement-PTQ-QAT-comparison\Code\enhanced\p257_236.wav,3.5586875,16000,5,4.028365,4.288408,4.3570557,3.4413492572788487,3.6963636443445393,4.11525413993808,3.2627678
637,c:\Users\astag\Documents\Master Thesis\Speech-Enhancement-PTQ-QAT-comparison\Code\enhanced\p257_260.wav,2.71,16000,1,3.9224188,4.390619,3.9069788,3.3803273771837103,3.746696817660851,3.8810321587136,3.4002535
638,c:\Users\astag\Documents\Master Thesis\Speech-Enhancement-PTQ-QAT-comparison\Code\enhanced\p257_261.wav,2.6740625,16000,1,3.122326,3.4512038,3.873191,2.8692301582434343,3.218426307909307,3.8612748231651555,3.276427
639,c:\Users\astag\Documents\Master Thesis\Speech-Enhancement-PTQ-QAT-comparison\Code\enhanced\p257_251.wav,3.04925,16000,3,3.8649504,4.1062627,4.44857,3.3465033047598074,3.602422137822843,4.156552622412039,3.4383404
640,c:\Users\astag\Documents\Master Thesis\Speech-Enhancement-PTQ-QAT-comparison\Code\enhanced\p257_249.wav,1.6028125,16000,3,3.1442385,3.4230728,4.031994,2.8843774651672778,3.2003204134795733,3.9514764092683836,3.1539042
641,c:\Users\astag\Documents\Master Thesis\Speech-Enhancement-PTQ-QAT-comparison\Code\enhanced\p257_248.wav,3.1390625,16000,3,4.0865197,4.3159814,4.5503445,3.474418679056363,3.710113872163193,4.1998110461701605,3.423824
642,c:\Users\astag\Documents\Master Thesis\Speech-Enhancement-PTQ-QAT-comparison\Code\enhanced\p257_265.wav,2.738875,16000,1,3.9068582,4.249812,4.2453656,3.3712133057324176,3.676958295428744,4.06232120632433,3.4067094
643,c:\Users\astag\Documents\Master Thesis\Speech-Enhancement-PTQ-QAT-comparison\Code\enhanced\p257_259.wav,1.442625,16000,2,3.403726,3.7568955,3.9754417,3.0586248223856805,3.4065126267007253,3.919161331704233,3.0832849
644,c:\Users\astag\Documents\Master Thesis\Speech-Enhancement-PTQ-QAT-comparison\Code\enhanced\p257_266.wav,2.5404375,16000,1,4.3170958,4.4776483,4.6629176,3.60053965791467,3.788135588290383,4.244462173024112,3.0190618
645,c:\Users\astag\Documents\Master Thesis\Speech-Enhancement-PTQ-QAT-comparison\Code\enhanced\p257_268.wav,2.551125,16000,1,3.5982392,3.810845,4.3275037,3.183681403910826,3.4381760355389224,4.101778280977562,3.095053
646,c:\Users\astag\Documents\Master Thesis\Speech-Enhancement-PTQ-QAT-comparison\Code\enhanced\p257_270.wav,2.5510625,16000,1,3.230967,3.556093,3.9287736,2.9437126712534476,3.284760027675303,3.8936171361760996,3.122584
647,c:\Users\astag\Documents\Master Thesis\Speech-Enhancement-PTQ-QAT-comparison\Code\enhanced\p257_264.wav,1.4096875,16000,2,2.965477,3.485542,3.3825698,2.7588775913949255,3.240252863362164,3.5401528815134524,3.2178483
648,c:\Users\astag\Documents\Master Thesis\Speech-Enhancement-PTQ-QAT-comparison\Code\enhanced\p257_256.wav,3.17125,16000,3,4.0000715,4.265373,4.40577,3.425223707447396,3.6847960673912827,4.137395280934757,3.6247647
649,c:\Users\astag\Documents\Master Thesis\Speech-Enhancement-PTQ-QAT-comparison\Code\enhanced\p257_276.wav,2.306875,16000,1,3.3075857,3.5636318,4.1140904,2.995280691527618,3.289456519714198,3.995571070824104,2.8662004
650,c:\Users\astag\Documents\Master Thesis\Speech-Enhancement-PTQ-QAT-comparison\Code\enhanced\p257_277.wav,2.6209375,16000,1,3.7719955,4.1517167,4.075128,3.2908497646336783,3.626405823089492,3.974886344831546,3.3957086
651,c:\Users\astag\Documents\Master Thesis\Speech-Enhancement-PTQ-QAT-comparison\Code\enhanced\p257_271.wav,2.9145625,16000,2,3.2263865,3.602796,3.8186061,2.9404702910566414,3.3136987986767688,3.8271238056840184,3.0833511
652,c:\Users\astag\Documents\Master Thesis\Speech-Enhancement-PTQ-QAT-comparison\Code\enhanced\p257_239.wav,1.9970625,16000,6,3.3546848,3.8268337,3.7467415,3.0265264330500217,3.4473811823716978,3.7838840764798327,3.3187323
653,c:\Users\astag\Documents\Master Thesis\Speech-Enhancement-PTQ-QAT-comparison\Code\enhanced\p257_262.wav,3.457875,16000,4,3.7930322,4.0774145,4.2747684,3.303234499138331,3.5870101699893358,4.074187345538945,3.3296041
654,c:\Users\astag\Documents\Master Thesis\Speech-Enhancement-PTQ-QAT-comparison\Code\enhanced\p257_280.wav,2.4645625,16000,1,3.9635558,4.192979,4.457959,3.4042640528167305,3.6478667724567453,4.160794139831596,3.4717762
655,c:\Users\astag\Documents\Master Thesis\Speech-Enhancement-PTQ-QAT-comparison\Code\enhanced\p257_238.wav,2.1140625,16000,7,3.8891737,4.1431503,4.4696765,3.360768154707362,3.6218690705415892,4.165825959862995,3.375778
656,c:\Users\astag\Documents\Master Thesis\Speech-Enhancement-PTQ-QAT-comparison\Code\enhanced\p257_275.wav,3.107,16000,3,3.8201907,4.014099,4.4140363,3.318898672095733,3.551963508371703,4.139950430881654,3.402488
657,c:\Users\astag\Documents\Master Thesis\Speech-Enhancement-PTQ-QAT-comparison\Code\enhanced\p257_281.wav,1.4139375,16000,2,3.0056572,3.423947,3.5946703,2.7874636435225875,3.200885052068587,3.6867948105327404,2.9424868
658,c:\Users\astag\Documents\Master Thesis\Speech-Enhancement-PTQ-QAT-comparison\Code\enhanced\p257_278.wav,3.153875,16000,3,3.7163532,4.0046782,4.242327,3.256947573495086,3.5475551742716234,4.060508276141092,3.215575
659,c:\Users\astag\Documents\Master Thesis\Speech-Enhancement-PTQ-QAT-comparison\Code\enhanced\p257_252.wav,2.107875,16000,7,3.5275528,3.9268718,3.9713628,3.138542118830356,3.503960612122044,3.9173809133342217,3.2100906
660,c:\Users\astag\Documents\Master Thesis\Speech-Enhancement-PTQ-QAT-comparison\Code\enhanced\p257_286.wav,2.4880625,16000,1,3.7659464,4.007917,4.391238,3.2871874470104046,3.5493791234451915,4.131170617542658,3.0424442
661,c:\Users\astag\Documents\Master Thesis\Speech-Enhancement-PTQ-QAT-comparison\Code\enhanced\p257_257.wav,1.973375,16000,6,3.8277543,4.0853457,4.3864875,3.324362962168044,3.5912213975346483,4.128871412415839,2.9815571
662,c:\Users\astag\Documents\Master Thesis\Speech-Enhancement-PTQ-QAT-comparison\Code\enhanced\p257_243.wav,2.172,16000,8,2.781647,3.0593355,3.8136692,2.624492289357319,2.9531058509405477,3.8254249269652365,3.405392
663,c:\Users\astag\Documents\Master Thesis\Speech-Enhancement-PTQ-QAT-comparison\Code\enhanced\p257_258.wav,3.9575,16000,6,3.5877364,3.8777044,4.143981,3.176270268683815,3.475471875249062,4.01080044297161,3.388564
664,c:\Users\astag\Documents\Master Thesis\Speech-Enhancement-PTQ-QAT-comparison\Code\enhanced\p257_267.wav,1.757875,16000,5,3.3789856,3.6482415,4.301572,3.042156585372084,3.340985793797335,4.089078979244656,3.0127778
665,c:\Users\astag\Documents\Master Thesis\Speech-Enhancement-PTQ-QAT-comparison\Code\enhanced\p257_285.wav,1.450875,16000,2,3.0009413,3.41293,3.620378,2.7841004422050903,3.1937608631937593,3.7038194198463508,3.023682
666,c:\Users\astag\Documents\Master Thesis\Speech-Enhancement-PTQ-QAT-comparison\Code\enhanced\p257_269.wav,1.7344375,16000,4,2.856134,3.1849525,3.715712,2.6798883144058974,3.0416963314853964,3.7643293162825398,3.0973957
667,c:\Users\astag\Documents\Master Thesis\Speech-Enhancement-PTQ-QAT-comparison\Code\enhanced\p257_254.wav,2.1701875,16000,8,3.711744,3.9652588,4.311424,3.2539979993192674,3.525731039599322,4.093795300471512,3.041384
668,c:\Users\astag\Documents\Master Thesis\Speech-Enhancement-PTQ-QAT-comparison\Code\enhanced\p257_283.wav,2.8213125,16000,2,3.7260308,4.0490093,4.217386,3.2628381194085603,3.5717436292147244,4.047957021378837,3.400274
669,c:\Users\astag\Documents\Master Thesis\Speech-Enhancement-PTQ-QAT-comparison\Code\enhanced\p257_290.wav,2.3409375,16000,1,3.3578682,3.631553,4.028315,3.028691447678817,3.331339415834532,3.9495050858846987,3.3456075
670,c:\Users\astag\Documents\Master Thesis\Speech-Enhancement-PTQ-QAT-comparison\Code\enhanced\p257_274.wav,1.83125,16000,5,2.8430514,3.124998,3.8788323,2.6700280733970456,2.9996487282443427,3.8639434181829047,2.9151447
671,c:\Users\astag\Documents\Master Thesis\Speech-Enhancement-PTQ-QAT-comparison\Code\enhanced\p257_284.wav,3.235125,16000,3,3.7795486,4.0468373,4.211851,3.295259397945982,3.570462876228607,4.04535321989463,3.4485912
672,c:\Users\astag\Documents\Master Thesis\Speech-Enhancement-PTQ-QAT-comparison\Code\enhanced\p257_263.wav,2.0496875,16000,7,2.9834979,3.6110039,3.3073063,2.7714816977971752,3.3184440691309396,3.4849893708625155,3.120584
673,c:\Users\astag\Documents\Master Thesis\Speech-Enhancement-PTQ-QAT-comparison\Code\enhanced\p257_293.wav,2.34925,16000,1,3.3017442,3.6746953,3.8070908,2.99137706253434,3.357540330932308,3.8217533506492973,2.959993
674,c:\Users\astag\Documents\Master Thesis\Speech-Enhancement-PTQ-QAT-comparison\Code\enhanced\p257_288.wav,2.83,16000,2,3.2140665,3.9181817,3.2095733,2.932183805547793,3.4995513989309233,3.4119492211021343,3.0050383
675,c:\Users\astag\Documents\Master Thesis\Speech-Enhancement-PTQ-QAT-comparison\Code\enhanced\p257_289.wav,2.93,16000,2,3.828443,4.144643,4.37029,3.3247856828348343,3.6226958165874072,4.121627483110325,3.1032238
676,c:\Users\astag\Documents\Master Thesis\Speech-Enhancement-PTQ-QAT-comparison\Code\enhanced\p257_298.wav,2.6083125,16000,1,3.6705399,3.9763868,4.1474285,3.2287708882906565,3.5320257105723396,4.012952546739199,3.1911144
677,c:\Users\astag\Documents\Master Thesis\Speech-Enhancement-PTQ-QAT-comparison\Code\enhanced\p257_279.wav,3.6466875,16000,5,3.9052906,4.172272,4.334806,3.3702189554540487,3.637084911697292,4.104968431860613,3.470773
678,c:\Users\astag\Documents\Master Thesis\Speech-Enhancement-PTQ-QAT-comparison\Code\enhanced\p257_302.wav,2.304875,16000,1,3.228258,3.5199802,4.002372,2.941874742390053,3.262130239844881,3.935190528821294,3.081906
679,c:\Users\astag\Documents\Master Thesis\Speech-Enhancement-PTQ-QAT-comparison\Code\enhanced\p257_301.wav,2.60575,16000,1,3.6306295,3.9116986,4.3027844,3.203968745987933,3.4959002539253756,4.090090660049038,3.2495813
680,c:\Users\astag\Documents\Master Thesis\Speech-Enhancement-PTQ-QAT-comparison\Code\enhanced\p257_292.wav,2.927,16000,2,3.810073,4.1064262,4.2732453,3.3137752674238277,3.602520086453474,4.0755225446499805,3.7138624
681,c:\Users\astag\Documents\Master Thesis\Speech-Enhancement-PTQ-QAT-comparison\Code\enhanced\p257_308.wav,2.325125,16000,1,3.8322222,4.0718293,4.455589,3.3270424925795865,3.5840426977833624,4.1597618058542025,3.2270591
682,c:\Users\astag\Documents\Master Thesis\Speech-Enhancement-PTQ-QAT-comparison\Code\enhanced\p257_311.wav,2.558,16000,1,3.2506657,3.5643015,3.9589174,2.957046648662875,3.289873276493712,3.9108169026918844,3.155611
683,c:\Users\astag\Documents\Master Thesis\Speech-Enhancement-PTQ-QAT-comparison\Code\enhanced\p257_272.wav,1.965875,16000,6,2.978996,3.412324,3.5052671,2.768437741369871,3.193199568356485,3.626110715982264,3.2912757
684,c:\Users\astag\Documents\Master Thesis\Speech-Enhancement-PTQ-QAT-comparison\Code\enhanced\p257_282.wav,1.9329375,16000,6,3.249793,3.6228402,3.8813038,2.956427513565329,3.325928136409954,3.8658583309317875,3.443217
685,c:\Users\astag\Documents\Master Thesis\Speech-Enhancement-PTQ-QAT-comparison\Code\enhanced\p257_296.wav,3.0565,16000,3,3.647869,3.9119759,4.3077583,3.2139203674913097,3.4949961832847123,4.092117421206958,3.372774
686,c:\Users\astag\Documents\Master Thesis\Speech-Enhancement-PTQ-QAT-comparison\Code\enhanced\p257_313.wav,2.4386875,16000,1,3.394179,3.7906203,3.8852189,3.052605888267976,3.4263947502926477,3.8683424917113935,2.9505687
687,c:\Users\astag\Documents\Master Thesis\Speech-Enhancement-PTQ-QAT-comparison\Code\enhanced\p257_291.wav,1.7,16000,4,2.7129846,3.1456559,3.5728998,2.574244431578817,3.0146608256556005,3.6723871576823734,3.0724773
688,c:\Users\astag\Documents\Master Thesis\Speech-Enhancement-PTQ-QAT-comparison\Code\enhanced\p257_299.wav,3.0175625,16000,3,3.6921947,3.9745743,4.255716,3.2421094263314116,3.5310060263273413,4.067216911547622,3.553984
689,c:\Users\astag\Documents\Master Thesis\Speech-Enhancement-PTQ-QAT-comparison\Code\enhanced\p257_295.wav,1.6975625,16000,4,2.8981452,3.2449021,3.7437818,2.710382639300922,3.0824470855002586,3.7827313977451458,2.9493926
690,c:\Users\astag\Documents\Master Thesis\Speech-Enhancement-PTQ-QAT-comparison\Code\enhanced\p257_273.wav,2.1233125,16000,7,3.5496535,3.8616986,4.088691,3.152894653949659,3.467379758704532,3.9819517082704317,3.0742831
691,c:\Users\astag\Documents\Master Thesis\Speech-Enhancement-PTQ-QAT-comparison\Code\enhanced\p257_300.wav,1.6656875,16000,4,3.5406756,3.7983053,4.069276,3.147239966841655,3.430837608775432,3.971701754218088,2.9426918
692,c:\Users\astag\Documents\Master Thesis\Speech-Enhancement-PTQ-QAT-comparison\Code\enhanced\p257_307.wav,3.1325625,16000,3,3.5638573,3.9494581,3.9861317,3.161965447729544,3.517027390837845,3.9260089171401304,3.3636253
693,c:\Users\astag\Documents\Master Thesis\Speech-Enhancement-PTQ-QAT-comparison\Code\enhanced\p257_287.wav,1.8923125,16000,6,3.8046181,4.0870347,4.2822366,3.310205683699202,3.5919509936228127,4.079776015708354,3.243035
694,c:\Users\astag\Documents\Master Thesis\Speech-Enhancement-PTQ-QAT-comparison\Code\enhanced\p257_310.wav,1.56675,16000,3,3.423027,3.6913216,4.1430097,3.0713052710997046,3.367169758090352,4.010535686478446,3.047435
695,c:\Users\astag\Documents\Master Thesis\Speech-Enhancement-PTQ-QAT-comparison\Code\enhanced\p257_306.wav,1.66625,16000,4,3.3446884,3.7059987,3.8971913,3.019613984464387,3.3761679488517533,3.8741969642562823,3.0291815
696,c:\Users\astag\Documents\Master Thesis\Speech-Enhancement-PTQ-QAT-comparison\Code\enhanced\p257_297.wav,3.3426875,16000,4,3.7067604,4.013501,4.262104,3.250432194061588,3.551910933695919,4.069877552937455,3.1780753
697,c:\Users\astag\Documents\Master Thesis\Speech-Enhancement-PTQ-QAT-comparison\Code\enhanced\p257_309.wav,1.7104375,16000,4,3.4539237,3.81765,3.9938,3.0913561061867556,3.4418496486109147,3.9302053278497717,2.9523492
698,c:\Users\astag\Documents\Master Thesis\Speech-Enhancement-PTQ-QAT-comparison\Code\enhanced\p257_318.wav,2.38,16000,1,2.9841888,3.2823112,3.9369445,2.772219149278874,3.1077328075977766,3.898302990869942,3.177098
699,c:\Users\astag\Documents\Master Thesis\Speech-Enhancement-PTQ-QAT-comparison\Code\enhanced\p257_294.wav,1.9976875,16000,6,3.5096664,3.9509509,3.8283584,3.1274111246483796,3.5170690704558187,3.8333004247724816,3.2299817
700,c:\Users\astag\Documents\Master Thesis\Speech-Enhancement-PTQ-QAT-comparison\Code\enhanced\p257_320.wav,2.8238125,16000,2,3.9038734,4.1825824,4.3486977,3.3694249336600928,3.6424370918674813,4.111655545758749,3.5090585
701,c:\Users\astag\Documents\Master Thesis\Speech-Enhancement-PTQ-QAT-comparison\Code\enhanced\p257_304.wav,1.742625,16000,4,3.5400379,3.8053463,4.2297297,3.146628297890895,3.4347237839482236,4.054255435293288,3.0108604
702,c:\Users\astag\Documents\Master Thesis\Speech-Enhancement-PTQ-QAT-comparison\Code\enhanced\p257_312.wav,1.7154375,16000,4,3.6704147,4.0150456,4.1921177,3.2285212671081824,3.5531526499575383,4.034935613337544,3.13684
703,c:\Users\astag\Documents\Master Thesis\Speech-Enhancement-PTQ-QAT-comparison\Code\enhanced\p257_319.wav,2.954125,16000,2,3.7026002,4.0286593,4.216662,3.2479947698949916,3.560299087042849,4.047122808439648,3.3538208
704,c:\Users\astag\Documents\Master Thesis\Speech-Enhancement-PTQ-QAT-comparison\Code\enhanced\p257_330.wav,2.64875,16000,1,3.623376,3.989067,3.988167,3.1994378414846585,3.539024702110532,3.927277780371787,3.2629828
705,c:\Users\astag\Documents\Master Thesis\Speech-Enhancement-PTQ-QAT-comparison\Code\enhanced\p257_328.wav,1.451625,16000,2,3.5195727,3.7555282,4.289155,3.13381677861474,3.405757124147244,4.083321673498341,3.185019
706,c:\Users\astag\Documents\Master Thesis\Speech-Enhancement-PTQ-QAT-comparison\Code\enhanced\p257_315.wav,1.6681875,16000,4,2.8360114,3.1300588,3.822626,2.664953887090615,3.0032200518360783,3.831081819849665,2.8874226
707,c:\Users\astag\Documents\Master Thesis\Speech-Enhancement-PTQ-QAT-comparison\Code\enhanced\p257_305.wav,1.89275,16000,6,3.155008,3.7379487,3.519294,2.8916548579974637,3.3951458396913012,3.6359401951640664,3.404604
708,c:\Users\astag\Documents\Master Thesis\Speech-Enhancement-PTQ-QAT-comparison\Code\enhanced\p257_333.wav,2.3105625,16000,1,3.3542295,3.6426876,4.1728897,3.026285127268287,3.3381315516144077,4.026030134414824,3.5064325
709,c:\Users\astag\Documents\Master Thesis\Speech-Enhancement-PTQ-QAT-comparison\Code\enhanced\p257_303.wav,2.0079375,16000,7,3.8496315,4.1632886,4.163424,3.3373410040724383,3.632427246538683,4.020664093843941,3.4090908
710,c:\Users\astag\Documents\Master Thesis\Speech-Enhancement-PTQ-QAT-comparison\Code\enhanced\p257_334.wav,2.5190625,16000,1,3.1711144,3.581049,3.7269235,2.90287633580207,3.3002705205579432,3.772277309768235,3.23598
711,c:\Users\astag\Documents\Master Thesis\Speech-Enhancement-PTQ-QAT-comparison\Code\enhanced\p257_329.wav,1.574,16000,3,3.4959023,3.7576263,4.2177677,3.1186373929773947,3.406981520687525,4.048588816382948,3.2344372
712,c:\Users\astag\Documents\Master Thesis\Speech-Enhancement-PTQ-QAT-comparison\Code\enhanced\p257_327.wav,1.592125,16000,3,2.0712888,2.2695873,3.2937253,2.0661830231422535,2.343473066033541,3.4752190016420403,2.868914
713,c:\Users\astag\Documents\Master Thesis\Speech-Enhancement-PTQ-QAT-comparison\Code\enhanced\p257_316.wav,1.8355625,16000,5,3.2833424,3.5860565,4.03142,2.9788277092488475,3.3032634206179923,3.950558402527413,3.2166648
714,c:\Users\astag\Documents\Master Thesis\Speech-Enhancement-PTQ-QAT-comparison\Code\enhanced\p257_338.wav,2.6495,16000,1,3.6850312,4.0019007,4.2459097,3.2377231318223223,3.546080814962069,4.06258840971671,3.4890041
715,c:\Users\astag\Documents\Master Thesis\Speech-Enhancement-PTQ-QAT-comparison\Code\enhanced\p257_323.wav,1.7379375,16000,4,3.4772093,3.761651,4.1583705,3.1064745479227502,3.4092284292123027,4.018415181420989,3.1876392
716,c:\Users\astag\Documents\Master Thesis\Speech-Enhancement-PTQ-QAT-comparison\Code\enhanced\p257_314.wav,3.2535625,16000,4,3.583052,3.8554854,4.235278,3.1740485615697644,3.4638448078484427,4.0573163406198205,3.2390144
717,c:\Users\astag\Documents\Master Thesis\Speech-Enhancement-PTQ-QAT-comparison\Code\enhanced\p257_326.wav,1.7366875,16000,4,3.502953,3.8119526,4.111122,3.123081539023473,3.438693921886521,3.9936587440126767,3.069162
718,c:\Users\astag\Documents\Master Thesis\Speech-Enhancement-PTQ-QAT-comparison\Code\enhanced\p257_317.wav,1.7500625,16000,5,3.4122634,3.7293057,4.036618,3.064086765768669,3.389900522516202,3.9532995866022285,3.382515
719,c:\Users\astag\Documents\Master Thesis\Speech-Enhancement-PTQ-QAT-comparison\Code\enhanced\p257_332.wav,2.834375,16000,2,3.7393885,3.9987876,4.261421,3.2710381157912325,3.544371017324049,4.070014299250642,3.2381535
720,c:\Users\astag\Documents\Master Thesis\Speech-Enhancement-PTQ-QAT-comparison\Code\enhanced\p257_341.wav,2.4064375,16000,1,3.797271,4.140914,4.142204,3.30609862390978,3.6207399527382016,4.010247881480179,3.2396045
721,c:\Users\astag\Documents\Master Thesis\Speech-Enhancement-PTQ-QAT-comparison\Code\enhanced\p257_324.wav,3.5205625,16000,5,3.8478847,4.158105,4.2433853,3.3362084555394524,3.629631303583514,4.0609525866864065,3.3834705
722,c:\Users\astag\Documents\Master Thesis\Speech-Enhancement-PTQ-QAT-comparison\Code\enhanced\p257_322.wav,1.8185,16000,5,3.4600232,3.8147366,4.026381,3.095024923311393,3.4400010257751106,3.947411802908193,3.2256157
723,c:\Users\astag\Documents\Master Thesis\Speech-Enhancement-PTQ-QAT-comparison\Code\enhanced\p257_335.wav,1.58225,16000,3,3.7235491,4.00621,4.2956843,3.260927512317565,3.54817039703491,4.0857652483375295,2.8754501
724,c:\Users\astag\Documents\Master Thesis\Speech-Enhancement-PTQ-QAT-comparison\Code\enhanced\p257_336.wav,3.1916875,16000,3,3.8725502,4.1229157,4.3835244,3.350991780832332,3.611234049601561,4.127610606427976,3.413005
725,c:\Users\astag\Documents\Master Thesis\Speech-Enhancement-PTQ-QAT-comparison\Code\enhanced\p257_349.wav,2.627875,16000,1,3.7196634,4.0130153,4.256969,3.259002616869385,3.5521694442440497,4.068002931632591,3.5001059
726,c:\Users\astag\Documents\Master Thesis\Speech-Enhancement-PTQ-QAT-comparison\Code\enhanced\p257_345.wav,2.935375,16000,2,3.471765,3.8317971,3.997407,3.1030978153527036,3.450302863033894,3.9323945329910637,3.5105915
727,c:\Users\astag\Documents\Master Thesis\Speech-Enhancement-PTQ-QAT-comparison\Code\enhanced\p257_343.wav,2.983875,16000,2,3.491689,3.778935,4.1928024,3.1154604394617067,3.419069268569123,4.035464091926428,3.5705748
728,c:\Users\astag\Documents\Master Thesis\Speech-Enhancement-PTQ-QAT-comparison\Code\enhanced\p257_350.wav,2.775875,16000,2,3.9322155,4.198512,4.4004393,3.386045094149372,3.650657660565427,4.135120069615159,3.4704435
729,c:\Users\astag\Documents\Master Thesis\Speech-Enhancement-PTQ-QAT-comparison\Code\enhanced\p257_321.wav,1.9553125,16000,6,3.0887964,3.425423,3.8928592,2.845455314160965,3.2014014288927513,3.872231706026796,3.5959394
730,c:\Users\astag\Documents\Master Thesis\Speech-Enhancement-PTQ-QAT-comparison\Code\enhanced\p257_339.wav,3.2738125,16000,4,3.692888,3.9358003,4.3153467,3.2423398801189394,3.509062128916948,4.096025722590868,3.1718097
731,c:\Users\astag\Documents\Master Thesis\Speech-Enhancement-PTQ-QAT-comparison\Code\enhanced\p257_351.wav,2.8150625,16000,2,3.1737828,3.6497185,3.5458431,2.9045205593638164,3.3423694805558792,3.652542562402076,3.041211
732,c:\Users\astag\Documents\Master Thesis\Speech-Enhancement-PTQ-QAT-comparison\Code\enhanced\p257_325.wav,2.0335625,16000,7,3.3182585,3.5873072,4.094015,3.0016787068263997,3.3032114608644685,3.9844908425234857,3.3388638
733,c:\Users\astag\Documents\Master Thesis\Speech-Enhancement-PTQ-QAT-comparison\Code\enhanced\p257_347.wav,3.0558125,16000,3,3.291069,3.7432616,3.804471,2.9841038879601935,3.3981237605792685,3.8200828571138152,3.4303563
734,c:\Users\astag\Documents\Master Thesis\Speech-Enhancement-PTQ-QAT-comparison\Code\enhanced\p257_359.wav,2.5131875,16000,1,3.8581085,4.0999985,4.385578,3.3424478199317096,3.5991027290313253,4.128603659638078,3.4493628
735,c:\Users\astag\Documents\Master Thesis\Speech-Enhancement-PTQ-QAT-comparison\Code\enhanced\p257_340.wav,1.8521875,16000,5,3.508699,3.8617923,4.01704,3.126823462216368,3.4674880140207662,3.943197402419023,3.469501
736,c:\Users\astag\Documents\Master Thesis\Speech-Enhancement-PTQ-QAT-comparison\Code\enhanced\p257_360.wav,2.8206875,16000,2,3.6664498,4.028042,4.0184565,3.226230674858108,3.56033656554182,3.9440708980000374,3.4719865
737,c:\Users\astag\Documents\Master Thesis\Speech-Enhancement-PTQ-QAT-comparison\Code\enhanced\p257_361.wav,1.44925,16000,2,3.3216739,3.6999931,3.8926919,3.00464792624396,3.372749530758674,3.8725281134566614,3.0073435
738,c:\Users\astag\Documents\Master Thesis\Speech-Enhancement-PTQ-QAT-comparison\Code\enhanced\p257_337.wav,2.109625,16000,7,3.1866379,3.4295766,4.0823293,2.913409909720063,3.204452308656402,3.9785484231743284,3.4621024
739,c:\Users\astag\Documents\Master Thesis\Speech-Enhancement-PTQ-QAT-comparison\Code\enhanced\p257_353.wav,1.641125,16000,4,3.1565635,3.3870564,4.071105,2.8918789416017074,3.17576693694481,3.9721996987337995,3.3002727
740,c:\Users\astag\Documents\Master Thesis\Speech-Enhancement-PTQ-QAT-comparison\Code\enhanced\p257_331.wav,2.0765,16000,7,3.0659757,3.4322762,3.7513936,2.8296920893387942,3.2058749126803927,3.786909270806962,2.7259
741,c:\Users\astag\Documents\Master Thesis\Speech-Enhancement-PTQ-QAT-comparison\Code\enhanced\p257_342.wav,1.9975,16000,6,3.3734636,3.833356,3.8725069,3.03895716377698,3.451059805074865,3.860217345675739,3.3047173
742,c:\Users\astag\Documents\Master Thesis\Speech-Enhancement-PTQ-QAT-comparison\Code\enhanced\p257_369.wav,2.2845,16000,1,3.7440715,4.0339494,4.305431,3.273902475797044,3.5635809082450054,4.091349630276184,3.1236246
743,c:\Users\astag\Documents\Master Thesis\Speech-Enhancement-PTQ-QAT-comparison\Code\enhanced\p257_344.wav,1.8986875,16000,6,4.012275,4.294265,4.3944,3.431831769605621,3.6989269318012177,4.132062963054713,3.3582833
744,c:\Users\astag\Documents\Master Thesis\Speech-Enhancement-PTQ-QAT-comparison\Code\enhanced\p257_346.wav,2.2230625,16000,8,3.2908695,3.9745631,3.3553224,2.9838140607030583,3.5309099733536264,3.5195212034514918,3.1764042
745,c:\Users\astag\Documents\Master Thesis\Speech-Enhancement-PTQ-QAT-comparison\Code\enhanced\p257_352.wav,2.114375,16000,7,3.2994576,3.5999067,4.1072626,2.9897364561840756,3.3117819522888934,3.9917407710536525,3.1804042
746,c:\Users\astag\Documents\Master Thesis\Speech-Enhancement-PTQ-QAT-comparison\Code\enhanced\p257_355.wav,1.952,16000,6,3.0760148,3.4034488,3.9204895,2.836805605090735,3.187397593864109,3.8885796973493747,3.3573534
747,c:\Users\astag\Documents\Master Thesis\Speech-Enhancement-PTQ-QAT-comparison\Code\enhanced\p257_374.wav,2.58125,16000,1,3.4410708,3.7198284,4.2160783,3.0832248637922173,3.384615723163459,4.04782261793134,3.2775347
748,c:\Users\astag\Documents\Master Thesis\Speech-Enhancement-PTQ-QAT-comparison\Code\enhanced\p257_364.wav,3.184625,16000,3,3.7145755,3.9965417,4.2815514,3.2555947618363654,3.542760636416247,4.07951755667379,3.6751778
749,c:\Users\astag\Documents\Master Thesis\Speech-Enhancement-PTQ-QAT-comparison\Code\enhanced\p257_348.wav,2.04225,16000,7,3.5203018,3.8489418,4.0306067,3.134162339557315,3.460027158932582,3.950508851020594,3.2386143
750,c:\Users\astag\Documents\Master Thesis\Speech-Enhancement-PTQ-QAT-comparison\Code\enhanced\p257_366.wav,3.3651875,16000,4,3.3860385,3.7111623,3.983294,3.0471411959396164,3.3793956194410133,3.9241507620699636,3.557556
751,c:\Users\astag\Documents\Master Thesis\Speech-Enhancement-PTQ-QAT-comparison\Code\enhanced\p257_373.wav,1.413125,16000,2,3.4215775,3.825643,3.8786798,3.0703860342107463,3.4464363618105036,3.864421874725937,3.3804731
752,c:\Users\astag\Documents\Master Thesis\Speech-Enhancement-PTQ-QAT-comparison\Code\enhanced\p257_376.wav,2.27,16000,1,3.6267602,3.8728495,4.394899,3.2015527227154057,3.473867001852528,4.132826321755993,3.2161884
753,c:\Users\astag\Documents\Master Thesis\Speech-Enhancement-PTQ-QAT-comparison\Code\enhanced\p257_356.wav,2.1871875,16000,8,3.750459,4.0312014,4.2980614,3.2777116209189923,3.5620049546630006,4.087774867847098,3.4804518
754,c:\Users\astag\Documents\Master Thesis\Speech-Enhancement-PTQ-QAT-comparison\Code\enhanced\p257_358.wav,3.596,16000,5,3.76624,4.1015615,4.1821218,3.2871179378552378,3.599806360084257,4.028708613356755,3.7073243
755,c:\Users\astag\Documents\Master Thesis\Speech-Enhancement-PTQ-QAT-comparison\Code\enhanced\p257_367.wav,3.2443125,16000,3,3.3370829,3.7321768,3.7486887,3.014833847311067,3.39189269375777,3.7857925871777027,3.0585382
756,c:\Users\astag\Documents\Master Thesis\Speech-Enhancement-PTQ-QAT-comparison\Code\enhanced\p257_377.wav,2.689125,16000,1,3.7404473,3.9711199,4.3052416,3.2716951890531814,3.5291106615038426,4.091259635453154,3.9543593
757,c:\Users\astag\Documents\Master Thesis\Speech-Enhancement-PTQ-QAT-comparison\Code\enhanced\p257_354.wav,2.0508125,16000,7,3.2777648,3.56656,4.0379534,2.9751532436542125,3.2909520875981526,3.9545626778935374,3.1341012
758,c:\Users\astag\Documents\Master Thesis\Speech-Enhancement-PTQ-QAT-comparison\Code\enhanced\p257_375.wav,2.8949375,16000,2,3.1081898,3.4692154,3.7295785,2.859014895511644,3.2296935474143926,3.7727880153222,3.0341783
759,c:\Users\astag\Documents\Master Thesis\Speech-Enhancement-PTQ-QAT-comparison\Code\enhanced\p257_357.wav,2.146625,16000,8,3.3526623,3.6738982,3.9575677,3.025146152806099,3.356942057397099,3.9096704000127347,3.2848535
760,c:\Users\astag\Documents\Master Thesis\Speech-Enhancement-PTQ-QAT-comparison\Code\enhanced\p257_371.wav,1.639375,16000,4,3.2004669,3.5998955,3.8864708,2.921048648159487,3.3107421493662077,3.8653214668862894,3.5118642
761,c:\Users\astag\Documents\Master Thesis\Speech-Enhancement-PTQ-QAT-comparison\Code\enhanced\p257_363.wav,2.0768125,16000,7,3.8435555,4.1561365,4.211174,3.333388541419563,3.628559262247524,4.044032231226532,3.1001656
762,c:\Users\astag\Documents\Master Thesis\Speech-Enhancement-PTQ-QAT-comparison\Code\enhanced\p257_362.wav,1.8845,16000,6,3.662468,3.9388714,4.2602444,3.22374963766976,3.5111369721083068,4.069530382587632,3.3832943
763,c:\Users\astag\Documents\Master Thesis\Speech-Enhancement-PTQ-QAT-comparison\Code\enhanced\p257_384.wav,2.78,16000,2,3.9990084,4.203609,4.5074415,3.424628533731567,3.6532852068698825,4.181978035816833,3.5679991
764,c:\Users\astag\Documents\Master Thesis\Speech-Enhancement-PTQ-QAT-comparison\Code\enhanced\p257_381.wav,3.0371875,16000,3,3.6738548,4.026979,4.1456757,3.2307895383932723,3.5597085291769215,4.012044698284668,3.4884577
765,c:\Users\astag\Documents\Master Thesis\Speech-Enhancement-PTQ-QAT-comparison\Code\enhanced\p257_378.wav,1.72,16000,4,3.5423713,3.9019024,4.076612,3.1483020238365285,3.4903554854866083,3.9751747977367016,2.664477
766,c:\Users\astag\Documents\Master Thesis\Speech-Enhancement-PTQ-QAT-comparison\Code\enhanced\p257_392.wav,2.4369375,16000,1,3.3286803,3.6030219,3.9925532,3.0093388691322636,3.313840389916857,3.929726775372713,3.0404506
767,c:\Users\astag\Documents\Master Thesis\Speech-Enhancement-PTQ-QAT-comparison\Code\enhanced\p257_395.wav,2.34675,16000,1,3.6240861,3.9132411,4.169763,3.1998818045275574,3.4967698884565364,4.024433408371332,3.0253747
768,c:\Users\astag\Documents\Master Thesis\Speech-Enhancement-PTQ-QAT-comparison\Code\enhanced\p257_391.wav,2.3073125,16000,1,2.9589202,3.2369213,3.9326322,2.7541941516644175,3.0771671892893866,3.8958321563249383,3.0163112
769,c:\Users\astag\Documents\Master Thesis\Speech-Enhancement-PTQ-QAT-comparison\Code\enhanced\p257_383.wav,3.437125,16000,4,3.6134744,3.9564152,4.1039257,3.19302363449467,3.5207040798976674,3.98976972523712,3.17872
770,c:\Users\astag\Documents\Master Thesis\Speech-Enhancement-PTQ-QAT-comparison\Code\enhanced\p257_368.wav,2.0983125,16000,7,3.7443645,4.013978,4.3256173,3.273859408189799,3.552378521004123,4.1007919185169905,3.4234393
771,c:\Users\astag\Documents\Master Thesis\Speech-Enhancement-PTQ-QAT-comparison\Code\enhanced\p257_393.wav,2.3480625,16000,1,3.8104355,4.1182494,4.19,3.314006626602141,3.6087890590458764,4.034722581372387,3.1896312
772,c:\Users\astag\Documents\Master Thesis\Speech-Enhancement-PTQ-QAT-comparison\Code\enhanced\p257_370.wav,2.2164375,16000,8,3.3234208,3.5944016,4.1655536,3.00565707706311,3.3082805170853993,4.021987197255614,3.1944268
773,c:\Users\astag\Documents\Master Thesis\Speech-Enhancement-PTQ-QAT-comparison\Code\enhanced\p257_387.wav,1.43375,16000,2,3.532783,3.8037744,4.2707224,3.1421943967594292,3.4338613314260775,4.074623876917308,3.330333
774,c:\Users\astag\Documents\Master Thesis\Speech-Enhancement-PTQ-QAT-comparison\Code\enhanced\p257_394.wav,2.88275,16000,2,3.5794873,3.8893197,4.137203,3.171831667248562,3.4831298542168727,4.007532697072103,2.9546595
775,c:\Users\astag\Documents\Master Thesis\Speech-Enhancement-PTQ-QAT-comparison\Code\enhanced\p257_365.wav,2.0990625,16000,7,3.7343755,4.046363,4.2210784,3.267946177363149,3.5702605094818622,4.0501180740370675,3.323631
776,c:\Users\astag\Documents\Master Thesis\Speech-Enhancement-PTQ-QAT-comparison\Code\enhanced\p257_382.wav,1.8805625,16000,6,3.7044656,4.012816,4.240824,3.2496750595774877,3.552039639963054,4.060037715913006,3.2222655
777,c:\Users\astag\Documents\Master Thesis\Speech-Enhancement-PTQ-QAT-comparison\Code\enhanced\p257_379.wav,3.5185,16000,5,3.7412632,4.044873,4.2389255,3.2721701499479523,3.569428337684227,4.058921845987932,3.4630787
778,c:\Users\astag\Documents\Master Thesis\Speech-Enhancement-PTQ-QAT-comparison\Code\enhanced\p257_372.wav,2.01,16000,7,3.1272204,3.658777,3.5577571,2.872604554544044,3.3477995847081297,3.661919041126819,3.1550252
779,c:\Users\astag\Documents\Master Thesis\Speech-Enhancement-PTQ-QAT-comparison\Code\enhanced\p257_390.wav,1.53725,16000,3,3.7466276,4.2526946,3.7844894,3.27535900519036,3.67837685804143,3.807647263702206,3.3572037
780,c:\Users\astag\Documents\Master Thesis\Speech-Enhancement-PTQ-QAT-comparison\Code\enhanced\p257_399.wav,2.7849375,16000,2,3.6472342,3.9434867,4.141588,3.2142360246886126,3.513720263619245,4.009309369575058,3.4376926
781,c:\Users\astag\Documents\Master Thesis\Speech-Enhancement-PTQ-QAT-comparison\Code\enhanced\p257_404.wav,2.41,16000,1,3.459086,3.778697,4.033157,3.0949091372188224,3.4194169542772825,3.9521569913978514,2.9690788
782,c:\Users\astag\Documents\Master Thesis\Speech-Enhancement-PTQ-QAT-comparison\Code\enhanced\p257_407.wav,2.5185625,16000,1,3.4382126,3.7912533,3.9507432,3.0813670788477356,3.4267645297422833,3.9061764283984584,3.5978081
783,c:\Users\astag\Documents\Master Thesis\Speech-Enhancement-PTQ-QAT-comparison\Code\enhanced\p257_380.wav,2.2214375,16000,8,3.776869,4.057045,4.293868,3.2936614894725937,3.576022750495828,4.0854116747184746,3.465746
784,c:\Users\astag\Documents\Master Thesis\Speech-Enhancement-PTQ-QAT-comparison\Code\enhanced\p257_398.wav,1.5800625,16000,3,3.1628895,3.5096333,3.8794491,2.896834589511521,3.2550793808186995,3.86475715310513,3.0715573
785,c:\Users\astag\Documents\Master Thesis\Speech-Enhancement-PTQ-QAT-comparison\Code\enhanced\p257_408.wav,2.3796875,16000,1,3.5906684,3.903821,4.029004,3.1789190818380417,3.491452972302356,3.9498828512028616,3.354283
786,c:\Users\astag\Documents\Master Thesis\Speech-Enhancement-PTQ-QAT-comparison\Code\enhanced\p257_389.wav,3.359875,16000,4,3.1082306,3.6589882,3.3446727,2.8589098423174084,3.3478342217605164,3.5118937676410744,3.1994019
787,c:\Users\astag\Documents\Master Thesis\Speech-Enhancement-PTQ-QAT-comparison\Code\enhanced\p257_388.wav,1.6835,16000,4,3.1421814,3.50114,3.8311353,2.8827898696194882,3.25004176244779,3.8360744579016464,3.128582
788,c:\Users\astag\Documents\Master Thesis\Speech-Enhancement-PTQ-QAT-comparison\Code\enhanced\p257_396.wav,1.723875,16000,4,3.0389724,3.300571,3.9710572,2.8109319136968147,3.1198241572848446,3.9176604202585734,3.3848305
789,c:\Users\astag\Documents\Master Thesis\Speech-Enhancement-PTQ-QAT-comparison\Code\enhanced\p257_406.wav,2.800125,16000,2,3.9391286,4.2105665,4.3549185,3.3899840194999964,3.656736081049761,4.1145521954963,3.3360581
790,c:\Users\astag\Documents\Master Thesis\Speech-Enhancement-PTQ-QAT-comparison\Code\enhanced\p257_418.wav,2.6871875,16000,1,3.5912597,3.8783753,4.257937,3.1792913003129173,3.4770164341361163,4.068475312383384,3.5352886
791,c:\Users\astag\Documents\Master Thesis\Speech-Enhancement-PTQ-QAT-comparison\Code\enhanced\p257_402.wav,3.001375,16000,3,3.5800445,3.8907957,4.177025,3.171908856210772,3.4838360721821076,4.027361390887683,3.5433795
792,c:\Users\astag\Documents\Master Thesis\Speech-Enhancement-PTQ-QAT-comparison\Code\enhanced\p257_419.wav,2.3035625,16000,1,3.805095,4.087859,4.3056836,3.3108013391683238,3.5926290435804242,4.091469759789509,3.3146384
793,c:\Users\astag\Documents\Master Thesis\Speech-Enhancement-PTQ-QAT-comparison\Code\enhanced\p257_411.wav,3.1709375,16000,3,3.700492,3.9680138,4.2367063,3.2472281998669446,3.527362870845092,4.058027883786009,3.224149
794,c:\Users\astag\Documents\Master Thesis\Speech-Enhancement-PTQ-QAT-comparison\Code\enhanced\p257_401.wav,1.774,16000,5,3.2768471,3.7727065,3.614635,2.974674148994297,3.415895986408163,3.7000382682316717,3.1139355
795,c:\Users\astag\Documents\Master Thesis\Speech-Enhancement-PTQ-QAT-comparison\Code\enhanced\p257_400.wav,1.9045,16000,6,3.6214745,3.9938114,4.09621,3.1979846872487148,3.541372304030137,3.985912638969548,3.2761993
796,c:\Users\astag\Documents\Master Thesis\Speech-Enhancement-PTQ-QAT-comparison\Code\enhanced\p257_397.wav,1.8796875,16000,6,3.5006237,3.8194058,4.1488113,3.121515383226725,3.4430176973626327,4.013352023685731,3.2939358
797,c:\Users\astag\Documents\Master Thesis\Speech-Enhancement-PTQ-QAT-comparison\Code\enhanced\p257_410.wav,3.5811875,16000,5,3.5644104,3.7582574,4.3049264,3.162186272921772,3.4072238754942545,4.090924308706121,3.1056845
798,c:\Users\astag\Documents\Master Thesis\Speech-Enhancement-PTQ-QAT-comparison\Code\enhanced\p257_426.wav,2.298125,16000,1,3.7151477,3.9606926,4.34677,3.256237214597656,3.5233258060288013,4.110776011225281,3.3535235
799,c:\Users\astag\Documents\Master Thesis\Speech-Enhancement-PTQ-QAT-comparison\Code\enhanced\p257_403.wav,2.122,16000,7,3.0194337,3.2865217,3.9241307,2.7944058028124177,3.1062321967000974,3.890145481362971,3.4248836
800,c:\Users\astag\Documents\Master Thesis\Speech-Enhancement-PTQ-QAT-comparison\Code\enhanced\p257_386.wav,2.179125,16000,8,3.5666318,3.8233628,4.2132425,3.1635899453327077,3.4452730176560378,4.046149148195368,3.433131
801,c:\Users\astag\Documents\Master Thesis\Speech-Enhancement-PTQ-QAT-comparison\Code\enhanced\p257_385.wav,2.21475,16000,8,3.9734385,4.1821556,4.494612,3.4098225417520496,3.642167958910328,4.176261474817284,3.0880089
802,c:\Users\astag\Documents\Master Thesis\Speech-Enhancement-PTQ-QAT-comparison\Code\enhanced\p257_417.wav,1.6606875,16000,4,3.2191126,3.5618563,3.9477358,2.9356268719965937,3.2883141730412513,3.904364215044569,3.594751
803,c:\Users\astag\Documents\Master Thesis\Speech-Enhancement-PTQ-QAT-comparison\Code\enhanced\p257_414.wav,1.8469375,16000,5,3.0711248,3.524096,3.6312249,2.833460288463988,3.2643216237870276,3.7106484775473545,3.0633445
804,c:\Users\astag\Documents\Master Thesis\Speech-Enhancement-PTQ-QAT-comparison\Code\enhanced\p257_421.wav,1.5855625,16000,3,3.5854416,3.923029,4.0669613,3.1753636869109925,3.5020937399622984,3.969900009538533,3.008313
805,c:\Users\astag\Documents\Master Thesis\Speech-Enhancement-PTQ-QAT-comparison\Code\enhanced\p257_428.wav,2.4295,16000,1,3.4342408,3.7914288,3.9990218,3.078783591729899,3.4268670254280402,3.933329188961639,3.6334174
806,c:\Users\astag\Documents\Master Thesis\Speech-Enhancement-PTQ-QAT-comparison\Code\enhanced\p257_412.wav,1.9065625,16000,6,3.743372,4.054124,4.275951,3.273363342077675,3.574395586738731,4.076857512778809,3.1164286
807,c:\Users\astag\Documents\Master Thesis\Speech-Enhancement-PTQ-QAT-comparison\Code\enhanced\p257_405.wav,2.0526875,16000,7,3.4706655,4.1389766,3.369083,3.102135288025583,3.619590705658257,3.5301039605160733,3.2350707
808,c:\Users\astag\Documents\Master Thesis\Speech-Enhancement-PTQ-QAT-comparison\Code\enhanced\p257_420.wav,1.61125,16000,3,3.4155176,3.6635463,4.1640677,3.0664980042954206,3.3506971521999955,4.0215117531884745,3.0610187
809,c:\Users\astag\Documents\Master Thesis\Speech-Enhancement-PTQ-QAT-comparison\Code\enhanced\p257_425.wav,1.6238125,16000,3,3.3175652,3.6655045,3.8914623,3.001636229506912,3.351671090753731,3.8714674002267517,3.136305
810,c:\Users\astag\Documents\Master Thesis\Speech-Enhancement-PTQ-QAT-comparison\Code\enhanced\p257_422.wav,3.0680625,16000,3,3.4002848,3.9113026,3.597698,3.05570766394608,3.4953107029927786,3.685742433456859,3.0830908
811,c:\Users\astag\Documents\Master Thesis\Speech-Enhancement-PTQ-QAT-comparison\Code\enhanced\p257_431.wav,2.4120625,16000,1,3.584633,3.8854556,4.1092453,3.175117045718968,3.481044348800593,3.9930205988680383,3.3116817
812,c:\Users\astag\Documents\Master Thesis\Speech-Enhancement-PTQ-QAT-comparison\Code\enhanced\p257_409.wav,1.8818125,16000,6,3.6491945,3.9521916,4.149418,3.2153394564295943,3.5184401108919254,4.013421057884043,3.23905
813,c:\Users\astag\Documents\Master Thesis\Speech-Enhancement-PTQ-QAT-comparison\Code\enhanced\p257_433.wav,2.311,16000,1,3.1522343,3.416576,4.0385056,2.8898941891295524,3.196121326422333,3.9550793423839865,2.8516867
814,c:\Users\astag\Documents\Master Thesis\Speech-Enhancement-PTQ-QAT-comparison\Code\enhanced\p257_415.wav,1.97725,16000,6,3.6279166,3.9681528,4.173201,3.201834093737368,3.526994182444659,4.025856630005671,3.2649486
815,c:\Users\astag\Documents\Master Thesis\Speech-Enhancement-PTQ-QAT-comparison\Code\enhanced\p257_429.wav,1.3905625,16000,2,3.2847316,3.5347347,4.1142025,2.979854964710074,3.271360893970953,3.995203677252132,3.2421057
816,c:\Users\astag\Documents\Master Thesis\Speech-Enhancement-PTQ-QAT-comparison\Code\enhanced\p257_413.wav,2.035875,16000,7,3.7165303,4.0542603,4.1693187,3.2565334635024645,3.574013209613016,4.023606303504845,3.2794693
817,c:\Users\astag\Documents\Master Thesis\Speech-Enhancement-PTQ-QAT-comparison\Code\enhanced\p257_424.wav,3.435375,16000,4,3.7220707,4.0085177,4.253374,3.2600021485393604,3.5492953762158104,4.0657227614778995,3.3969624
818,c:\Users\astag\Documents\Master Thesis\Speech-Enhancement-PTQ-QAT-comparison\Code\enhanced\p257_416.wav,2.182375,16000,8,3.8381839,4.0889397,4.458739,3.3305398098271324,3.5931366077670117,4.161095617986564,3.4232657
819,c:\Users\astag\Documents\Master Thesis\Speech-Enhancement-PTQ-QAT-comparison\Code\enhanced\p257_430.wav,3.41525,16000,4,3.1241598,3.520226,3.7541184,2.8702789158112196,3.262051011803976,3.788962885077633,3.4464025
820,c:\Users\astag\Documents\Master Thesis\Speech-Enhancement-PTQ-QAT-comparison\Code\enhanced\p257_423.wav,1.9526875,16000,6,3.3179893,3.670703,3.9250863,3.0019841590003318,3.354904609155895,3.890997166290323,2.9223814
821,c:\Users\astag\Documents\Master Thesis\Speech-Enhancement-PTQ-QAT-comparison\Code\enhanced\p257_427.wav,1.9245,16000,6,2.8531418,3.5287225,2.9331913,2.6772791285678967,3.267295393359735,3.189788670530616,2.8371947
822,c:\Users\astag\Documents\Master Thesis\Speech-Enhancement-PTQ-QAT-comparison\Code\enhanced\p257_434.wav,2.083875,16000,7,3.5591018,3.8341663,4.2632327,3.158725312795327,3.4515506404960594,4.070632652379372,3.402692
823,c:\Users\astag\Documents\Master Thesis\Speech-Enhancement-PTQ-QAT-comparison\Code\enhanced\p257_432.wav,2.21,16000,8,3.2616155,3.543518,3.9709055,2.9643402919571833,3.2768605872597107,3.9171012388976227,3.1027758
