id,pesq_noisy,pesq_enhanced,stoi_noisy,stoi_enhanced,dnsmos_ovrl_noisy,dnsmos_sig_noisy,dnsmos_bak_noisy,dnsmos_ovrl_enhanced,dnsmos_sig_enhanced,dnsmos_bak_enhanced,pesq_improvement,stoi_improvement,dnsmos_ovrl_improvement,dnsmos_sig_improvement,dnsmos_bak_improvement
p232_001,2.9273931980133057,3.2342240810394287,0.8975500936664541,0.9065002338911646,3.227738745101739,3.621405048744852,3.897710121252379,3.292520303414032,3.580822541641846,4.057775231409564,0.30683088302612305,0.008950140224710523,0.06478155831229282,-0.04058250710300593,0.16006511015718505
p232_002,3.0598509311676025,3.7221481800079346,0.9695381161308718,0.9734499761455377,3.265372662848616,3.685854192038124,3.796284128364056,3.483588873223039,3.673316740159363,4.194746197110242,0.662297248840332,0.003911860014665924,0.21821621037442274,-0.012537451878761097,0.3984620687461864
p232_003,2.814328908920288,3.444052219390869,0.9717480747678746,0.9785180516090788,3.1064734641509677,3.539223536561217,3.7671594103265216,3.3680314654572974,3.6004423456228265,4.163913841142827,0.629723310470581,0.006769976841204173,0.26155800130632967,0.06121880906160948,0.3967544308163058
p232_005,1.3285136222839355,2.0278286933898926,0.8819304858468331,0.9062818285869038,2.481211980715245,3.5323051175715263,2.509195552445311,3.4673412065095186,3.70941281631823,4.133673226622922,0.699315071105957,0.02435134274007067,0.9861292257942735,0.1771076987467035,1.6244776741776112
p232_006,2.203033447265625,3.0032312870025635,0.9651413216391274,0.9566242513373665,2.926365267566592,3.6519399740109657,3.223304581611291,3.340100500185853,3.6043351084683777,4.091099797709771,0.8001978397369385,-0.008517070301760854,0.4137352326192607,-0.047604865542588026,0.8677952160984801
p232_007,1.554511308670044,2.5378100872039795,0.9369777054819446,0.9563112659396792,2.6647963662882064,3.6330927343184953,2.788184235245318,3.410237008338252,3.663599846366032,4.112875721376734,0.9832987785339355,0.0193335604577346,0.7454406420500455,0.030507112047536644,1.324691486131416
p232_009,1.803558588027954,2.615494728088379,0.96094229951911,0.9651590233583023,2.8217940331226083,3.610369015050323,3.0658004862029853,3.42081827569258,3.6850187368373857,4.093824725318316,0.8119361400604248,0.004216723839192249,0.5990242425699717,0.07464972178706253,1.028024239115331
p232_010,1.2202141284942627,1.4936907291412354,0.7849017849221814,0.8304296866566823,1.1564334917865926,1.3419429997381145,1.171861940425832,2.651586971624808,3.093083404210682,3.5697972054625597,0.27347660064697266,0.04552790173450083,1.4951534798382156,1.7511404044725674,2.397935265036728
p232_011,2.7297232151031494,3.5909149646759033,0.965273461161678,0.9745849168519474,3.0325207387774373,3.7174247760863857,3.306781051057756,3.4294058973186754,3.671111603148888,4.133665122616812,0.8611917495727539,0.009311455690269366,0.39688515854123807,-0.046313172937497704,0.8268840715590562
p232_012,2.0364441871643066,3.0064175128936768,0.9653964698480075,0.9719888513593204,3.012249929674834,3.6599974896695255,3.442626414796403,3.316678294637879,3.6105932153373614,4.02166636157922,0.9699733257293701,0.006592381511312917,0.3044283649630448,-0.0494042743321641,0.5790399467828165
p232_013,1.414161205291748,2.6606881618499756,0.9443043186403421,0.9593081019880952,2.5385068280183494,3.5718947347351864,2.6120677228429465,3.3533574514763647,3.6075616395702936,4.101488058539184,1.2465269565582275,0.015003783347753097,0.8148506234580153,0.03566690483510726,1.4894203356962374
p232_014,1.2690951824188232,2.2057738304138184,0.9107312550642165,0.9394820684792731,2.727471779012504,3.596065025278922,2.964566409392767,3.372209450230484,3.6213368481281663,4.128110063749256,0.9366786479949951,0.028750813415056586,0.64473767121798,0.02527182284924434,1.1635436543564892
p232_015,3.633624315261841,3.934831380844116,0.9946448009763746,0.9942641285445781,3.3908650961939606,3.644764830978505,4.083175918691687,3.530650128268129,3.751074804086631,4.199625571428255,0.3012070655822754,-0.0003806724317965138,0.13978503207416848,0.10630997310812607,0.11644965273656815
p232_016,3.362292528152466,3.9638774394989014,0.9897930468649668,0.985739271098089,3.2842388266680187,3.633763228850604,3.959700290909856,3.5112573310199595,3.737756441963578,4.173664330041047,0.6015849113464355,-0.004053775766877821,0.22701850435194082,0.10399321311297394,0.21396403913119144
p232_017,2.769397258758545,3.471745014190674,0.990454403860271,0.988981934691526,3.140239344314953,3.5046174374812247,3.917320540888209,3.34921630578718,3.613552839184684,4.079973845887522,0.7023477554321289,-0.0014724691687449942,0.208976961472227,0.10893540170345917,0.16265330499931263
p232_019,2.1929454803466797,2.9480481147766113,0.9794908808261155,0.9819880916609538,3.164251540142604,3.672358157937091,3.678053889450317,3.5286830374084497,3.742857041906517,4.18706355185474,0.7551026344299316,0.002497210834838337,0.36443149726584556,0.07049888396942583,0.5090096624044227
p232_020,2.89538836479187,3.4162774085998535,0.9616934960523073,0.9698441715514733,3.230213444787392,3.734485050922719,3.633885744723533,3.434290200094328,3.675497191130416,4.111246390910739,0.5208890438079834,0.008150675499166038,0.20407675530693625,-0.058987859792303254,0.477360646187206
p232_021,2.594923973083496,3.4985170364379883,0.9763533910293479,0.9844157368654705,2.928929277382239,3.627636420127891,3.2410436012865147,3.2985608067705927,3.6242933758182794,3.962566561440565,0.9035930633544922,0.00806234583612253,0.36963152938835364,-0.0033430443096116313,0.7215229601540503
p232_022,1.6458637714385986,2.879502058029175,0.9699544589532613,0.9785536337089167,2.9718506166245184,3.6507972437041993,3.3221326900475727,3.4105626558467588,3.666387038333912,4.114298591450979,1.2336382865905762,0.008599174755655414,0.43871203922224034,0.01558979462971255,0.7921659014034059
p232_023,1.3079490661621094,2.3681695461273193,0.9372925889351893,0.9642454732327317,2.605748654074387,3.613801829667562,2.685157768352345,3.2408524427540346,3.5692693704036094,3.9528217406539152,1.06022047996521,0.02695288429754239,0.6351037886796478,-0.04453245926395244,1.2676639723015701
p232_024,3.806687831878662,4.120156764984131,0.9973482840632001,0.9954466852553193,3.272582583366061,3.625644069833744,3.869496335617223,3.396988101116956,3.6727256056684072,4.044529485829914,0.31346893310546875,-0.0019015988078807666,0.12440551775089492,0.047081535834663235,0.17503315021269072
p232_025,2.9252829551696777,3.3776397705078125,0.973856775666327,0.978592404267476,3.12214794649557,3.6108176158921697,3.706121783164354,3.324027157290488,3.6098091721373646,4.0561608639832505,0.45235681533813477,0.004735628601148956,0.20187921079491788,-0.0010084437548050218,0.3500390808188967
p232_027,2.9054641723632812,3.6318864822387695,0.9867278867758691,0.9886717472266929,3.177279467532541,3.668444374534708,3.670456779037748,3.4562183969629245,3.716358970898573,4.10593419459837,0.7264223098754883,0.0019438604508238422,0.27893892943038345,0.04791459636386497,0.435477415560622
p232_028,1.4473505020141602,2.161267042160034,0.8044781713608253,0.8465862258028523,2.4966178577035825,3.3560001696012995,2.807448056282906,3.2832253472169475,3.5813745858241366,4.065441689926422,0.713916540145874,0.04210805444202692,0.786607489513365,0.22537441622283705,1.2579936336435158
p232_029,1.7716259956359863,3.0481679439544678,0.9735269968200676,0.984858593960107,2.9288143875891146,3.71223069352782,3.2317830337830453,3.2657359117832634,3.537726850843952,4.08669295259837,1.2765419483184814,0.011331597140039396,0.3369215241941488,-0.1745038426838681,0.8549099188153249
p232_030,1.9671976566314697,3.197746992111206,0.9901391045011244,0.9932569336209769,2.8350462432843924,3.6179940317035206,3.1365778456485125,3.251816080834098,3.524367724045959,4.070977547606412,1.2305493354797363,0.0031178291198524777,0.41676983754970554,-0.09362630765756164,0.9343997019578993
p232_031,1.551554560661316,2.7346651554107666,0.7948692297306054,0.8343703415218752,2.8267066678961075,3.6117171742085943,3.162553761201748,3.3612579277419865,3.632591891555211,4.087261140996909,1.1831105947494507,0.039501111791269805,0.534551259845879,0.020874717346616833,0.9247073797951613
p232_032,1.111345648765564,1.536874771118164,0.7704264856941951,0.8718387849933953,1.2213135718723394,1.516478592913605,1.2217387850527257,3.2830270722681454,3.549644781280278,4.062076236223591,0.4255291223526001,0.10141229929920015,2.061713500395806,2.033166188366673,2.8403374511708654
p232_033,2.4657981395721436,3.1711313724517822,0.8460836610721356,0.873546448667462,2.726787209021565,3.4858904802356765,3.103413622241165,2.9494151638350488,3.4371916214321843,3.6287548578183495,0.7053332328796387,0.027462787595326388,0.22262795481348396,-0.04869885880349223,0.5253412355771845
p232_034,1.435619831085205,2.7037546634674072,0.8626568149716491,0.9026746527387893,2.6117428410860875,3.531385975072165,2.9378859134660207,3.2067729336828643,3.562884325649056,3.938353580719201,1.2681348323822021,0.040017837767140185,0.5950300925967769,0.0314983505768911,1.0004676672531803
p232_035,1.537355899810791,2.8209714889526367,0.9698904881318624,0.9802085169605773,2.6637049930579515,3.67040835539273,2.7446975635387987,3.459236767891477,3.7005989105816632,4.137038376403237,1.2836155891418457,0.010318028828714909,0.7955317748335253,0.03019055518893321,1.3923408128644383
p232_036,1.150471806526184,2.0056214332580566,0.8185382758489206,0.9075219350000927,1.4855849479346546,2.2053434362816,1.6176798878618943,3.1349106446902395,3.41213075818715,4.048743742703968,0.8551496267318726,0.08898365915117212,1.649325696755585,1.20678732190555,2.4310638548420735
p232_037,3.665799379348755,4.12566614151001,0.9991385693349899,0.998194298839726,3.345219059933211,3.598311971728624,4.103276627092223,3.3599228614467105,3.631901471794956,4.067614085456689,0.4598667621612549,-0.0009442704952639103,0.014703801513499482,0.03358950006633199,-0.03566254163553406
p232_038,2.8441503047943115,3.4746623039245605,0.9467690770893586,0.9500803150093983,3.0871129770209143,3.491773433478281,3.838932343702189,3.302695005870876,3.5895070739853847,4.059741085223836,0.630511999130249,0.0033112379200396225,0.21558202884996192,0.09773364050710365,0.22080874152164665
p232_039,2.1381783485412598,2.879581928253174,0.769749061647523,0.8004790463843604,2.702019403896543,3.2668821557675987,3.5438714407636662,3.032240114413584,3.3951355241278693,3.9012175439980417,0.7414035797119141,0.030729984736837412,0.3302207105170414,0.12825336836027068,0.35734610323437543
p232_040,2.491199016571045,3.009657859802246,0.9909116419604849,0.9911673181339615,3.0332900121265904,3.542177366865183,3.610054258491908,3.2977232675181654,3.601169085010259,4.014026836876393,0.5184588432312012,0.00025567617347665994,0.2644332553915749,0.05899171814507609,0.4039725783844852
p232_041,2.2647340297698975,2.9304561614990234,0.9037568058338994,0.9054587975364352,2.771171115893398,3.655564890103219,2.9409217623366586,3.251357932837528,3.5722076519117403,3.9807987740593336,0.665722131729126,0.001701991702535821,0.48018681694413035,-0.08335723819147889,1.039877011722675
p232_042,2.945708751678467,3.9406356811523438,0.9974871805049701,0.9973248059785179,3.306270019390256,3.695369028092908,3.933795231689112,3.4023125400590457,3.628936419940927,4.138726595458947,0.994926929473877,-0.0001623745264521803,0.0960425206687896,-0.06643260815198104,0.20493136376983534
p232_043,1.606335997581482,2.6756021976470947,0.852438662416645,0.8914580862113716,2.6744412931613533,3.688952498534897,2.7825255559103206,3.400751680463694,3.640909589539724,4.13635413125908,1.0692662000656128,0.03901942379472656,0.7263103873023407,-0.04804290899517305,1.3538285753487593
p232_044,1.1207540035247803,1.9154388904571533,0.7904524158358459,0.8800812552531411,2.1366423067748324,3.306979915023456,2.120367547946065,2.9845529413069305,3.3005807286289435,3.976132040009508,0.794684886932373,0.08962883941729516,0.8479106345320981,-0.006399186394512313,1.855764492063443
p232_045,3.767399549484253,3.6194403171539307,0.9632786881403732,0.9686956417446837,3.0250158137779253,3.337632108588627,3.9720601663992823,3.060845063604188,3.366560092059164,4.020014144336346,-0.14795923233032227,0.005416953604310493,0.0358292498262629,0.028927983470536933,0.04795397793706391
p232_046,2.035555124282837,2.6444740295410156,0.8253086005603067,0.8169143182563016,2.756822468315345,3.499767623061174,3.234883975368416,3.0010852687793754,3.399791222151341,3.800553100611764,0.6089189052581787,-0.008394282304005185,0.2442628004640306,-0.09997640090983317,0.5656691252433479
p232_047,2.302231550216675,2.8784518241882324,0.9502140998397833,0.9599634345529069,2.802018493743411,3.481126690648683,3.2959198875621865,3.212367192925266,3.6396541554843513,3.804835549638413,0.5762202739715576,0.009749334713123559,0.410348699181855,0.15852746483566849,0.5089156620762267
p232_048,1.8620020151138306,2.6037991046905518,0.7008785382671014,0.7768911376936202,2.426706213813845,3.4983012226192742,2.5378137097309166,3.153449268761759,3.466530442957297,4.002645058060319,0.7417970895767212,0.07601259942651872,0.7267430549479137,-0.031770779661977055,1.464831348329402
p232_049,2.708014726638794,3.5209951400756836,0.996493380174497,0.9949237062680001,3.203824551337678,3.685854219907986,3.624508146402016,3.451826253962903,3.683772420509149,4.138702275170721,0.8129804134368896,-0.0015696739064968712,0.24800170262522503,-0.0020817993988369032,0.5141941287687053
p232_050,1.6583999395370483,2.6081485748291016,0.9105185132629335,0.9114040584686663,2.675594021515484,3.5128372695632195,3.0200003735455683,3.013022944882336,3.2830362035118834,4.038515825320661,0.9497486352920532,0.0008855452057328073,0.33742892336685193,-0.2298010660513361,1.0185154517750927
p232_051,1.4087392091751099,1.7167584896087646,0.8737392800877827,0.9301114480360309,2.1772643728057184,3.3079653933385504,2.1696540926539445,3.106704627315383,3.4691163419658304,3.873574052538396,0.3080192804336548,0.056372167948248175,0.9294402545096645,0.16115094862727997,1.7039199598844514
p232_052,1.154207706451416,1.5631091594696045,0.7322421057747386,0.8401939619944899,1.1003660346043969,1.230967590204673,1.1594967263692209,3.027534561954711,3.312394664018949,3.9809521520996554,0.4089014530181885,0.10795185621975134,1.927168527350314,2.081427073814276,2.8214554257304343
p232_053,2.4088387489318848,3.3927104473114014,0.9620233602907023,0.9655739927854663,3.020689793821917,3.566759487341129,3.5644671467974307,3.308367248543912,3.5937299153637783,4.062743633759176,0.9838716983795166,0.00355063249476395,0.28767745472199513,0.026970428022649262,0.4982764869617453
p232_054,2.0238964557647705,2.964318037033081,0.9767336302703044,0.9823134974908341,2.827823119754295,3.632217508571453,3.1986779753670773,3.2351650995402688,3.6946237236167976,3.737033042929343,0.9404215812683105,0.005579867220529722,0.40734197978597386,0.06240621504534438,0.5383550675622657
p232_055,1.8343225717544556,3.163377523422241,0.8750683890427627,0.9009393532648236,2.6665796341075616,3.493488478536118,2.940953645119413,2.83610767015473,3.200668441808977,3.7815494141411,1.3290549516677856,0.02587096422206081,0.16952803604716848,-0.2928200367271412,0.8405957690216872
p232_056,1.269139289855957,1.8141663074493408,0.8111921395835369,0.8893112042833321,1.0969658337190795,1.2331223568221528,1.186890371601731,2.542731741897704,2.877630405887877,3.719898381395345,0.5450270175933838,0.07811906469979524,1.4457659081786245,1.6445080490657242,2.5330080097936136
p232_057,3.0291121006011963,3.4232282638549805,0.9779937582667495,0.9793268840384275,3.0817631926889058,3.364287422559737,4.046929053978091,3.165525947705921,3.426544174724287,4.111820787178201,0.3941161632537842,0.0013331257716779898,0.08376275501701524,0.062256752164549845,0.06489173320010977
p232_058,3.3522140979766846,3.91265606880188,0.9714973505220459,0.9800649405666063,3.1577927184914483,3.5438196689638546,3.850266969908139,3.328537069298093,3.625083738647511,4.02870138088628,0.5604419708251953,0.008567590044560425,0.17074435080664463,0.08126406968365663,0.1784344109781406
p232_059,2.260479688644409,2.68874454498291,0.797209786563642,0.7989576645757727,3.00830448083444,3.402979322541549,3.90524757917127,3.2134911112501183,3.470847564947441,4.08029440875227,0.428264856338501,0.0017478780121306103,0.2051866304156782,0.06786824240589207,0.17504682958099949
p232_060,2.2171883583068848,3.1296653747558594,0.8467938925737172,0.9044468355597214,2.7392069299090323,3.270165529311785,3.503848883151859,3.31354882167536,3.55559264728778,4.128025961137186,0.9124770164489746,0.05765294298600421,0.5743418917663279,0.28542711797599507,0.6241770779853271
p232_061,2.8136112689971924,3.6660940647125244,0.9930301755287758,0.9946511771369864,3.1607476572994764,3.645087886154597,3.6276767338991713,3.379489370098553,3.639381926456537,4.083873039896475,0.852482795715332,0.0016210016082105483,0.21874171279907673,-0.005705959698059981,0.45619630599730376
p232_062,2.001044511795044,2.9938197135925293,0.9758456135958886,0.9842021516834681,2.742478809421716,3.616930884475283,2.9789549407529217,3.1000860212568657,3.5762119823126817,3.628697892403104,0.9927752017974854,0.008356538087579524,0.35760721183514965,-0.040718902162601545,0.6497429516501825
p232_063,1.9217593669891357,2.530730724334717,0.9825317472479744,0.990716529826271,2.936869637133092,3.6329999782697815,3.2988877927060063,3.1842079411582507,3.482649393745956,4.010841167965058,0.608971357345581,0.008184782578296579,0.24733830402515888,-0.15035058452382533,0.7119533752590517
p232_064,1.319584846496582,2.480607509613037,0.9416164504822967,0.9783691480189266,2.2379047486174484,3.218795126091936,2.3406755058836906,3.1702796514863008,3.4131058379840185,4.1280987992098375,1.161022663116455,0.03675269753662991,0.9323749028688524,0.19431071189208238,1.787423293326147
p232_065,2.344839096069336,3.0911293029785156,0.9293677081161661,0.9491453007113073,2.695014935435024,3.3724967511144435,3.2042914675373466,3.128636812155674,3.385033968337645,4.107299340018879,0.7462902069091797,0.019777592595141225,0.4336218767206499,0.012537217223201669,0.9030078724815325
p232_066,2.65962815284729,3.4499480724334717,0.9776150437064002,0.9842123896397531,2.707914919641101,3.604587281273109,2.8189775804425183,3.0851885299700337,3.463451097961789,3.821124011737624,0.7903199195861816,0.006597345933352927,0.3772736103289325,-0.14113618331131983,1.0021464312951056
p232_067,2.585092782974243,3.1121456623077393,0.9637814717677013,0.9688981572299692,3.06442629924368,3.538143831174715,3.6604357031797514,3.4512442827429437,3.691563612074381,4.163568945054411,0.5270528793334961,0.005116685462267845,0.38681798349926355,0.1534197808996658,0.5031332418746599
p232_068,1.988265037536621,3.0414161682128906,0.9541626473653161,0.9594872400162626,2.831506475424289,3.540569163257398,3.196191852103018,3.4134555803545954,3.6695470067328673,4.119919777264449,1.0531511306762695,0.005324592650946536,0.5819491049303065,0.12897784347546937,0.9237279251614305
p232_069,2.319963216781616,3.524679183959961,0.9782530369015058,0.9832860808686447,2.9570754796282834,3.646272538860943,3.2782485403607238,3.352623224734957,3.630139717272838,4.079259097167426,1.2047159671783447,0.005033043967138884,0.3955477451066738,-0.01613282158810536,0.8010105568067019
p232_070,1.9147160053253174,2.785719156265259,0.920143793941425,0.9193073575679835,2.8763251902365745,3.618624904504062,3.2080234854681904,3.342897227825093,3.598846368754941,4.093449468488908,0.8710031509399414,-0.0008364363734414404,0.4665720375885183,-0.01977853574912114,0.8854259830207174
p232_071,1.5075619220733643,2.1645567417144775,0.8770686819818587,0.9234197080517729,2.5238638221731358,3.599787603625788,2.534660291823053,3.244766951630444,3.562142877242471,4.007126286778343,0.6569948196411133,0.04635102606991415,0.7209031294573083,-0.037644726383317284,1.4724659949552898
p232_072,1.1554465293884277,1.6915416717529297,0.7466377018686605,0.8168939264083868,1.2904018795451566,1.7135798039604202,1.3364904277514622,3.273853741636304,3.5205324530335447,4.113131813750561,0.536095142364502,0.07025622453972624,1.9834518620911472,1.8069526490731245,2.776641385999099
p232_073,2.4117839336395264,3.045149326324463,0.9968238915781668,0.9965844637533176,3.148321259691301,3.7514322286341737,3.5386094483476462,3.2978672736190995,3.5646348594789354,4.079709372396558,0.6333653926849365,-0.00023942782484920322,0.14954601392779843,-0.18679736915523826,0.541099924048912
p232_074,2.2114837169647217,2.9746146202087402,0.925381983573409,0.9396721694371517,3.0133336716379846,3.541598707490636,3.575381206548628,3.110315807486821,3.5165336464401378,3.792240206233952,0.7631309032440186,0.014290185863742755,0.0969821358488363,-0.025065061050498105,0.21685899968532407
p232_075,1.4840514659881592,2.7537527084350586,0.9684445800607919,0.9756100297005739,2.641761756887981,3.5478688830375305,2.855179994443376,3.2508629426448548,3.585325584029188,3.99407005029229,1.2697012424468994,0.00716544963978194,0.6091011857568738,0.037456700991657765,1.1388900558489143
p232_076,1.1936715841293335,2.0687732696533203,0.8267779378444384,0.8872093554868278,1.1457661263439043,1.244073287459874,1.1343873646446825,3.3121631310520363,3.580681937209472,4.111683100308886,0.8751016855239868,0.06043141764238935,2.166397004708132,2.336608649749598,2.977295735664203
p232_077,3.1680374145507812,4.095191478729248,0.8996300687339437,0.8993250863325297,2.967415284112969,3.2964406250230067,3.909610828871037,3.117634728547974,3.409329407562279,4.018828788724314,0.9271540641784668,-0.0003049824014139668,0.15021944443500512,0.11288878253927237,0.10921795985327742
p232_078,3.3228228092193604,3.8707542419433594,0.9978704765709654,0.9960261123651981,3.161207462218412,3.5398469862293567,3.917604179103572,3.274341513949974,3.548451704795953,4.082841542604803,0.547931432723999,-0.0018443642057672793,0.11313405173156177,0.008604718566596503,0.1652373635012312
p232_079,2.7118163108825684,3.515556573867798,0.9480055700148546,0.9701675000927695,3.028709730240398,3.51840584508191,3.684956886764377,3.197292474710789,3.4891937855365187,4.045746133203244,0.8037402629852295,0.022161930077914893,0.1685827444703909,-0.029212059545391078,0.3607892464388671
p232_080,1.6250157356262207,2.4179842472076416,0.9463444642285492,0.9761364793796447,2.366818431205722,3.0889100260249465,2.945285679816709,3.0924014684733456,3.420606405761053,3.98348777076194,0.7929685115814209,0.02979201515109542,0.7255830372676235,0.33169637973610655,1.038202090945231
p232_081,2.5223028659820557,3.3770833015441895,0.9366425806815364,0.957478162095834,2.933611142940867,3.5815094047727505,3.374847677600657,3.1825620682750952,3.5110764727498576,3.971465045158111,0.8547804355621338,0.020835581414297644,0.24895092533422813,-0.07043293202289291,0.596617367557454
p232_082,1.467515468597412,2.0834665298461914,0.8422165135138342,0.8580810948928276,2.094812129021547,2.9665717236764984,2.1581035325753883,2.859968133444356,3.4986100380805607,3.315336593626034,0.6159510612487793,0.01586458137899338,0.765156004422809,0.5320383144040624,1.1572330610506456
p232_083,1.861565351486206,2.7869715690612793,0.8908636869591607,0.9120239330898406,2.6818522232425583,3.6265700577718,2.834365041529944,3.244777729660264,3.497921098457565,4.088757365654455,0.9254062175750732,0.021160246130679905,0.5629255064177054,-0.1286489593142348,1.2543923241245114
p232_084,1.2114927768707275,1.7539467811584473,0.8713523172247428,0.8863532922861689,2.362404135690347,3.435481223233107,2.496758697031787,3.1526658443277804,3.473392319930131,4.003255844016932,0.5424540042877197,0.015000975061426058,0.7902617086374333,0.03791109669702397,1.506497146985145
p232_085,3.811422824859619,4.055124282836914,0.9968057818169384,0.9961164886935131,3.064982944354844,3.421211896669203,3.8663748544209566,3.262238084141952,3.5280752819081025,4.078569242255735,0.24370145797729492,-0.0006892931234252497,0.19725513978710785,0.1068633852388996,0.21219438783477873
p232_086,3.1036648750305176,3.437147617340088,0.9783407539801887,0.9848917696110219,3.306801159453872,3.612667410567361,4.065701358159061,3.489922030356501,3.72101513722105,4.161742730175134,0.3334827423095703,0.006551015630833157,0.18312087090262885,0.10834772665368897,0.09604137201607266
p232_087,3.118739128112793,3.550246238708496,0.9448500487842634,0.9668166448380695,3.1857324190532097,3.612219951143432,3.850878776884077,3.2439935917202347,3.5738089056905,3.953567792101193,0.4315071105957031,0.02196659605380613,0.05826117266702502,-0.03841104545293206,0.10268901521711626
p232_088,2.125534772872925,2.9538347721099854,0.934407498717881,0.9431409168321636,2.577520091028883,3.4536848902560244,2.881292642207414,3.1377830372776074,3.5607553264822105,3.803121574562605,0.8282999992370605,0.008733418114282632,0.5602629462487245,0.10707043622618606,0.9218289323551909
p232_089,1.9506490230560303,3.286987781524658,0.9043755082122076,0.9402072787894326,2.9197096061160672,3.676501458855237,3.225074260006551,3.281915063722522,3.5286779033990467,4.093197959190144,1.336338758468628,0.035831770577224975,0.36220545760645484,-0.1478235554561902,0.868123699183593
p232_090,1.8259711265563965,2.9561960697174072,0.965363801630194,0.9789504403610564,3.0125588875497584,3.6819436001298502,3.397771020858242,3.382675430671103,3.6517170602412654,4.088668775058946,1.1302249431610107,0.01358663873086241,0.3701165431213447,-0.030226539888584814,0.6908977542007042
p232_091,1.4926273822784424,2.62493896484375,0.9176422630392136,0.959035746127407,1.7200906523744497,2.599825530703472,1.74173331790095,3.279559946305856,3.563445572087026,4.047381722309443,1.1323115825653076,0.04139348308819346,1.559469293931406,0.9636200413835541,2.305648404408493
p232_092,1.404977560043335,2.190007448196411,0.8440558064916298,0.8952517636749842,2.2899870267768865,3.423531957582769,2.2589389336832326,2.950260785565199,3.2712441809419563,3.9147049749502223,0.7850298881530762,0.051195957183354346,0.6602737587883127,-0.15228777664081283,1.6557660412669897
p232_093,2.292767286300659,3.1160240173339844,0.9226284903528718,0.9271313437648295,2.9297210526046,3.721786471875429,3.2329213367030496,3.3616043045837736,3.62373279066378,4.081033674294346,0.8232567310333252,0.0045028534119577746,0.43188325197917354,-0.09805368121164904,0.8481123375912967
p232_094,1.765833854675293,2.9770748615264893,0.9511876458351903,0.9619322413863388,2.700115828518334,3.484486340380691,3.1190346120581185,3.0745557217664,3.3834370756999976,3.979930844521956,1.2112410068511963,0.010744595551148484,0.3744398932480659,-0.10104926468069353,0.8608962324638374
p232_095,1.1099706888198853,1.6949163675308228,0.8879038918110982,0.9128153315232027,2.4167361602458577,3.564743579959516,2.486291288204604,3.2456936227052844,3.6050113635704144,3.891260914090842,0.5849456787109375,0.02491143971210452,0.8289574624594267,0.040267783610898444,1.4049696258862379
p232_096,1.1435728073120117,1.307902216911316,0.7890523653001827,0.8045010979980883,2.2186409972734005,3.2465457019028805,2.323132610216228,3.213365453286841,3.525446933630988,4.039740757880273,0.1643294095993042,0.015448732697905587,0.9947244560134405,0.27890123172810766,1.7166081476640453
p232_097,2.5781607627868652,3.2495734691619873,0.995719325287917,0.9965179926384846,3.285704340100968,3.666987845487167,3.840169507686685,3.347740718534951,3.5747275019231872,4.121065195555524,0.6714127063751221,0.0007986673505676611,0.06203637843398324,-0.09226034356397994,0.28089568786883934
p232_098,2.1958236694335938,3.15140962600708,0.9365375693466846,0.9430632432231413,3.3739945958306032,3.652252258977447,4.066043763621681,3.4987697822300143,3.696781813398669,4.190362020183386,0.9555859565734863,0.006525673876456639,0.1247751863994111,0.044529554421222084,0.12431825656170492
p232_099,2.97481369972229,3.7446398735046387,0.9860214892558915,0.9910375939891445,3.015435949673446,3.593089391270107,3.4666373089292737,3.42751203240434,3.6452991066508047,4.181216265999751,0.7698261737823486,0.0050161047332529796,0.412076082730894,0.05220971538069774,0.7145789570704775
p232_100,2.193650245666504,2.018972396850586,0.8758748431849791,0.8767049714122969,2.337119958888994,3.106830198680281,2.950807776640813,2.6292443294790844,3.1682439926324286,3.5875756367918825,-0.17467784881591797,0.0008301282273177613,0.29212437059009044,0.06141379395214752,0.6367678601510693
p232_101,2.7772324085235596,3.2762269973754883,0.9929067644328553,0.9935256716716017,3.196985406758964,3.72248775406417,3.64642058913069,3.298528178598634,3.6019677831863146,4.039818621337021,0.4989945888519287,0.0006189072387463579,0.10154277183966975,-0.12051997087785526,0.3933980322063313
p232_102,2.333240032196045,3.0529048442840576,0.9009222805361603,0.9311720740529857,3.0596238096551502,3.449627578483261,3.866375124615263,3.153571537412914,3.422412345189737,4.049809052002771,0.7196648120880127,0.03024979351682544,0.09394772775776383,-0.027215233293524044,0.18343392738750763
p232_103,1.5259461402893066,2.424224615097046,0.9132592668366136,0.9491110814455341,2.506440467489143,3.547837208954242,2.622086878198322,3.306653104519982,3.596982066710467,4.031773060727244,0.8982784748077393,0.03585181460892051,0.8002126370308389,0.049144857756225235,1.409686182528922
p232_104,1.2909663915634155,2.575258731842041,0.9255348634556079,0.948910436154255,2.312808054676865,3.42848488523789,2.3687280487092544,3.346444175982572,3.610634429806341,4.070669114378462,1.2842923402786255,0.023375572698647096,1.0336361213057073,0.18214954456845067,1.7019410656692076
p232_105,3.5617928504943848,3.57710862159729,0.9636017887814803,0.9680235081307451,3.125749160603261,3.4818635123039754,3.924027308625537,3.2926372053525603,3.54589647554166,4.128120695505111,0.015315771102905273,0.00442171934926483,0.16688804474929952,0.06403296323768481,0.20409338687957446
p232_106,3.352306842803955,3.7157273292541504,0.9842922813049447,0.9795505989064914,3.1019120790659405,3.60606533849234,3.711341934383914,3.305801560204181,3.5854041334732734,4.062760259215631,0.3634204864501953,-0.004741682398453295,0.20388948113824057,-0.020661205019066653,0.3514183248317173
p232_107,2.9592981338500977,3.605851173400879,0.9647099059045949,0.973087790199446,3.081371884355245,3.6822405775642446,3.51665488269676,3.2801736656061005,3.618184105049824,3.9602103602897296,0.6465530395507812,0.00837788429485109,0.19880178125085557,-0.06405647251442081,0.44355547759296954
p232_108,1.8628828525543213,3.15533709526062,0.9200365427385344,0.9539475272656053,2.809835154162972,3.520204551342724,3.250758211167513,3.1420780275401774,3.479413645214484,3.961759863868644,1.2924542427062988,0.033910984527070864,0.3322428733772056,-0.04079090612823988,0.7110016527011309
p232_109,2.327009439468384,3.330012083053589,0.973019384535812,0.9805639564572562,3.24547551390304,3.745401278512889,3.6369795570489023,3.4928863833045583,3.712083215468607,4.173931104006024,1.003002643585205,0.007544571921444199,0.24741086940151824,-0.033318063044281754,0.5369515469571216
p232_110,1.4001508951187134,1.9790946245193481,0.9211394406057696,0.9385106134854484,2.193480751739472,3.491635674840374,2.050189487882057,2.7805870356745603,3.482945984420014,3.1745427320465005,0.5789437294006348,0.01737117287967882,0.5871062839350882,-0.008689690420359941,1.1243532441644435
p232_112,1.8285064697265625,2.835601568222046,0.9033189863475526,0.9158480646073188,2.62093702689905,3.428703062822941,2.977533334786772,2.8025060024412585,3.1037120744847964,3.901555083244616,1.0070950984954834,0.012529078259766235,0.1815689755422083,-0.32499098833814477,0.9240217484578443
p232_113,1.2665352821350098,1.5695240497589111,0.685168756228718,0.7862303061637841,1.8288552614298688,3.0741108161441457,2.086088890369798,2.952051471973089,3.25594567240487,4.01013096260353,0.30298876762390137,0.10106154993506611,1.1231962105432203,0.18183485626072438,1.9240420722337324
p232_114,2.2656984329223633,3.254324197769165,0.9508027352261516,0.9640484931632832,2.957612097436149,3.6213202044166057,3.349519144388297,3.4079364269914105,3.643137479631086,4.145719981089177,0.9886257648468018,0.013245757937131675,0.45032432955526147,0.02181727521448007,0.7962008367008799
p232_115,2.0761706829071045,3.159508466720581,0.9436273153177154,0.9600482075025583,2.9150827501048826,3.659871868761074,3.3019146683969787,3.314320508511692,3.5928206235237705,4.060124193013471,1.0833377838134766,0.016420892184842883,0.3992377584068092,-0.06705124523730355,0.7582095246164924
p232_116,1.6286317110061646,2.2338991165161133,0.9246453908951754,0.9331731021217565,2.89511166266959,3.5060535707355647,3.406428999115714,3.1554109391936422,3.5469078274276806,3.843075181036512,0.6052674055099487,0.008527711226581136,0.2602992765240524,0.04085425669211595,0.4366461819207976
p232_117,1.1363517045974731,1.8579771518707275,0.8874433268965398,0.9253157228107823,1.5128376334745728,2.355933557041575,1.5781308853355935,3.272006135997368,3.5379137137365864,4.081059154668851,0.7216254472732544,0.03787239591424252,1.759168502522795,1.1819801566950114,2.5029282693332573
p232_118,3.3357765674591064,3.8312273025512695,0.9885982982791145,0.9902500958643804,3.3828218285339378,3.633893424934693,4.124217059069418,3.4381609495353564,3.6651134470142903,4.174872523859907,0.4954507350921631,0.0016517975852659017,0.05533912100141869,0.03122002207959751,0.050655464790489546
p232_119,2.8777639865875244,3.683546304702759,0.9407272633179093,0.9574191807818933,3.091060965237174,3.4556869156793595,3.861905614107412,3.4060105705510897,3.669328818818249,4.10563051826128,0.8057823181152344,0.016691917463983907,0.3149496053139158,0.21364190313888942,0.2437249041538676
p232_120,2.7018208503723145,3.725463390350342,0.9143280330782011,0.949497628465183,2.826459084048293,3.339684761300343,3.546803331170726,3.0713593423135284,3.376330861412709,3.9914625907537777,1.0236425399780273,0.035169595386981944,0.24490025826523532,0.03664610011236613,0.44465925958305164
p232_121,1.4193229675292969,2.617607355117798,0.9612842637768481,0.9681725125480191,2.8394465566470424,3.515098030443415,3.201031552452166,3.214636553058046,3.524244435487566,3.9899656455506105,1.198284387588501,0.006888248771171002,0.3751899964110037,0.009146405044150985,0.7889340930984443
p232_123,2.838648557662964,3.43168568611145,0.972647801771282,0.9756387035643336,3.1426678389041003,3.644859434693285,3.651933254467672,3.3305497170780405,3.583519167459231,4.107213102236889,0.5930371284484863,0.0029909017930516146,0.1878818781739402,-0.06134026723405439,0.45527984776921704
p232_124,2.1148483753204346,2.621255397796631,0.9089787805862581,0.9225027285406565,2.919362049720154,3.6341304228697857,3.2847527343133747,3.279063132765234,3.603240837249136,3.960606095952017,0.5064070224761963,0.013523947954398374,0.3597010830450804,-0.030889585620649918,0.6758533616386422
p232_125,1.7521228790283203,1.8566169738769531,0.8430167518010206,0.8547759723636162,2.7255390435695617,3.585864788483594,2.9871902773620262,3.0081733931049595,3.4983781392872992,3.6821013367881865,0.10449409484863281,0.011759220562595596,0.2826343495353978,-0.08748664919629467,0.6949110594261603
p232_126,1.385602593421936,2.056912422180176,0.89309340430485,0.9190109894324842,2.5105047412400943,3.554824095493299,2.634467643055113,3.1615236250758523,3.530180386081594,3.864950801686808,0.6713098287582397,0.025917585127634202,0.651018883835758,-0.024643709411705128,1.2304831586316949
p232_127,3.7155401706695557,3.8663148880004883,0.9950189320087695,0.9928022655982606,2.8337039821745065,3.162418531846953,3.88139075278073,3.036265621006262,3.307699944708274,4.013951154819134,0.15077471733093262,-0.002216666410508883,0.2025616388317557,0.14528141286132135,0.13256040203840413
p232_128,2.015474319458008,2.3192224502563477,0.9865206126025325,0.9868287248137187,2.7444466843079334,3.477549812039987,3.1795950869770864,2.827928753552192,3.2217298788987754,3.7332840086743433,0.30374813079833984,0.0003081122111862067,0.08348206924425883,-0.25581993314121165,0.5536889216972569
p232_129,2.5091989040374756,3.3009603023529053,0.9806685831231811,0.9871574165371546,3.0180729473243884,3.6273869931434817,3.435923896933341,3.460179885127863,3.700490060399517,4.141791056598345,0.7917613983154297,0.006488833413973549,0.44210693780347476,0.0731030672560351,0.7058671596650039
p232_130,1.6969443559646606,2.3903191089630127,0.9752619875030014,0.9823192350650334,2.988641088621967,3.6331238014315024,3.3948847707858,3.4240123570685137,3.6881707984372,4.098524933851087,0.693374752998352,0.007057247562031965,0.4353712684465467,0.055046997005697484,0.7036401630652875
p232_131,2.332265615463257,3.2686705589294434,0.9759388390701275,0.9819719892789074,3.18350377134235,3.7152159514297938,3.604875847191909,3.3264241079984536,3.5806565543021005,4.121607061003863,0.9364049434661865,0.006033150208779925,0.1429203366561036,-0.13455939712769327,0.5167312138119544
p232_132,1.9779897928237915,2.8484060764312744,0.8522500558021356,0.8679822496875762,2.628335631354564,3.557296414493502,2.918175775784981,3.156670644287124,3.4962673521177416,4.018336557509815,0.8704162836074829,0.01573219388544056,0.5283350129325601,-0.06102906237576056,1.100160781724834
p232_133,1.1882046461105347,1.7981982231140137,0.8672654573009151,0.8847099873420453,2.3204705868364,3.549987039812301,2.363041024352932,3.315085824571908,3.59068170378785,4.074526798881951,0.609993577003479,0.017444530041130224,0.9946152377355078,0.040694663975548995,1.7114857745290193
p232_134,1.2249137163162231,1.700791835784912,0.7727101715751193,0.8370075454975551,1.4881033265957655,2.162422086325309,1.5286232834681897,2.914936131325534,3.321206120331786,3.769509638298106,0.47587811946868896,0.06429737392243573,1.4268328047297685,1.158784034006477,2.2408863548299163
p232_135,2.6376795768737793,3.5306479930877686,0.9379796921851475,0.9557254083507307,2.9914065180206086,3.606741185264613,3.508388702407506,3.263881053222933,3.548767375255446,4.052669091661639,0.8929684162139893,0.01774571616558318,0.27247453520232456,-0.057973810009166904,0.544280389254133
p232_136,1.5410295724868774,2.4684898853302,0.775855454212458,0.7562797565864695,2.1080169551918795,2.8034084207153764,2.2150073498063647,3.2264779206155114,3.5172643812558366,3.993848147520088,0.9274603128433228,-0.019575697625988542,1.118460965423632,0.7138559605404602,1.7788407977137233
p232_137,1.7377796173095703,2.760901689529419,0.9209269947057767,0.948080446180512,2.616387364255482,3.3755464232616834,3.042818286411708,2.8509781322742005,3.2532856467795512,3.7279928337187656,1.0231220722198486,0.027153451474735357,0.2345907680187187,-0.12226077648213218,0.6851745473070574
p232_138,1.522308588027954,2.984363079071045,0.7665076178107358,0.8026226910935131,2.4194070766746565,3.3969709571430733,2.5660340038748903,3.088636597010009,3.393639901625217,3.997975209623389,1.4620544910430908,0.0361150732827773,0.6692295203353527,-0.003331055517856285,1.4319412057484988
p232_139,3.485783338546753,4.04874849319458,0.9998148794422855,0.9992685960890586,3.2349783248473853,3.5098064420742645,4.0680980712677295,3.302368404104308,3.56130085096352,4.083106735494546,0.5629651546478271,-0.0005462833532269284,0.06739007925692286,0.05149440888925527,0.01500866422681657
p232_140,2.829627752304077,3.467392683029175,0.8578279240201947,0.8851256062443192,2.5034765327590693,3.1403280685058648,3.18547839339184,2.951569234658989,3.3356751802595803,3.812972829900287,0.6377649307250977,0.027297682224124542,0.44809270189991945,0.19534711175371555,0.6274944365084472
p232_141,2.7327208518981934,3.8633170127868652,0.8318053306779034,0.8649805217815363,2.811686211346789,3.3829225261982407,3.497657242479876,3.073254083173976,3.4338187791390915,3.8812837035407446,1.1305961608886719,0.03317519110363287,0.2615678718271872,0.05089625294085076,0.3836264610608686
p232_142,1.9423695802688599,3.162233352661133,0.9084663102695729,0.9211268292316771,3.016387539189733,3.624020818944552,3.438473338494381,3.356929357131642,3.598804484414036,4.10859592640005,1.219863772392273,0.012660518962104184,0.3405418179419093,-0.025216334530516082,0.6701225879056691
p232_143,2.6289122104644775,3.1265408992767334,0.948572017288203,0.9650611738387315,2.7343914466244352,3.654888753653122,2.927025308508342,3.062124799203492,3.4282521879589,3.9305133833998673,0.49762868881225586,0.016489156550528516,0.3277333525790569,-0.22663656569422175,1.0034880748915254
p232_144,2.375983238220215,3.476630210876465,0.960389696642398,0.9755987003460429,2.7766595339067464,3.5375036332652128,3.130706541882908,3.2685238177841947,3.561967838330354,4.044540407343852,1.10064697265625,0.015209003703644863,0.4918642838774483,0.024464205065141353,0.9138338654609437
p232_145,1.6279642581939697,2.44903564453125,0.852050772006543,0.8945517827295486,2.3295213303381543,3.362478732006445,2.496675852405278,3.188937715311299,3.4918644744247787,4.010601522769657,0.8210713863372803,0.042501010723005606,0.8594163849731449,0.12938574241833356,1.513925670364379
p232_146,1.882285475730896,2.7903528213500977,0.8610032407986948,0.8787043675070151,2.630312178166762,3.521266174277346,2.8943080953433946,3.248730536380722,3.5334612519973017,4.049116242191531,0.9080673456192017,0.017701126708320247,0.61841835821396,0.012195077719955538,1.1548081468481368
p232_147,3.9618406295776367,3.9770522117614746,0.9885703697588525,0.990038584851188,3.190616452793896,3.5036804453132504,3.981272482015558,3.343593041501792,3.612054430983472,4.088815295609641,0.01521158218383789,0.001468215092335523,0.152976588707896,0.10837398567022172,0.10754281359408324
p232_148,3.285845994949341,3.635742425918579,0.9994147655261721,0.9987194376913102,3.1939981710557794,3.581526056976076,3.876781177391305,3.345182781805577,3.6295907991506855,4.068656157149661,0.3498964309692383,-0.0006953278348619252,0.1511846107497976,0.04806474217460943,0.1918749797583561
p232_150,3.320862293243408,3.355882167816162,0.979121660981602,0.9829215493005304,3.170293508449837,3.58454641168786,3.873369249620384,3.338665508566474,3.629214915159511,4.037792975281399,0.035019874572753906,0.0037998883189284127,0.1683720001166371,0.04466850347165119,0.16442372566101504
p232_151,1.436660647392273,2.444075345993042,0.9662765952400079,0.979776341632574,2.5479035892836137,3.4855370153594394,2.8775054408609195,3.45283904310711,3.707431646091262,4.142844234858547,1.007414698600769,0.013499746392566125,0.9049354538234962,0.22189463073182258,1.2653387939976275
p232_152,1.897156000137329,2.795248031616211,0.9643011956370726,0.9785849104639358,2.7213817695118374,3.5450357943266937,3.059631298263551,3.265902950082322,3.5428271769359894,4.066490514059968,0.8980920314788818,0.014283714826863192,0.5445211805704844,-0.002208617390704326,1.0068592157964167
p232_153,1.6586642265319824,2.726590871810913,0.8586832988015527,0.8919272205951884,2.404684444601683,3.5830928026800977,2.4096540481445365,3.281629017567863,3.5689810058276694,4.055970346970634,1.0679266452789307,0.03324392179363567,0.8769445729661798,-0.014111796852428249,1.6463162988260973
p232_154,1.262808918952942,1.7599583864212036,0.8817408507873933,0.9124103225937061,2.117018699087127,3.396645093234282,2.015336910884189,3.2303384507517263,3.50058885064358,4.09537722160828,0.4971494674682617,0.030669471806312854,1.1133197516645992,0.10394375740929807,2.0800403107240912
p232_155,1.1428874731063843,1.4707194566726685,0.7426052032739051,0.8113263764683345,1.8667513829936777,3.198384468227532,1.8550278637699409,3.2435880959824623,3.529066024050634,4.042856182931165,0.3278319835662842,0.06872117319442939,1.3768367129887846,0.330681555823102,2.187828319161224
p232_156,2.3464295864105225,2.7275846004486084,0.9073857188743749,0.9035094023108089,2.527709291943107,3.4037888308345563,2.9123261688542565,3.194638447558031,3.488117500400214,4.006995594096858,0.38115501403808594,-0.003876316563566018,0.6669291556149242,0.08432866956565777,1.0946694252426012
p232_158,1.6808841228485107,2.3308663368225098,0.9620674503092667,0.9785897226127692,2.7889756036040643,3.672234861837679,3.1168978738878685,3.316680656078247,3.6305063353099256,4.058081940998504,0.649982213973999,0.01652227230350256,0.5277050524741829,-0.041728526527753385,0.9411840671106351
p232_159,1.6671397686004639,2.786132335662842,0.9746690272218,0.9773654536311684,2.682926601786598,3.4839878110301945,3.1578739496051447,3.101718481095462,3.431762351000946,3.966527024431608,1.118992567062378,0.002696426409368402,0.4187918793088641,-0.05222546002924844,0.8086530748264633
p232_160,1.0863173007965088,1.5426278114318848,0.8035280885428143,0.8910207263945665,1.3155587592421896,1.8509773684033028,1.3109873749119867,3.208806241303367,3.5402328008185364,3.958015704431633,0.456310510635376,0.08749263785175221,1.8932474820611775,1.6892554324152336,2.6470283295196464
p232_161,3.398989200592041,3.6253414154052734,0.9883927971282478,0.9870284330532856,3.0957702515749985,3.5669096758070062,3.663960832699618,3.37421258558489,3.6570496406837902,4.059992707578221,0.22635221481323242,-0.00136436407496221,0.2784423340098914,0.090139964876784,0.39603187487860314
p232_162,1.497721552848816,3.7717251777648926,0.940993978804031,0.9497930002721936,3.01450431340674,3.4232975181482286,3.824371387561166,3.1622980165192303,3.4632154967081425,4.000195021555491,2.2740036249160767,0.008799021468162582,0.14779370311249007,0.03991797855991397,0.17582363399432532
p232_163,2.7952029705047607,3.6586949825286865,0.9466416521008449,0.9572753717151822,3.08421518443932,3.547173359486567,3.751890769454085,3.2429926354342444,3.5421193268361657,4.081154806031521,0.8634920120239258,0.010633719614337234,0.15877745099492424,-0.0050540326504013855,0.3292640365774364
p232_164,1.8299825191497803,2.1358628273010254,0.9083305824352929,0.9108433392791255,2.79101624384984,3.41828327201199,3.340745901887941,3.1777321695443,3.457624160533875,4.035737135053391,0.3058803081512451,0.0025127568438326753,0.38671592569446034,0.03934088852188511,0.69499123316545
p232_165,2.35332989692688,3.1788125038146973,0.9699149388454067,0.991684296141882,2.6982297539904527,3.541603990471005,2.9986430098828185,3.157082215475819,3.4717055759094397,3.9847705945530167,0.8254826068878174,0.021769357296475333,0.4588524614853662,-0.06989841456156531,0.9861275846701982
p232_167,2.758087158203125,3.482114315032959,0.994602633510561,0.9946529462380352,3.050012041661809,3.606914625735121,3.5644719624971954,3.410619929235884,3.6737396345830207,4.109690462262167,0.724027156829834,5.031272747424431e-05,0.360607887574075,0.06682500884789988,0.5452184997649714
p232_169,1.7104099988937378,3.1244139671325684,0.9789357206296135,0.9859085464372674,2.996683637077182,3.6485173257750736,3.4236964168581028,3.280896736795856,3.539990164809473,4.074879207480198,1.4140039682388306,0.006972825807653904,0.28421309971867403,-0.10852716096560044,0.6511827906220948
p232_170,1.2871119976043701,2.0547146797180176,0.7198404670386996,0.7957838220176684,2.44748341370842,3.571070597371598,2.451694597360838,3.3468545796272258,3.604157292217347,4.107974809178289,0.7676026821136475,0.07594335497896876,0.8993711659188057,0.03308669484574889,1.6562802118174513
p232_171,2.8190369606018066,3.5314443111419678,0.9665393749764342,0.9727869773361131,3.129479049072528,3.586446731241602,3.752657148168024,3.3721678375209403,3.615269750043361,4.155843655182477,0.7124073505401611,0.0062476023596789165,0.24268878844841213,0.02882301880175886,0.4031865070144529
p232_172,3.7877609729766846,3.9062697887420654,0.9802332345882523,0.9823706536192776,2.875997603021589,3.3433308702230167,3.631298302927475,2.8393708007858725,3.179046673028104,3.857265084908376,0.11850881576538086,0.002137419031025267,-0.03662680223571657,-0.16428419719491272,0.22596678198090103
p232_173,2.1294617652893066,3.1767098903656006,0.9133088665566517,0.9630569110176598,2.7955471094046382,3.5238655847978184,3.2811462561546407,3.187659164220674,3.468081478532849,4.076354396644644,1.047248125076294,0.04974804446100811,0.3921120548160357,-0.055784106264969324,0.7952081404900029
p232_174,1.5645976066589355,2.001608371734619,0.8858890051463368,0.9115681464012708,2.5160006975756124,3.5135010350890457,2.671368517917569,3.2273410894304417,3.530091271385185,3.9992547657040234,0.4370107650756836,0.02567914125493398,0.7113403918548293,0.016590236296139427,1.3278862477864544
p232_175,2.382246971130371,3.3769819736480713,0.9903111791904503,0.9945434380158994,3.155082163127863,3.646929592591766,3.6551618829260817,3.436720374116146,3.6926716294531694,4.11881735630605,0.9947350025177002,0.004232258825449087,0.2816382109882829,0.045742036861403435,0.4636554733799687
p232_176,1.4629732370376587,2.5902462005615234,0.9242354679370013,0.9472553300666195,2.822517348735418,3.642956360823518,3.105619589519243,3.229726665581209,3.559349123718249,3.975815158069526,1.1272729635238647,0.023019862129618263,0.4072093168457913,-0.08360723710526896,0.8701955685502827
p232_177,1.3360865116119385,1.6389625072479248,0.7924439838054068,0.8622981951578802,1.9058151498118256,3.001216928727063,1.93026950150192,2.821932994150484,3.306277210134273,3.5729250610886942,0.30287599563598633,0.06985421135247338,0.9161178443386584,0.30506028140720964,1.6426555595867742
p232_178,1.2454215288162231,2.221433401107788,0.7849133551068459,0.8556341088089408,2.187861878111825,3.316759949127497,2.272810504876439,3.176519465908444,3.474931278791161,4.025774340345712,0.9760118722915649,0.07072075370209485,0.9886575877966193,0.1581713296636642,1.7529638354692727
p232_179,2.026676893234253,3.180893659591675,0.9702664313705983,0.9814058052892636,2.967432285164157,3.5894300736490816,3.393409453339929,3.428721528499883,3.6467042535188674,4.161165142444793,1.1542167663574219,0.011139373918665263,0.4612892433357261,0.05727417986978578,0.7677556891048645
p232_180,2.088280439376831,3.071240186691284,0.972244069422184,0.9791235878372584,2.8741019533839154,3.664503097179874,3.1530961868347744,3.339631019501553,3.660918468464066,3.955419663308067,0.9829597473144531,0.006879518415074393,0.46552906611763767,-0.0035846287158083356,0.8023234764732927
p232_181,1.7443060874938965,3.0124850273132324,0.9755281989182347,0.9864304149174304,2.735803530199255,3.704300553513086,2.834161927705827,3.272972964346001,3.6330943816423584,3.929575241866572,1.268178939819336,0.010902215999195719,0.5371694341467461,-0.07120617187072753,1.0954133141607447
p232_182,1.2994229793548584,1.806095838546753,0.9171561929741205,0.9481424249939947,1.7036413235544012,2.6115920560704105,1.6711608292266027,3.045655786947398,3.440854656072592,3.823429135591585,0.5066728591918945,0.03098623201987416,1.3420144633929967,0.8292626000021817,2.1522683063649826
p232_183,3.0590248107910156,3.660841464996338,0.9662260574487254,0.9766102076858705,3.028336119006462,3.351311346265811,3.926548214953016,3.1689442208121053,3.4734064471082604,4.013581227441731,0.6018166542053223,0.010384150237145118,0.14060810180564332,0.12209510084244934,0.08703301248871442
p232_184,2.6584911346435547,3.0574429035186768,0.9808937730248767,0.9784186301028782,3.0965716793849447,3.6322409915893,3.613268082905414,3.3656877293258955,3.607065870962145,4.103327001836668,0.39895176887512207,-0.0024751429219984633,0.26911604994095084,-0.02517512062715488,0.4900589189312541
p232_185,2.368661403656006,3.062129020690918,0.9959346026110197,0.9955055592003923,2.834521602615254,3.5612253563232468,3.2231071062262338,3.29637552582968,3.619985418510466,3.96711348783319,0.6934676170349121,-0.0004290434106274388,0.46185392321442587,0.0587600621872193,0.7440063816069564
p232_186,1.3944342136383057,2.0606889724731445,0.8638849874029009,0.9056488429442551,2.555239575139908,3.41228390620275,2.7863142678104684,3.083140027784176,3.379341088065285,4.005328426717134,0.6662547588348389,0.0417638555413542,0.5279004526442681,-0.032942818137465135,1.2190141589066656
p232_187,2.193598985671997,3.0232021808624268,0.744966430706921,0.7673833845229207,2.5477771859216083,3.5336943104596177,2.7210147296062464,3.0735519371889164,3.3572618063863944,4.020701290856624,0.8296031951904297,0.02241695381599962,0.5257747512673081,-0.1764325040732233,1.2996865612503776
p232_188,2.3830113410949707,3.22162127494812,0.9157730708965685,0.9442498024746407,2.7920413962186124,3.5552918169683623,3.175810048015688,3.2861104277290507,3.578874894724338,4.042894937680693,0.8386099338531494,0.02847673157807229,0.49406903151043835,0.02358307775597579,0.8670848896650045
p232_189,1.691405177116394,2.3719894886016846,0.8585942209666447,0.8983903765308526,2.642314306150429,3.6052186544574494,2.802727225477326,3.2336820062186757,3.570664408810268,3.9606935677443063,0.6805843114852905,0.0397961555642079,0.5913677000682469,-0.034554245647181236,1.1579663422669801
p232_190,1.4836223125457764,2.1243600845336914,0.9693250977724573,0.9736577724708796,1.903802849946996,2.782261455094775,1.992311323780057,2.770917702046565,3.101835160765306,3.849502559901641,0.640737771987915,0.004332674698422245,0.8671148520995693,0.319573705670531,1.8571912361215839
p232_191,3.2086756229400635,3.3807106018066406,0.9592288922027254,0.9627609421298393,3.1028010676424738,3.4840351752205803,3.835933572936769,3.345558798563332,3.5856842889454987,4.126383339241691,0.17203497886657715,0.0035320499271138672,0.24275773092085817,0.10164911372491847,0.29044976630492236
p232_193,2.3988451957702637,3.2084031105041504,0.9649756430679388,0.9774487772514919,2.772857544905254,3.6277973393883394,3.108891276593854,3.284307326073581,3.5922878657285446,3.995690648770277,0.8095579147338867,0.012473134183553114,0.5114497811683272,-0.03550947365979473,0.8867993721764229
p232_194,2.1244542598724365,3.016071081161499,0.9747668450345759,0.9812970016061988,2.8723964407297893,3.570960442476293,3.292902214528844,3.252055971097352,3.579634501980879,3.9602992067882647,0.8916168212890625,0.006530156571622925,0.3796595303675625,0.008674059504586218,0.667396992259421
p232_195,2.649857521057129,3.2781572341918945,0.9558840574622184,0.9658273618068288,2.8117837248503013,3.4893807707036077,3.25628263664743,3.2414580020123176,3.508868764269553,4.032841326281806,0.6282997131347656,0.009943304344610437,0.42967427716201634,0.019487993565945327,0.7765586896343764
p232_196,2.2953147888183594,3.356448173522949,0.9847947053361296,0.983922515756013,2.7332097931217896,3.4854192162919047,3.16123657960734,3.108087203711505,3.39806383748558,4.015449592217815,1.0611333847045898,-0.0008721895801165891,0.37487741058971524,-0.0873553788063246,0.8542130126104746
p232_197,2.229130744934082,3.030379056930542,0.9659222384134329,0.980776044822927,2.810345293888268,3.653630083643048,3.0625014130836377,3.381443278879741,3.661840920105661,4.089307416691516,0.80124831199646,0.014853806409494075,0.5710979849914732,0.008210836462613003,1.026806003607878
p232_198,1.4440600872039795,2.311638355255127,0.9571046199276347,0.9748046739636849,2.450727342026422,3.5032744543534515,2.528174921701462,3.2329665052848005,3.550475729659233,3.9827924149849023,0.8675782680511475,0.017700054036050128,0.7822391632583785,0.047201275305781554,1.4546174932834401
p232_199,1.1712223291397095,1.890294075012207,0.8481126266729763,0.9285312700329765,2.08873871909593,3.3020890762002675,2.159916896383922,3.153185646594166,3.452102357089468,4.001006679583274,0.7190717458724976,0.08041864336000026,1.0644469274982358,0.15001328088920074,1.8410897831993522
p232_200,2.53930401802063,3.2712271213531494,0.984655892966518,0.9882022202407759,2.9612556522951934,3.5014633647837288,3.4961051116673274,3.178409990608359,3.546018611102125,3.856977904161052,0.7319231033325195,0.0035463272742578544,0.21715433831316577,0.04455524631839625,0.3608727924937245
p232_201,2.2066872119903564,2.9486188888549805,0.9872912580794019,0.9902162697872213,2.7639932433010093,3.5248676163632613,3.1838144763981977,2.999840458342455,3.330923521699048,3.9116419088310295,0.741931676864624,0.002925011707819447,0.23584721504144568,-0.19394409466421347,0.7278274324328318
p232_202,1.5600721836090088,2.2847681045532227,0.9042268078908617,0.9318623056323262,2.7866241994672,3.6768542004619222,2.944886132770781,3.435855939894133,3.698502448028645,4.073394517503298,0.7246959209442139,0.027635497741464454,0.649231740426933,0.021648247566722567,1.1285083847325175
p232_203,1.1096094846725464,1.4062211513519287,0.8434463216107162,0.872532813295604,1.5002218824624725,2.4020954776767627,1.4242449687260468,2.967310872958904,3.313667840682509,3.918341029396516,0.2966116666793823,0.02908649168488775,1.4670889904964317,0.9115723630057464,2.4940960606704694
p232_204,3.709590435028076,3.9458353519439697,0.999666192058056,0.9987397332758616,3.196118307719032,3.502494968475324,4.01246585046119,3.3039869544754303,3.5717183834016746,4.117182703829799,0.23624491691589355,-0.0009264587821943282,0.10786864675639851,0.06922341492635065,0.10471685336860848
p232_205,3.6607213020324707,3.9852662086486816,0.9765126801662721,0.9844828774770435,3.049674975161378,3.415762716567278,3.8880107418663874,3.330867713673717,3.573705829407205,4.141128898404531,0.32454490661621094,0.00797019731077142,0.28119273851233917,0.15794311283992712,0.25311815653814396
p232_206,2.6609911918640137,3.517850875854492,0.9572662973354096,0.9639280113950055,2.886796013624507,3.317049377612458,3.716392151460021,3.340886808414779,3.551525750992538,4.1830077420248655,0.8568596839904785,0.0066617140595959246,0.4540907947902717,0.2344763733800801,0.4666155905648446
p232_207,1.7194664478302002,1.8269612789154053,0.8738634157696596,0.8659956772090028,2.829476082811273,3.431225081041474,3.416741558489211,3.1013600416038343,3.405104916115405,3.98830501119444,0.10749483108520508,-0.007867738560656812,0.2718839587925612,-0.026120164926068945,0.5715634527052291
p232_208,2.8869524002075195,3.5775022506713867,0.7744402332175261,0.8503865375128984,2.701389582555348,3.505938572325264,3.0398109116924106,3.026674845067746,3.358778648431098,3.9133553610350944,0.6905498504638672,0.0759463042953723,0.3252852625123981,-0.14715992389416588,0.8735444493426838
p232_209,2.460902214050293,3.3132615089416504,0.8111524660730207,0.8509769135586911,2.475148958428324,3.336589993742168,2.883830518778164,2.9879808097978917,3.340091119933958,3.938182801690334,0.8523592948913574,0.03982444748567038,0.5128318513695675,0.003501126191789883,1.0543522829121699
p232_210,2.005826473236084,2.3099639415740967,0.9695409279708138,0.9726650534254034,2.489484497576005,3.403609953247708,2.7959792077353947,2.9055231785649145,3.2479054171362987,3.92324150994029,0.3041374683380127,0.0031241254545896213,0.4160386809889096,-0.15570453611140955,1.1272623022048953
p232_211,1.2170825004577637,2.427656888961792,0.7828825850102602,0.8729343973382933,2.4966483258591423,3.386589597945843,2.8089866917176485,2.6879855165761906,3.026045041136427,3.879227051265639,1.2105743885040283,0.09005181232803305,0.19133719071704824,-0.3605445568094159,1.0702403595479906
p232_213,3.3660364151000977,3.773738384246826,0.9631794021304414,0.9583217573586091,3.2090373004788764,3.577711284000431,3.942749949893771,3.243796320785882,3.571045501165447,3.96419536137246,0.4077019691467285,-0.004857644771832259,0.03475902030700562,-0.006665782834983869,0.02144541147868928
p232_214,2.5926389694213867,2.6338601112365723,0.9916051327318386,0.9938791833003583,2.996288847836894,3.5591063553014344,3.5088964371031843,3.265697965431491,3.546306520391908,4.02575672293978,0.04122114181518555,0.0022740505685197032,0.2694091175945972,-0.012799834909526187,0.516860285836596
p232_215,2.5858826637268066,3.3839292526245117,0.9954953617892791,0.9956662823171766,3.000847159406971,3.452401569453703,3.712743438507249,3.206335461503365,3.53677694263492,3.948413177887323,0.7980465888977051,0.0001709205278974668,0.20548830209639402,0.08437537318121713,0.23566973938007418
p232_216,1.710620641708374,2.894235849380493,0.9712255275524481,0.9848020337266873,2.662202354631096,3.468877918081723,3.027743107049899,3.2346008566449505,3.563320439325884,3.943527905957255,1.1836152076721191,0.013576506174239222,0.5723985020138547,0.09444252124416108,0.9157847989073562
p232_217,2.691540241241455,3.1603803634643555,0.889944102375073,0.878149296100516,2.789679016954182,3.5678253977937486,3.18248553481342,3.1916492911062044,3.503241533846108,3.997308102472266,0.4688401222229004,-0.01179480627455709,0.40197027415202236,-0.06458386394764082,0.8148225676588461
p232_218,1.8883469104766846,3.0251688957214355,0.9211647811481465,0.9475080265745863,2.53060327347492,3.403948052519009,2.8826711162041128,3.1113549741081,3.4009135027190305,4.019879205484644,1.136821985244751,0.026343245426439843,0.5807517006331797,-0.0030345497999784143,1.1372080892805312
p232_219,1.5048036575317383,2.816880941390991,0.9201723695274795,0.9577498823534473,2.634741189852395,3.5871354268812947,2.785735171951161,3.3307927499062284,3.645995141037429,3.983862815801079,1.312077283859253,0.037577512825967774,0.6960515600538333,0.058859714156134224,1.1981276438499178
p232_220,1.2762446403503418,2.159602642059326,0.9237113510308064,0.9435515539912055,2.7614133487424053,3.678526676961943,2.9337818226766927,3.26210115402948,3.5748480219344287,3.986297815921392,0.8833580017089844,0.019840202960399123,0.5006878052870749,-0.10367865502751439,1.0525159932446995
p232_221,1.9175167083740234,2.7488765716552734,0.9893414361325891,0.9884565684918843,2.9584899709109784,3.686099407278763,3.361551684906842,3.332815732461041,3.615470056960634,4.0567320977847725,0.83135986328125,-0.0008848676407047229,0.37432576155006236,-0.070629350318129,0.6951804128779306
p232_223,1.9071218967437744,2.7430195808410645,0.9033502393883928,0.9305983196564893,2.623081666968772,3.5243743460808643,2.820099402676062,3.004123953997753,3.331623431902968,3.9052538217733854,0.83589768409729,0.027248080268096553,0.3810422870289809,-0.19275091417789625,1.0851544190973232
p232_224,1.6601190567016602,2.4268765449523926,0.8917288525882595,0.9254409742417079,2.767754573910217,3.5033543084958056,3.2350076392510547,3.103966076481792,3.3760489904713427,4.042270145451463,0.7667574882507324,0.03371212165344839,0.3362115025715746,-0.127305318024463,0.807262506200408
p232_225,1.2877953052520752,1.863744854927063,0.8642144706588909,0.8927611920080556,2.189818882693237,3.174301049143174,2.304584173234031,2.874481778239756,3.1871230008976785,3.9172866383149607,0.5759495496749878,0.028546721349164694,0.684662895546519,0.012821951754504735,1.6127024650809298
p232_226,3.475329637527466,4.03938102722168,0.9817070001429777,0.985776042017521,3.2911477630726056,3.609075693994909,3.992401188773985,3.406027917543636,3.665870109561509,4.124569122108059,0.5640513896942139,0.004069041874543267,0.1148801544710305,0.056794415566600254,0.13216793333407395
p232_227,2.875932455062866,3.723957061767578,0.9989191580137542,0.998362714507561,2.993098916672029,3.412221953695844,3.826959192759483,3.226327993752141,3.496279463393121,4.068975543244036,0.8480246067047119,-0.000556443506193216,0.23322907708011176,0.08405750969727732,0.2420163504845534
p232_228,2.589099884033203,2.8508217334747314,0.9695323084626183,0.938228536982589,2.706470426223746,3.2553827144675385,3.499038490292019,3.1052879842748107,3.442646976392537,3.953377978680917,0.2617218494415283,-0.031303771480029274,0.39881755805106467,0.18726426192499845,0.4543394883888978
p232_229,2.3789024353027344,2.9517617225646973,0.9655309593240486,0.9656072778094364,2.512919386510824,3.0509193260088905,3.3661294904519146,2.954166497971884,3.23894537548516,4.000863387129186,0.5728592872619629,7.631848538780517e-05,0.4412471114610601,0.18802604947626955,0.6347338966772718
p232_230,2.242384433746338,2.807079553604126,0.8931305439195468,0.9046352068327305,2.990038720102614,3.681833036229528,3.35303148043986,3.229933234112655,3.561446628093588,3.9514264361207,0.5646951198577881,0.011504662913183639,0.2398945140100408,-0.12038640813594004,0.5983949556808401
p232_231,2.392122268676758,3.122121572494507,0.9962244669262987,0.9954338805359186,2.7092314895652043,3.4943585770926764,3.130089756264692,3.03407279277963,3.368762601916137,3.93688524554368,0.729999303817749,-0.0007905863903800991,0.3248413032144257,-0.1255959751765392,0.8067954892789877
p232_232,1.6785304546356201,2.3255183696746826,0.9468802216275769,0.9711119580533435,2.677775789840832,3.595164493123574,2.8228537070191955,3.252456697259668,3.513554875465545,4.120069138438232,0.6469879150390625,0.024231736425766592,0.5746809074188359,-0.08160961765802899,1.297215431419037
p232_234,1.348954439163208,2.5300917625427246,0.8081700338336932,0.8783218805771268,2.3272028279677706,3.310361681479893,2.543142929008141,3.007106462981406,3.338658592283476,3.9610840923576816,1.1811373233795166,0.07015184674343355,0.6799036350136354,0.02829691080358332,1.4179411633495405
p232_235,3.1453466415405273,3.3131659030914307,0.9976848515651963,0.9975268444541455,3.31338001690176,3.638685298894162,3.967445179799627,3.4333406854912885,3.683940277026789,4.141110928155274,0.16781926155090332,-0.00015800711105073972,0.11996066858952847,0.0452549781326268,0.17366574835564696
p232_236,2.8614342212677,2.821920394897461,0.9140133282768668,0.9213549614593186,2.9797558661282486,3.5102909954174013,3.66640989728468,2.910458140869274,3.5350550337312137,3.4453869315858108,-0.03951382637023926,0.0073416331824518455,-0.06929772525897482,0.024764038313812353,-0.22102296569886937
p232_237,2.992297649383545,3.6802802085876465,0.9955535449247724,0.9962546798675178,3.1192926524873688,3.544661102902851,3.8038115386389406,3.3826314629277423,3.653372342590519,4.090891649274852,0.6879825592041016,0.0007011349427453739,0.26333881044037355,0.10871123968766794,0.2870801106359111
p232_238,3.2810184955596924,3.8812944889068604,0.9992419203160754,0.9972638479442897,2.932465624693004,3.401666423555709,3.7471979995183338,3.046980918130831,3.380241041986284,3.961436875157501,0.600275993347168,-0.0019780723717857107,0.11451529343782685,-0.02142538156942475,0.21423887563916733
p232_239,1.7411587238311768,3.0037484169006348,0.9832907182871,0.9926053185928401,3.061801384555995,3.694232978982442,3.4890497284212585,3.363640613415768,3.613718401548188,4.135432452150634,1.262589693069458,0.00931460030574005,0.3018392288597731,-0.08051457743425416,0.6463827237293756
p232_240,2.2098405361175537,3.190735101699829,0.9760370590058842,0.982992426188804,2.923988664521791,3.678018039223087,3.198300854807641,3.35796027368806,3.6170002689564433,4.0954440539899775,0.9808945655822754,0.0069553671829197805,0.4339716091662691,-0.061017770266643456,0.8971431991823366
p232_241,1.356745719909668,2.0733466148376465,0.8351250202198764,0.8575104723502904,1.168342119577905,1.3420395918897103,1.1696579017339743,2.948905700518053,3.2692053894576354,3.925182322887505,0.7166008949279785,0.022385452130413985,1.7805635809401479,1.927165797567925,2.755524421153531
p232_242,1.2582848072052002,1.4601030349731445,0.7650582423295312,0.8443201857065161,1.5913418214351251,2.763089383031303,1.5080782079757582,2.9202707164653887,3.3332707442781846,3.759332498257127,0.20181822776794434,0.07926194337698489,1.3289288950302636,0.5701813612468816,2.2512542902813686
p232_243,2.6295928955078125,3.5386993885040283,0.9941335246408912,0.9928095632184917,2.778429813206772,3.538424986959994,3.2823573612009684,3.0716767355658567,3.3760214169918847,4.017006290714865,0.9091064929962158,-0.0013239614223995444,0.29324692235908456,-0.16240356996810945,0.7346489295138965
p232_244,1.8844001293182373,2.7066123485565186,0.9655499644126211,0.9753153363543876,2.754607762596852,3.533137177723093,3.1439732986175324,3.2093336428011314,3.51864347490017,4.0395138268531054,0.8222122192382812,0.00976537194176652,0.4547258802042795,-0.014493702822923282,0.8955405282355731
p232_245,1.6976163387298584,2.286641836166382,0.8752305649629332,0.8845569085456363,2.877697298624277,3.505474847107385,3.2909286097561377,3.0635207737419954,3.500577040779681,3.7211240230023352,0.5890254974365234,0.009326343582703123,0.18582347511771857,-0.004897806327704313,0.4301954132461976
p232_246,1.3056429624557495,2.0969581604003906,0.8849463724859025,0.917567167154765,1.1411051463784072,1.3111266921940268,1.2424689999738732,2.796593262276793,3.157740215749799,3.844187464066087,0.7913151979446411,0.032620794668862585,1.6554881158983856,1.8466135235557721,2.601718464092214
p232_247,3.204423189163208,3.866838216781616,0.9560711359249929,0.9729403111712297,2.9091132020806616,3.3172214181817115,3.7807438313640938,3.056767681849436,3.4029561350690507,3.954396058182556,0.6624150276184082,0.016869175246236767,0.14765447976877422,0.08573471688733925,0.17365222681846237
p232_248,3.060197114944458,3.5427660942077637,0.9711449647638103,0.9738198435581251,3.0586210571988475,3.5319561418276386,3.668540190720278,3.260584284627701,3.594991559979591,3.973981757218753,0.48256897926330566,0.0026748787943148278,0.20196322742885364,0.06303541815195235,0.30544156649847487
p232_249,2.177135705947876,2.773163080215454,0.9954857864500479,0.9944014463584426,2.970851091607834,3.462583544827617,3.706286128597879,3.3886773831320465,3.6436756234982126,4.151187121632367,0.5960273742675781,-0.0010843400916052959,0.4178262915242126,0.1810920786705954,0.4449009930344876
p232_250,2.1658692359924316,2.8544626235961914,0.947958304472267,0.9611171276119637,2.955008354160365,3.557352336654766,3.441704791900933,3.331032032939734,3.655263539625304,4.002126051468068,0.6885933876037598,0.01315882313969663,0.37602367877936915,0.09791120297053801,0.5604212595671347
p232_251,2.84173321723938,3.500819206237793,0.9755288894353604,0.9733683707525208,3.1594835581712646,3.6572743331009536,3.69256344583942,3.422785837225418,3.673112569574823,4.130210939842826,0.6590859889984131,-0.0021605186828396183,0.2633022790541535,0.015838236473869394,0.43764749400340586
p232_252,2.355363368988037,3.073652505874634,0.973154368570111,0.9832304548811402,2.874059773528147,3.546262331571705,3.233894162944956,3.057596897921804,3.36758086407293,3.9559339114754666,0.7182891368865967,0.010076086311029298,0.183537124393657,-0.1786814674987749,0.7220397485305106
p232_253,1.5237421989440918,2.3852994441986084,0.9053850587707174,0.9442903595875469,2.732048498965433,3.6521369283527982,2.9618083935974293,3.1456294825167586,3.4871268513836884,3.907077616367741,0.8615572452545166,0.038905300816829524,0.4135809835513258,-0.16501007696910985,0.9452692227703117
p232_254,1.2954868078231812,2.4488649368286133,0.9023637869954955,0.9309564545904481,2.687329953783581,3.4893284115870573,3.046138257469492,3.1399888273609244,3.4576536588350804,3.945719689997563,1.1533781290054321,0.028592667594952603,0.45265887357734336,-0.03167475275197695,0.8995814325280711
p232_255,3.0681400299072266,3.6513845920562744,0.9721663230582571,0.9911940242868121,3.1049627794543824,3.5878928290255745,3.708333415559591,3.1957483974859864,3.452218441280322,4.097480421969361,0.5832445621490479,0.019027701228555016,0.09078561803160401,-0.13567438774525264,0.38914700640976996
p232_256,2.8858702182769775,3.5785350799560547,0.9564739781472607,0.9672195744838636,3.0929890853144264,3.6434832387902314,3.604161757593257,3.293637827721376,3.570934230992023,4.065494195741774,0.6926648616790771,0.010745596336602992,0.2006487424069494,-0.07254900779820828,0.4613324381485171
p232_257,2.3383877277374268,2.9507923126220703,0.9969738313106261,0.9965396972511362,3.1173770796304883,3.659823152251081,3.612715073955583,3.272772431824231,3.5240650186775246,4.152895653927441,0.6124045848846436,-0.0004341340594898879,0.15539535219374256,-0.13575813357355626,0.540180579971858
p232_258,1.7144532203674316,2.794189453125,0.9485035219921885,0.9710856632594629,2.618469589450074,3.4324314414372044,3.0710568930131856,3.114031185488159,3.5305871869318057,3.799642337350023,1.0797362327575684,0.022582141267274425,0.49556159603808503,0.09815574549460138,0.7285854443368374
p232_259,2.554722785949707,3.6065762042999268,0.9875371653550995,0.9930928012319673,3.130248506088399,3.518526359658551,3.795316188818529,3.2087847968608947,3.44674166445008,4.1087632273045065,1.0518534183502197,0.005555635876867804,0.07853629077249558,-0.07178469520847086,0.31344703848597755
p232_260,1.759683609008789,2.638564348220825,0.9833091511167167,0.983066882120026,2.454958277014032,3.5663897060348764,2.526550972528504,3.313875102346848,3.569584676566288,4.135640410575058,0.8788807392120361,-0.00024226899669066437,0.8589168253328157,0.0031949705314118226,1.6090894380465541
p232_261,1.2947889566421509,1.892019510269165,0.8770883171463152,0.9092919434172346,2.060621837510199,3.3859728058927705,1.992485215392185,2.908204719556096,3.235545454552419,3.886767739387525,0.5972305536270142,0.03220362627091944,0.8475828820458973,-0.15042735134035157,1.8942825239953398
p232_263,1.1397619247436523,1.648738145828247,0.785547603121844,0.8773889633952048,2.032175736428679,3.322809122918025,1.9710417170413084,2.7719187367987725,3.165019321516618,3.693654385383,0.5089762210845947,0.09184136027336076,0.7397430003700936,-0.1577898014014072,1.7226126683416918
p232_264,2.7156856060028076,3.4506800174713135,0.9942290960813082,0.994668474105572,3.113319075882751,3.659279690732312,3.597089900439338,3.2042583118094767,3.5318407577479927,3.971578489143525,0.7349944114685059,0.00043937802426385897,0.09093923592672581,-0.1274389329843193,0.37448858870418666
p232_265,1.7888240814208984,2.7434985637664795,0.9428363865660627,0.9575117189470708,2.8881419236668004,3.692577034307581,3.2026144778754007,3.335960291894073,3.6139524703118937,4.066774567770035,0.954674482345581,0.014675332381008044,0.4478183682272725,-0.07862456399568751,0.8641600898946344
p232_266,1.818060040473938,2.8232274055480957,0.9282706206397671,0.9359105700219411,2.947847327218888,3.657565866447744,3.2707209566362585,3.46371033797004,3.6757925923278334,4.183774364290314,1.0051673650741577,0.007639949382174049,0.5158630107511519,0.018226725880089223,0.9130534076540555
p232_267,1.2003730535507202,1.5163676738739014,0.8840415329343598,0.8739534483556362,1.560520632648955,2.3224862869597582,1.6430973110005596,3.119918219050091,3.4374878875178294,3.9391645923382574,0.31599462032318115,-0.010088084578723677,1.5593975864011362,1.1150016005580712,2.296067281337698
p232_268,3.679806709289551,3.8464901447296143,0.9888797519301138,0.9874150433935284,3.193331984983621,3.5256748887063374,3.9497533966004,3.264426569737413,3.607629011162746,3.9501609113133305,0.16668343544006348,-0.001464708536585424,0.07109458475379205,0.08195412245640865,0.00040751471293054564
p232_269,3.132768392562866,3.5645816326141357,0.9880242984785484,0.989965385249893,3.1411248973901684,3.566879104778484,3.7881537695526073,3.339567821215156,3.6440915690046554,4.042271459880594,0.43181324005126953,0.0019410867713445246,0.19844292382498763,0.07721246422617156,0.25411769032798714
p232_270,2.802649974822998,3.4484238624572754,0.9711045916567063,0.9690014395735647,3.15900127043678,3.611421894838786,3.758681737131081,3.22441198579612,3.4931633322607483,4.0609951855703885,0.6457738876342773,-0.0021031520831416017,0.06541071535934018,-0.1182585625780379,0.30231344843930774
p232_271,2.3496689796447754,3.2651002407073975,0.9670072983138266,0.9740979015222017,2.884337248890814,3.4303510337874235,3.5424003686283982,3.3296280018005198,3.608329920734732,4.081913166729945,0.9154312610626221,0.007090603208375068,0.44529075290970566,0.17797888694730846,0.5395127981015464
p232_272,2.8684089183807373,3.5302393436431885,0.9163305016873077,0.9257191339730078,2.9113125312016472,3.5715117562453904,3.386622089673705,3.2028473336869263,3.5851337965038503,3.925245542331607,0.6618304252624512,0.009388632285700083,0.2915348024852791,0.013622040258459922,0.5386234526579021
p232_273,2.135064125061035,2.9628264904022217,0.9519100741421764,0.9676692378027335,2.866661561659108,3.639513894741234,3.1781748666196905,3.231458469380436,3.55630407414086,3.993978158308303,0.8277623653411865,0.015759163660557074,0.364796907721328,-0.08320982060037396,0.8158032916886127
p232_274,1.6639859676361084,2.754826307296753,0.8948894284393794,0.9203722955197309,2.3993603985374787,3.412043667915956,2.5362658513870944,3.217440288282544,3.5040344045920038,4.04155153870829,1.0908403396606445,0.025482867080351523,0.8180798897450652,0.09199073667604774,1.5052856873211953
p232_275,1.3067626953125,2.282052993774414,0.898292229168422,0.9351838743834353,2.3383391395794817,3.483260673301938,2.3984643501725587,3.2451040611183664,3.548839267550201,4.028967825107935,0.9752902984619141,0.03689164521501331,0.9067649215388847,0.0655785942482634,1.630503474935376
p232_276,3.231995105743408,3.5278820991516113,0.9948002857267413,0.9952032365961111,2.9576805508924857,3.6693953842214704,3.351294868430867,3.224554265819503,3.600547262980585,3.86503083366948,0.2958869934082031,0.0004029508693698114,0.2668737149270175,-0.06884812124088535,0.5137359652386131
p232_277,2.335886001586914,2.8499162197113037,0.9495105885139673,0.9617877202788495,3.117358948422895,3.5844292458704463,3.702725476303128,3.341922836035469,3.6191838364303632,4.054204043683208,0.5140302181243896,0.01227713176488221,0.22456388761257395,0.03475459055991692,0.35147856738007954
p232_278,3.225085496902466,3.3934195041656494,0.9865747966558167,0.9875473249295245,3.1516985740508097,3.5578128939327573,3.8679962183204433,3.2335553560417205,3.5648430109549376,3.9690923105878015,0.1683340072631836,0.0009725282737077512,0.08185678199091084,0.00703011702218026,0.10109609226735827
p232_279,1.2334383726119995,1.604112148284912,0.7915634366473453,0.831321925537746,2.0608367485771915,3.235342944604384,2.151009519178924,3.2612049318272263,3.560364450983686,4.049188100567972,0.3706737756729126,0.03975848889040068,1.2003681832500348,0.3250215063793016,1.8981785813890477
p232_280,1.6737174987792969,2.9637770652770996,0.9115394253415539,0.9367207859343102,2.5742667086819666,3.605205767756072,2.663928427646779,3.170266354914637,3.486196918780475,3.957120832151722,1.2900595664978027,0.02518136059275633,0.5959996462326704,-0.11900884897559694,1.2931924045049428
p232_281,1.615173101425171,2.3440990447998047,0.8086831104748035,0.8949265312651071,2.290183295463031,3.409787793201608,2.3944736267883115,3.1671931714927557,3.470010793629128,4.021730703192719,0.7289259433746338,0.08624342079030367,0.8770098760297249,0.060223000427519935,1.6272570764044074
p232_282,2.0556633472442627,3.054051399230957,0.9580152547583141,0.9671723359380856,2.938253047898637,3.6967007818288566,3.2048774020462725,3.254638425150189,3.559433998247175,4.010825123336296,0.9983880519866943,0.009157081179771542,0.31638537725155214,-0.13726678358168165,0.8059477212900239
p232_283,1.2438085079193115,1.551694393157959,0.7623112511293175,0.7876552426468443,1.3633459064218314,2.012016059253876,1.3502407381773154,3.100870658183996,3.4376765410314123,3.9128451561804463,0.30788588523864746,0.025343991517526754,1.7375247517621648,1.4256604817775362,2.562604418003131
p232_284,2.6134755611419678,3.30672025680542,0.9938923692787485,0.9943159576077749,3.0940548850956007,3.708831081588941,3.5413956687792525,3.315789612058215,3.6264287917432574,3.999413288488178,0.6932446956634521,0.0004235883290264475,0.2217347269626142,-0.08240228984568354,0.4580176197089254
p232_285,2.1486105918884277,2.9725840091705322,0.9270809849197287,0.9590817468290492,2.4409238614401763,3.39999117687963,2.751436772831184,2.8819925039253182,3.184295490665868,3.9659529730125542,0.8239734172821045,0.03200076190932055,0.441068642485142,-0.215695686213762,1.2145162001813703
p232_286,1.5705469846725464,2.6329832077026367,0.9109764042350424,0.9404748738004951,2.475931508807671,3.4214829078923,2.7206776854060863,3.081721838505665,3.399660929298846,3.940810587082428,1.0624362230300903,0.029498469565452656,0.6057903296979936,-0.02182197859345436,1.2201329016763416
p232_287,1.3407175540924072,2.014875888824463,0.8904490875190141,0.9174386484788847,2.4232379712463947,3.4316821137236806,2.564222594557794,3.3082470609775307,3.652305050669765,3.976814818750268,0.6741583347320557,0.026989560959870595,0.885009089731136,0.22062293694608437,1.412592224192474
p232_288,3.447331666946411,3.9336977005004883,0.9877457533199074,0.9905328068317197,2.9684763857121053,3.3932959100083218,3.715234149609942,3.166777445393711,3.4764332796358253,4.015963086075648,0.48636603355407715,0.0027870535118122985,0.19830105968160572,0.08313736962750351,0.3007289364657062
p232_289,3.418950080871582,3.9573476314544678,0.9994090453088742,0.9979694850352522,3.3005722311225085,3.621552026719285,4.038428984614975,3.385920877960789,3.6240900179042623,4.119089326255384,0.5383975505828857,-0.0014395602736220203,0.08534864683828047,0.0025379911849774395,0.08066034164040925
p232_290,2.8956620693206787,3.738929271697998,0.995243855215488,0.99775180420724,2.8820370415101864,3.4849602213011166,3.4545995890224512,2.9313281866426606,3.2671270765752545,3.933173299157313,0.8432672023773193,0.002507948991751996,0.049291145132474234,-0.21783314472586213,0.47857371013486194
p232_291,2.200190305709839,3.064567804336548,0.9977534812545181,0.9968657621174198,3.0029730635691654,3.503407027014339,3.699946997005359,3.234711343240092,3.5281269321331266,4.043542034915709,0.864377498626709,-0.0008877191370982862,0.23173827967092642,0.024719905118787633,0.34359503791035007
p232_292,2.7943873405456543,3.7210030555725098,0.9939359187556416,0.9961315560139101,3.135971389888616,3.6478766266923146,3.599129139803619,3.416378233169467,3.667076674728471,4.153152841729782,0.9266157150268555,0.0021956372582685457,0.2804068432808511,0.019200048036156492,0.5540237019261633
p232_293,1.971666693687439,2.7699167728424072,0.9564976830185056,0.9662137612227882,2.69897494188284,3.5504930454073844,2.959355721501025,3.1208766003209147,3.469965830391662,3.8954334290787,0.7982500791549683,0.009716078204282663,0.4219016584380748,-0.08052721501572258,0.9360777075776747
p232_294,1.6970515251159668,2.941516160964966,0.9317127594633899,0.9629901248474539,2.772857552220933,3.563404709810151,3.025977889015261,3.2046395379976693,3.5676100895817977,3.8633957659398144,1.244464635848999,0.031277365384064004,0.4317819857767362,0.004205379771646811,0.8374178769245533
p232_295,1.3354183435440063,2.046567440032959,0.8780885228531303,0.9152976625104418,2.217592648165613,3.270428970293509,2.3401457951448195,2.9109815826738163,3.276018557068596,3.775668267279448,0.7111490964889526,0.03720913965731143,0.6933889345082034,0.005589586775086808,1.4355224721346285
p232_296,2.9812211990356445,3.490159749984741,0.9506107021544592,0.9612390458674198,2.997786216314832,3.650944617934173,3.421914599848852,3.310979634087929,3.630896977303333,4.008436838529076,0.5089385509490967,0.01062834371296062,0.31319341777309706,-0.020047640630840302,0.586522238680224
p232_297,3.2737081050872803,3.668233871459961,0.9414476463864062,0.9498577846896844,3.2764530749485834,3.5990646441734446,4.02729404505733,3.3405161489186117,3.5984922186956707,4.091139164074837,0.39452576637268066,0.008410138303278192,0.0640630739700283,-0.0005724254777739191,0.06384511901750756
p232_298,2.1187500953674316,2.614348888397217,0.9441783552850466,0.9589704398190895,2.586472609631425,3.400361894813521,3.0435943930363165,3.101760018057942,3.454004704823404,4.004266689654174,0.49559879302978516,0.014792084534042904,0.5152874084265169,0.053642810009883135,0.9606722966178576
p232_299,2.4820125102996826,3.033557653427124,0.9065321159543097,0.9367127232699143,3.0024717673328887,3.585311278148667,3.4984054840962067,3.2307971750983766,3.550219910270024,3.961007523443377,0.5515451431274414,0.03018060731560457,0.22832540776548793,-0.03509136787864309,0.46260203934717037
p232_300,2.2618021965026855,2.913853168487549,0.8897621804023989,0.9066444155973642,2.79409683952686,3.6013834306957,3.0757942126940985,3.302476864730984,3.587668163076509,4.0548861883434535,0.6520509719848633,0.016882235194965345,0.508380025204124,-0.013715267619191174,0.979091975649355
p232_301,1.9232370853424072,2.757699966430664,0.9702966980663894,0.9880398003968017,2.801135254321554,3.6214492896619057,3.081310582212432,3.219961295813601,3.502392407192119,4.061228867335714,0.8344628810882568,0.01774310233041232,0.41882604149204683,-0.11905688246978663,0.9799182851232824
p232_302,1.2711613178253174,1.6938676834106445,0.7116490673498156,0.8210364073492792,1.216285563003718,1.3871411108559768,1.143310139628674,3.13107303694294,3.430366976780118,4.006366647044345,0.42270636558532715,0.1093873399994636,1.914787473939222,2.043225865924141,2.863056507415671
p232_303,1.1675071716308594,1.5699522495269775,0.8076947318241318,0.8669767133277697,1.1277424891869072,1.2720724701283177,1.1680321016292563,3.048060521049636,3.3777808152268323,3.927410533264618,0.40244507789611816,0.05928198150363795,1.9203180318627286,2.1057083450985146,2.7593784316353616
p232_305,2.047377824783325,2.3134419918060303,0.9372111925906971,0.9654421945839389,2.539234001852554,3.46048621839347,2.855260632062497,3.217650196849576,3.530651427152743,4.05837738193212,0.2660641670227051,0.0282310019932418,0.678416194997022,0.07016520875927323,1.203116749869623
p232_306,1.570385217666626,2.0658674240112305,0.8573599185055187,0.869232341601668,1.376648618598495,1.883979642827266,1.5112586081088104,2.754316067242283,3.047229724894084,4.015862929066011,0.4954822063446045,0.01187242309614922,1.377667448643788,1.1632500820668181,2.504604320957201
p232_307,1.190855860710144,1.9381821155548096,0.8896758248444303,0.9539773935199162,1.7431134692759056,2.706228819854021,1.7513829758211756,3.0170901418222105,3.3460842057630966,3.9364495847024727,0.7473262548446655,0.06430156867548587,1.2739766725463049,0.6398553859090756,2.1850666088812973
p232_308,1.353307843208313,1.837802767753601,0.7988949618632091,0.8510751558580241,1.6307184779119106,2.742122236200277,1.671341751637556,2.719924414183719,3.0363978721855784,3.933168914258194,0.4844949245452881,0.052180193994814994,1.0892059362718085,0.2942756359853016,2.261827162620638
p232_309,3.6491715908050537,3.900447368621826,0.9821502686879373,0.9833693490284151,3.1804780310258844,3.4974537559342487,4.019367188650939,3.432061300442761,3.670702153869634,4.146508629949857,0.25127577781677246,0.0012190803404777961,0.2515832694168765,0.17324839793538516,0.12714144129891736
p232_310,2.5961802005767822,3.312628984451294,0.9402737160737394,0.9583806726045438,2.85184516061136,3.364518149491601,3.5669544647206197,3.1742243050616734,3.494604051870112,4.0322517688105926,0.7164487838745117,0.018106956530804408,0.32237914445031324,0.1300859023785108,0.46529730408997283
p232_311,2.7605621814727783,3.436678647994995,0.9577508215412491,0.9753873294100537,3.058335862288821,3.4609478912250777,3.8503632555970655,3.0954601200972824,3.455401542359673,3.8896979816497694,0.6761164665222168,0.017636507868804552,0.037124257808461625,-0.005546348865404838,0.03933472605270394
p232_312,2.033060073852539,2.874685525894165,0.9590879678093741,0.9659736201203912,2.643157206686138,3.383931820537028,3.1779910452882465,3.215047458976525,3.5184973313315835,4.014584605679593,0.841625452041626,0.006885652311017121,0.571890252290387,0.13456551079455537,0.8365935603913464
p232_313,2.6741907596588135,3.230257034301758,0.9534331344306153,0.966097627187097,2.877151773620465,3.5867103478013607,3.2571681933746954,3.3063375390832084,3.5880386512662525,4.0596796668479564,0.5560662746429443,0.012664492756481738,0.42918576546274334,0.001328303464891878,0.802511473473261
p232_314,1.6888375282287598,2.379486560821533,0.9233829872677577,0.9565594089563473,2.7505303414654056,3.4735940402807897,3.121593798576271,2.923967762081046,3.2253737760406245,3.9203868856794686,0.6906490325927734,0.033176421688589586,0.17343742061564038,-0.2482202642401652,0.7987930871031974
p232_315,1.9059603214263916,2.992156982421875,0.8638188967198911,0.9177711013256288,2.7251008496604023,3.5293200091682757,3.020825859390886,3.2278450331983475,3.502381132902119,4.095866532766518,1.0861966609954834,0.053952204605737686,0.5027441835379451,-0.026938876266156875,1.0750406733756321
p232_316,1.1448895931243896,1.6525501012802124,0.7607226036255074,0.8329611172767285,2.487677761946089,3.464374552477675,2.6751967792547875,3.1977853442712227,3.459102429148958,4.081997652638115,0.5076605081558228,0.07223851365122114,0.7101075823251337,-0.005272123328717182,1.406800873383328
p232_317,3.282745122909546,3.888936758041382,0.993810735437596,0.9945619970438371,3.183416451130813,3.642163273061647,3.7009628981379983,3.353417015122772,3.621655370748168,4.074110764475244,0.6061916351318359,0.0007512616062410604,0.17000056399195884,-0.02050790231347932,0.37314786633724584
p232_318,2.8254048824310303,3.612327814102173,0.9912129744207819,0.9908279226523977,2.8752673420212607,3.4735143302195453,3.499478495598213,3.070810194740242,3.3727149533649383,4.007390046854331,0.7869229316711426,-0.00038505176838421473,0.1955428527189813,-0.10079937685460694,0.5079115512561181
p232_319,3.0320115089416504,3.7579503059387207,0.9711831043894225,0.9705374258610667,3.12936056779412,3.663879274924664,3.601928561443572,3.3293979938109115,3.6191024505039264,4.058255340039654,0.7259387969970703,-0.0006456785283557309,0.20003742601679164,-0.044776824420737604,0.45632677859608206
p232_320,1.9147875308990479,2.6873466968536377,0.9118480262884762,0.9309391343605358,2.799374448564668,3.3637489002861085,3.4076043009436545,3.23415926024652,3.494763004810567,4.092656343148809,0.7725591659545898,0.019091108072059604,0.434784811681852,0.13101410452445839,0.6850520422051543
p232_321,2.3667969703674316,3.2175133228302,0.9911137723068707,0.9933436569273708,3.1640144784220654,3.658234650407184,3.614012637095532,3.476642267632977,3.6968662945888657,4.191296949222893,0.8507163524627686,0.002229884620500111,0.3126277892109117,0.03863164418168186,0.5772843121273605
p232_322,1.5833730697631836,2.364150285720825,0.9210671032920467,0.9359314896240858,2.5784402792888863,3.432451885214711,2.790085025654274,3.1005487802900595,3.421322065459348,3.969617900893862,0.7807772159576416,0.014864386332039126,0.5221085010011732,-0.011129819755362647,1.179532875239588
p232_323,1.3515375852584839,1.9313130378723145,0.9253695891734869,0.9486460824189439,2.211352029358452,3.408567478941349,2.211282707448901,3.214924692326168,3.5227348410199943,4.021843384529041,0.5797754526138306,0.023276493245456997,1.003572662967716,0.11416736207864542,1.8105606770801401
p232_324,1.2865809202194214,2.0782101154327393,0.8965118235866251,0.9422583930919362,1.698772914053851,2.658240247150998,1.7882356589855763,3.188763744724426,3.513594348813309,3.996759225549602,0.7916291952133179,0.045746569505311085,1.489990830670575,0.8553541016623107,2.2085235665640255
p232_325,2.2490999698638916,2.769685745239258,0.9750375198353404,0.9831630282699224,2.838850595302999,3.463306901333162,3.3562588789147627,3.127166832084471,3.408013998855323,4.052351004075417,0.5205857753753662,0.00812550843458204,0.2883162367814718,-0.055292902477839245,0.6960921251606544
p232_326,1.9580504894256592,2.454896926879883,0.8499071008955716,0.8726806931679534,2.5738070236254065,3.578602316965379,2.654878296771775,3.2218450304794546,3.5364284331796108,3.991309690899695,0.49684643745422363,0.022773592272381737,0.6480380068540481,-0.04217388378576814,1.3364313941279202
p232_327,1.5833483934402466,2.5897021293640137,0.9586087573617452,0.9785910266723385,2.7666311324587483,3.591122146906572,3.057090669449632,3.230444752190238,3.590118423591154,3.896915106706315,1.006353735923767,0.019982269310593326,0.4638136197314897,-0.0010037233154180925,0.839824437256683
p232_328,1.2238471508026123,1.8990354537963867,0.8356358985573817,0.8484736682176269,1.250598378468667,1.7077025924475888,1.31745217751385,3.0058720704717508,3.2848608305832885,3.9472518498787705,0.6751883029937744,0.01283776966024519,1.7552736920030838,1.5771582381356997,2.6297996723649204
p232_329,3.224350690841675,3.813585042953491,0.9995520651670887,0.9989785998619637,3.046543452166501,3.3923130044072884,3.889206538761508,3.071230354463296,3.3472321823728293,4.025055084682321,0.5892343521118164,-0.0005734653051250316,0.024686902296795044,-0.04508082203445918,0.13584854592081275
p232_330,2.653493881225586,3.1828088760375977,0.9750822535488815,0.9812177404889547,2.985554859015436,3.3388845920129087,3.911850323999115,3.060425709228156,3.3609045233275987,4.010459011748026,0.5293149948120117,0.006135486940073265,0.07487085021272,0.022019931314690044,0.09860868774891074
p232_331,2.976388931274414,3.8647775650024414,0.9808528497409077,0.9844553308932569,2.6300756614469303,3.290967998219191,3.239955257580698,3.039942851373328,3.3288637362667206,4.0308600730841855,0.8883886337280273,0.0036024811523491795,0.4098671899263979,0.03789573804752955,0.7909048155034877
p232_332,2.259061813354492,3.1123106479644775,0.9965541785580757,0.9939767863312677,2.8494482537452965,3.4632603137491857,3.379445989261552,3.005584704884126,3.3604835556270074,3.864889246227284,0.8532488346099854,-0.002577392226807973,0.15613645113882946,-0.10277675812217835,0.4854432569657323
p232_333,2.8248093128204346,3.4998092651367188,0.9169722280400114,0.9350134001794417,2.7241007667539634,3.418744251798115,3.19110354664854,3.233586597660807,3.531079467577205,3.9980872950258735,0.6749999523162842,0.01804117213943024,0.5094858309068435,0.11233521577909,0.8069837483773337
p232_334,2.1117215156555176,3.4326705932617188,0.978927483754044,0.9897341368288909,2.8146570151988506,3.5798700409702664,3.115391201076708,3.08833443253172,3.466722195720217,3.880707229156877,1.3209490776062012,0.01080665307484685,0.2736774173328693,-0.11314784525004962,0.7653160280801692
p232_335,1.396935224533081,2.090425729751587,0.9045940450967522,0.925316041899226,2.6599209627778224,3.607784661537138,2.8526696285399376,3.140816879201384,3.529027429745638,3.840670239931262,0.6934905052185059,0.020721996802473774,0.4808959164235618,-0.07875723179150018,0.9880006113913247
p232_336,1.2926905155181885,1.9182965755462646,0.8762978737720212,0.9049610749567405,2.586407272310569,3.437228319176258,2.932197192005308,2.7386679475808657,3.128084963516846,3.719050317895784,0.6256060600280762,0.028663201184719322,0.15226067527029663,-0.30914335565941187,0.7868531258904761
p232_337,3.4163827896118164,3.672759771347046,0.9971887274043253,0.9966833078501269,3.130416383347969,3.645397844986961,3.639655917973688,3.3283774371221435,3.65393589519658,3.999803381495543,0.2563769817352295,-0.0005054195541983608,0.19796105377417472,0.008538050209619286,0.3601474635218551
p232_338,2.4965124130249023,3.4442384243011475,0.9933935074287776,0.9961562668380446,3.086412814485543,3.48045690140945,3.8964185123069273,3.431697885609596,3.65217388640894,4.192051314465652,0.9477260112762451,0.002762759409266957,0.34528507112405293,0.17171698499948995,0.2956328021587247
p232_339,3.036977529525757,3.5666744709014893,0.9970054497646322,0.9980133195456303,2.948972059643014,3.392770189381306,3.753558077602738,3.097141151627289,3.4125151023294293,4.012397801685672,0.5296969413757324,0.001007869780998094,0.14816909198427508,0.019744912948123527,0.25883972408293365
p232_340,1.9683334827423096,2.288184881210327,0.9544039018137711,0.9612018997374514,2.688142139888744,3.321986696531241,3.3446714149204277,2.727353707242899,3.0500182869472163,3.8842353387430126,0.3198513984680176,0.006797997923680299,0.03921156735415465,-0.2719684095840247,0.5395639238225849
p232_341,1.766688346862793,2.54797101020813,0.9389408186799991,0.974143745318423,2.8075368802538194,3.5141086141091704,3.256135171258949,3.037689368185506,3.305710938874436,4.055119031139456,0.7812826633453369,0.03520292663842384,0.23015248793168652,-0.20839767523473451,0.798983859880507
p232_342,1.2973923683166504,1.600843906402588,0.889489751386202,0.9015017420732192,2.289464785388076,3.437509977315512,2.215651677144,2.919828428511769,3.436432376639787,3.510025421408922,0.3034515380859375,0.012011990687017193,0.630363643123693,-0.0010776006757251544,1.2943737442649224
p232_343,1.295823574066162,1.8714063167572021,0.8771548921333066,0.9235587450174495,2.322334168674074,3.4874199154616554,2.3196592834907173,3.4374425907324277,3.6803443734464634,4.150831595458052,0.57558274269104,0.04640385288414295,1.1151084220583538,0.19292445798480795,1.8311723119673347
p232_344,1.1913036108016968,1.8819069862365723,0.793028866259982,0.9075109801565964,1.3319804430585198,1.8659403820874128,1.4115872060245995,3.1363962464146287,3.4377810587804967,4.042652028557455,0.6906033754348755,0.11448211389661433,1.8044158033561088,1.571840676693084,2.631064822532856
p232_346,2.6682660579681396,3.388651132583618,0.9524905273378492,0.9648409249500058,3.043587565764725,3.5787148814683056,3.5520956129238512,3.284314518591412,3.567166822342252,4.0882710451454,0.7203850746154785,0.012350397612156616,0.24072695282668732,-0.011548059126053722,0.5361754322215488
p232_347,1.9211077690124512,2.9602034091949463,0.9869855798635416,0.9905540918602842,2.791644785901131,3.5623956862455928,3.184654530456552,2.986632869041176,3.327025647684328,3.902345036951655,1.0390956401824951,0.003568511996742574,0.194988083140045,-0.23537003856126493,0.7176905064951029
p232_348,1.456662893295288,1.9809730052947998,0.9201917357013504,0.932039216636174,2.2286653535534717,3.3970381906500378,2.2197166760216325,3.1566612187137544,3.4615384050254963,4.0360856805245,0.5243101119995117,0.011847480934823573,0.9279958651602827,0.0645002143754585,1.8163690045028673
p232_349,1.2733737230300903,2.199899673461914,0.9135586230233707,0.9431311868269028,2.5642670789825504,3.4878276711821026,2.748258275876573,3.1652613714396183,3.4760145586902267,3.997601042241622,0.9265259504318237,0.029572563803532126,0.6009942924570679,-0.011813112491875888,1.2493427663650492
p232_350,4.307923316955566,4.195067405700684,0.9914664940154169,0.985823359115618,3.076107529875667,3.3618476922260667,4.025587604273706,3.2502831659579483,3.5028657256654525,4.112014345672723,-0.11285591125488281,-0.005643134899798841,0.17417563608228148,0.1410180334393858,0.0864267413990163
p232_351,3.208263874053955,3.6044390201568604,0.9735061258018173,0.9705281594657293,3.06350197780622,3.462564823889561,3.811901962819833,3.1979811790058488,3.476957888380237,4.026878975038188,0.3961751461029053,-0.002977966336087934,0.13447920119962875,0.01439306449067601,0.21497701221835497
p232_352,2.773339033126831,3.4319958686828613,0.9868721472924096,0.9952465321994212,3.060223999342824,3.602411101069483,3.659405675641986,3.1230836504070667,3.4802752069206853,3.905213424032992,0.6586568355560303,0.00837438490701159,0.06285965106424252,-0.12213589414879777,0.24580774839100616
p232_353,2.239328145980835,3.0399084091186523,0.9924087929087673,0.9946441174751682,2.896743496903761,3.4769440644516667,3.469990111402445,3.0712732016610955,3.40016592042188,3.929075119050625,0.8005802631378174,0.0022353245664009647,0.17452970475733443,-0.07677814402978678,0.45908500764817983
p232_354,2.7868151664733887,3.5237925052642822,0.8685426527603808,0.8891927175131242,2.7321374627732404,3.541400571081236,3.100211323621825,3.071269209757649,3.3883363812612965,3.9839351726481578,0.7369773387908936,0.020650064752743447,0.3391317469844086,-0.1530641898199394,0.8837238490263326
p232_355,2.049862861633301,3.0014090538024902,0.9800230567447547,0.980625661848707,2.8120523924731398,3.681026766514229,2.9945616512691284,3.477118732373851,3.714592523743344,4.156655813622461,0.9515461921691895,0.0006026051039523805,0.6650663399007111,0.03356575722911481,1.1620941623533323
p232_356,1.53843092918396,2.30825138092041,0.9379032981849034,0.9510032798272773,2.830260660793823,3.659639596804431,3.057756145016,3.1559728008952623,3.4662112534615366,3.974031420965274,0.7698204517364502,0.013099981642373915,0.3257121401014391,-0.1934283433428945,0.9162752759492738
p232_357,1.5507137775421143,3.0777361392974854,0.9576482824552375,0.9735970352331188,2.6736845529890525,3.4599198797715145,3.015408786256811,3.395248175388366,3.671667955347608,4.123660234918276,1.527022361755371,0.015948752777881325,0.7215636223993136,0.21174807557609343,1.108251448661465
p232_358,2.951568603515625,3.318850517272949,0.9070361850784505,0.9191492271010108,3.2103483138304885,3.5336116300537146,3.984585854831999,3.209088616054185,3.4864203035697043,4.068315213000946,0.3672819137573242,0.01211304202256025,-0.0012596977763035255,-0.047191326484010254,0.08372935816894689
p232_359,3.1729607582092285,3.510383129119873,0.88561622407396,0.9280957377785612,3.123154706164464,3.5636480434727718,3.8025749154955855,3.369694553478091,3.61953973226612,4.133635206815054,0.33742237091064453,0.042479513704601235,0.2465398473136271,0.05589168879334805,0.33106029131946846
p232_360,1.9003918170928955,2.7529168128967285,0.9316281431528247,0.9536108283374655,2.6966157386022287,3.5241133596519525,2.9769946313939597,3.2100551061451514,3.5145620401204574,3.9982549036140913,0.852524995803833,0.02198268518464075,0.5134393675429227,-0.009551319531495128,1.0212602722201316
p232_361,2.6345319747924805,3.27508282661438,0.9974530756403898,0.9965253165174928,3.1518683786837376,3.6066764791050896,3.848047494485506,3.4163883320522106,3.64924251006968,4.157890673168253,0.6405508518218994,-0.0009277591228969984,0.264519953368473,0.04256603096459033,0.3098431786827467
p232_362,2.0069632530212402,3.062290668487549,0.9904656150415715,0.9921420442441675,3.0347293054980518,3.6095190164676687,3.500512173782496,3.3315180606021078,3.6278926349863294,4.061175905228054,1.0553274154663086,0.0016764292025960303,0.296788755104056,0.018373618518660706,0.5606637314455578
p232_363,1.8967018127441406,2.8468754291534424,0.972313497391526,0.979181216365112,2.8929350529056133,3.6710563315454734,3.127203245310689,3.267424109811677,3.565824862674086,4.019395763952748,0.9501736164093018,0.006867718973586068,0.37448905690606393,-0.10523146887138735,0.8921925186420587
p232_364,1.5705947875976562,2.598388195037842,0.9701917165233978,0.9620275588701467,2.261433327316808,3.3217165679549905,2.4289034836503847,3.024002971777481,3.351360510535143,3.9375640710537976,1.0277934074401855,-0.00816415765325107,0.7625696444606729,0.029643942580152682,1.508660587403413
p232_365,1.4565025568008423,2.1499428749084473,0.860377358088952,0.8784919981142517,2.149504678243211,3.158387115761605,2.361891256283291,2.9598705237338456,3.388673593260625,3.736304532773272,0.693440318107605,0.018114640025299722,0.8103658454906348,0.23028647749901987,1.3744132764899808
p232_366,2.2673563957214355,3.1620125770568848,0.9918500382071098,0.9937097610700909,2.762143468980004,3.458009099225213,3.298332812773036,3.265759676003765,3.5077474623665843,4.1104387085180125,0.8946561813354492,0.0018597228629810836,0.5036162070237609,0.049738363141371256,0.8121058957449767
p232_367,1.8503665924072266,3.027757406234741,0.8788986223118375,0.8885207546511835,2.7224761307129786,3.554053523504939,3.122203196515842,3.052693181960571,3.4153669748367053,3.8855355825902143,1.1773908138275146,0.009622132339346057,0.3302170512475926,-0.13868654866823382,0.7633323860743721
p232_368,2.0140085220336914,2.7973594665527344,0.888181660129141,0.9035427998860376,2.5623794689332016,3.4313388485568708,2.8318026829087954,2.9715166925425422,3.291396686936212,3.954052098325268,0.783350944519043,0.015361139756896569,0.4091372236093407,-0.13994216162065864,1.1222494154164724
p232_369,1.3231714963912964,2.438319444656372,0.9444481646405923,0.9674659465806201,2.3018112930579635,3.205503375606289,2.576459647539377,3.2718084288428413,3.5375048359461108,4.071168754625167,1.1151479482650757,0.023017781940027793,0.9699971357848778,0.3320014603398218,1.4947091070857899
p232_370,3.0171890258789062,3.6126315593719482,0.9751400741860963,0.9802062329086678,2.779890506428567,3.128355678324924,3.8442170938222624,3.0468313549470483,3.3787861865591817,3.979516295301075,0.595442533493042,0.005066158722571545,0.2669408485184812,0.25043050823425794,0.13529920147881258
p232_371,2.7685461044311523,3.4410243034362793,0.9987286948446708,0.9983588635160235,3.0499603582585686,3.423841004274405,3.823019435874192,3.1498293189229583,3.4432376575322605,4.031272360663915,0.672478199005127,-0.0003698313286472077,0.09986896066438966,0.019396653257855334,0.20825292478972335
p232_372,2.166707992553711,2.692263603210449,0.9240332547597414,0.9192929221296929,2.795266816843568,3.3888810674243803,3.380821683966504,3.260699036625592,3.5380479921708967,4.056130764328718,0.5255556106567383,-0.004740332630048472,0.465432219782024,0.14916692474651638,0.6753090803622142
p232_373,2.634941577911377,3.6447746753692627,0.9969177362829327,0.9946241317632665,2.932766903630508,3.5204481559903456,3.4732542972375757,3.292161728187415,3.583787818656617,4.0347480427831774,1.0098330974578857,-0.0022936045196662036,0.35939482455690674,0.06333966266627167,0.5614937455456017
p232_374,2.30532169342041,3.615211248397827,0.9864852182538267,0.9915258141091788,3.022032806816803,3.71929245273188,3.359406845310506,3.442198743104244,3.676512788324258,4.150092422230692,1.309889554977417,0.0050405958553521035,0.4201659362874408,-0.04277966440762171,0.7906855769201862
p232_375,2.15750789642334,2.945427179336548,0.9867127410730516,0.9893795822661441,2.977708171269899,3.683777427540184,3.289430281324063,3.298790570565369,3.589252987194638,4.008482045046439,0.787919282913208,0.002666841193092462,0.3210823992954701,-0.09452444034554564,0.7190517637223763
p232_377,1.8992695808410645,2.745438814163208,0.9754360968140332,0.9850884586152149,2.727988213496832,3.482638296561528,3.1945365660356235,2.925852719873002,3.361786390594768,3.696110294531119,0.8461692333221436,0.009652361801181675,0.19786450637616992,-0.12085190596675988,0.5015737284954955
p232_378,1.3620634078979492,2.185002565383911,0.9541523806085213,0.966926352873423,2.4334971258287634,3.344367084645026,2.7471901241452263,3.234510977804837,3.5379239025304576,4.015120590234663,0.8229391574859619,0.012773972264901734,0.8010138519760734,0.19355681788543144,1.267930466089437
p232_379,3.0698111057281494,3.473721981048584,0.9804956266257674,0.9828208214074289,3.058216870400426,3.6298131284217705,3.510610934542824,3.370195078584907,3.656939908601112,4.06031833448549,0.40391087532043457,0.002325194781661488,0.3119782081844811,0.02712678017934156,0.5497073999426658
p232_380,2.2611083984375,3.02272367477417,0.9770401767597252,0.9803883755615541,3.190612852081655,3.708715337317872,3.639424980234361,3.4331048472278987,3.700475146582161,4.099369296659093,0.7616152763366699,0.0033481988018289055,0.24249199514624387,-0.008240190735711028,0.4599443164247323
p232_381,2.213405132293701,2.943338394165039,0.9482458538774752,0.9474402645985389,2.9397248657732256,3.610343407631576,3.398101616038097,3.2907947661647508,3.589991104231077,4.019564203531249,0.7299332618713379,-0.0008055892789362584,0.3510699003915252,-0.020352303400498872,0.6214625874931516
p232_382,3.0272984504699707,3.4836158752441406,0.9234431967974306,0.9472936112663864,3.00085090932232,3.521293386247004,3.641730542162703,3.125371268434801,3.4581689407148986,3.9461216814348554,0.4563174247741699,0.02385041446895586,0.12452035911248105,-0.06312444553210561,0.30439113927215233
p232_383,1.8015928268432617,2.9833154678344727,0.9896115595447219,0.9922457226185815,2.934326497438156,3.688825085034464,3.268457905338339,3.37896437009568,3.6460276605378352,4.132037540861619,1.181722640991211,0.0026341630738595523,0.4446378726575242,-0.04279742449662871,0.8635796355232799
p232_384,1.8543469905853271,2.249051332473755,0.8551066151580774,0.8303936866347903,2.493875589516427,3.4473500856467703,2.7891000090727744,2.8322669464771955,3.325526636209097,3.5633617879745407,0.39470434188842773,-0.024712928523287103,0.3383913569607686,-0.12182344943767331,0.7742617789017663
p232_385,1.6735219955444336,2.426453113555908,0.8784662127656852,0.9251018410269192,2.655699028567309,3.565502793981704,2.8902179799964194,3.3714514544946304,3.6660043135343567,4.008469326016197,0.7529311180114746,0.04663562826123402,0.7157524259273211,0.10050151955265285,1.1182513460197776
p232_386,1.2111756801605225,1.460347294807434,0.7414471428242988,0.7776836956714942,1.237912800145828,1.546104489224677,1.224342004035251,2.9675659262748937,3.297528384527253,3.859641127920912,0.24917161464691162,0.0362365528471954,1.7296531261290657,1.751423895302576,2.6352991238856607
p232_387,2.6064324378967285,3.3695461750030518,0.9842624873279844,0.9866800824291708,3.0489110811971774,3.693569282871662,3.443856617058961,3.3110978244336438,3.5705496339971634,4.107434596660937,0.7631137371063232,0.0024175951011864427,0.2621867432364664,-0.12301964887449879,0.6635779796019761
p232_388,1.484804391860962,2.1435506343841553,0.8372866256963323,0.8995228011014285,1.518645802349693,2.3695457099037114,1.5871386121809807,3.0460986557260603,3.3734520131868933,3.953080076785488,0.6587462425231934,0.062236175405096184,1.5274528533763674,1.0039063032831819,2.365941464604507
p232_389,1.258253812789917,1.82527494430542,0.9241112170768753,0.8992137811618466,2.7139399965917206,3.4964428329585706,3.138571542261274,3.0910242040232814,3.3990223015044814,4.003464823956366,0.5670211315155029,-0.024897435915028687,0.3770842074315608,-0.09742053145408924,0.8648932816950925
p232_390,1.3160467147827148,2.0443899631500244,0.8906546409993104,0.9186949619614682,2.038793379798121,2.778563451474762,2.190801218274937,2.692772409722549,3.0977819471091523,3.7326108342224176,0.7283432483673096,0.028040320962157805,0.6539790299244279,0.3192184956343902,1.5418096159474808
p232_391,3.533252239227295,4.033236503601074,0.9921258180439925,0.992392953582866,2.94922682452925,3.304344707742481,3.850550574317404,3.0375392918320103,3.396317283062332,3.901623198942212,0.4999842643737793,0.0002671355388735863,0.08831246730276021,0.09197257531985104,0.05107262462480788
p232_392,3.461238384246826,3.603079319000244,0.9676149241664215,0.9717959571265131,3.118339426452792,3.5430921370403734,3.828673153081049,3.2152168373903858,3.525596889885968,4.028433080323782,0.14184093475341797,0.004181032960091646,0.09687741093759383,-0.017495247154405202,0.19975992724273306
p232_393,2.8665337562561035,3.5467875003814697,0.9989327598039196,0.9981798196330792,3.174925167034477,3.5040414465063034,3.978106189477903,3.2865113651296705,3.56216896158484,4.078038924279365,0.6802537441253662,-0.0007529401708403771,0.11158619809519355,0.05812751507853653,0.09993273480146225
p232_394,2.3222134113311768,3.0387141704559326,0.9971687989767688,0.9954965874306851,2.971818334887391,3.5736634812939543,3.443856609010464,3.281522767202305,3.610970638123364,3.973194086245047,0.7165007591247559,-0.0016722115460836573,0.30970443231491407,0.03730715682940966,0.5293374772345829
p232_396,2.168114185333252,2.7295894622802734,0.9499010166918977,0.952487149225779,2.945759785926861,3.5915241939331586,3.399587224353053,3.199816243052569,3.4947553984917,4.023771602322574,0.5614752769470215,0.0025861325338812913,0.2540564571257078,-0.09676879544145844,0.6241843779695211
p232_397,2.4970993995666504,3.315433979034424,0.99666337229278,0.9949573090575181,3.054818143130792,3.634689092880549,3.485307969728788,3.163570446555481,3.425614926803727,4.045843979197435,0.8183345794677734,-0.001706063235261901,0.10875230342468889,-0.20907416607682183,0.5605360094686467
p232_398,1.7317612171173096,2.7396392822265625,0.9591499341307584,0.9773648394304744,2.70033163806138,3.577881437471364,2.894058213222973,3.1970202294112946,3.542375318063755,3.91811141044088,1.007878065109253,0.018214905299715922,0.4966885913499146,-0.03550611940760895,1.0240531972179072
p232_399,1.3595049381256104,2.308048963546753,0.8811328448513465,0.9049090758062676,2.567649195075267,3.473079197461321,2.8002007565038647,3.0105966117365384,3.344777736475631,3.943523158586998,0.9485440254211426,0.023776230954921096,0.44294741666127146,-0.12830146098569006,1.1433224020831334
p232_400,3.140673875808716,4.002042770385742,0.9995959387729918,0.9988071456195596,2.9144234382473715,3.2307481525024384,3.918213656312116,3.04411412505075,3.303065588002685,4.043709777256213,0.8613688945770264,-0.0007887931534321657,0.1296906868033787,0.0723174355002465,0.125496120944097
p232_402,1.868096113204956,3.078261375427246,0.9537416349305788,0.9744131535515095,2.564142571592908,3.370221503004424,2.9915164935645526,2.9935593617212013,3.389064911286011,3.845444136493298,1.21016526222229,0.02067151862093064,0.42941679012829326,0.01884340828158715,0.8539276429287455
p232_403,1.375624179840088,1.8974440097808838,0.9370195173435625,0.9458279671143262,3.203778402046919,3.6873439606800544,3.696750377426444,3.3998876344681883,3.722860666923153,3.970656322504128,0.5218198299407959,0.008808449770763671,0.1961092324212692,0.03551670624309855,0.27390594507768373
p232_404,2.251978635787964,3.151256799697876,0.981643048044333,0.9927354289832532,2.8614600173653764,3.420273964075209,3.47884751033016,2.904638229865109,3.181847289598655,4.004189373202556,0.8992781639099121,0.011092380938920177,0.04317821249973264,-0.23842667447655375,0.5253418628723963
p232_405,1.8824083805084229,3.2721645832061768,0.9660888313810597,0.9743684477735404,2.944284890329987,3.574117252223258,3.466286047196999,3.4370744549567007,3.6702823106940503,4.1737732732967405,1.389756202697754,0.008279616392480649,0.4927895646267135,0.09616505847079226,0.7074872260997416
p232_407,1.222794771194458,1.8374912738800049,0.7523707745238521,0.7897056620859536,1.2825652961018985,1.7613324269234665,1.4461005484700369,2.870018743142656,3.2602236063315617,3.823059441381316,0.6146965026855469,0.03733488756210146,1.5874534470407573,1.4988911794080952,2.3769588929112793
p232_409,1.2863763570785522,2.010767698287964,0.8780168139134837,0.9192752602442211,2.455594404354436,3.5171212027840184,2.5779651203290315,3.175443287080187,3.515623365198549,3.9625437332924975,0.7243913412094116,0.041258446330737386,0.719848882725751,-0.001497837585469508,1.384578612963466
p232_410,2.067282199859619,2.8871304988861084,0.9489740455067555,0.942934770563821,2.907463952377327,3.527158816938519,3.37390911063633,3.3951861284083424,3.661188347547293,4.112823654620695,0.8198482990264893,-0.006039274942934436,0.4877221760310153,0.13402953060877376,0.738914543984365
p232_411,2.8397700786590576,3.4068992137908936,0.9719841661155499,0.9751116702255382,2.9935764412500805,3.3386197624389644,3.91882625630375,3.1688088449536163,3.4551626758501413,4.06047426377767,0.5671291351318359,0.0031275041099882994,0.17523240370353577,0.11654291341117684,0.14164800747392015
p232_412,1.7910966873168945,2.809445858001709,0.938899083649736,0.9596458267043055,2.8685626817607983,3.622231455723555,3.194865020125514,3.3244979323520445,3.623393798081737,4.064495995060576,1.0183491706848145,0.020746743054569583,0.4559352505912462,0.0011623423581816894,0.8696309749350619
p232_413,3.1910548210144043,3.4750969409942627,0.999407717377019,0.9978649026684239,2.982913187757245,3.362282848399451,3.8597111050053687,3.2413236240900445,3.514273436492555,4.08736180185756,0.2840421199798584,-0.001542814708595075,0.2584104363327997,0.15199058809310406,0.22765069685219164
p232_414,1.424054741859436,2.1566994190216064,0.8577224954213097,0.9237563140851078,2.6242354081606463,3.471844292016152,2.8544688240306653,2.9831650865020447,3.342942634956345,3.871258441359484,0.7326446771621704,0.0660338186637981,0.35892967834139844,-0.12890165705980694,1.016789617328819
p232_415,1.1270420551300049,1.843186616897583,0.8194657758362924,0.8889257511041947,1.7766403665312989,2.8749868304573507,1.806102332246421,2.866832276220723,3.219908545832908,3.85237473183129,0.7161445617675781,0.06945997526790226,1.090191909689424,0.34492171537555727,2.0462723995848693
p257_001,2.762000799179077,3.0267763137817383,0.9766767967451094,0.9715089346980321,3.0803029842742977,3.457700259385585,3.8420770558814783,3.174932774284783,3.4952711885470085,3.9748768583964624,0.26477551460266113,-0.0051678620470773096,0.09462979001048533,0.03757092916142346,0.13279980251498413
p257_002,2.444554090499878,3.400789976119995,0.9882641956564439,0.9804949140732304,2.898806955979376,3.386965252346825,3.557214849562155,3.151888113899952,3.4626823643991,4.003151491547008,0.9562358856201172,-0.007769281583213439,0.25308115792057606,0.0757171120522746,0.4459366419848534
p257_003,1.7722690105438232,2.4748215675354004,0.949896589242825,0.947291202394036,2.746798551733918,3.679194716855777,2.87281425786332,3.242906296400421,3.583779311941438,3.9388218652430353,0.7025525569915771,-0.002605386848789082,0.496107744666503,-0.09541540491433897,1.0660076073797153
p257_004,1.6502768993377686,2.595703363418579,0.9677720940053539,0.9788803510535048,2.617601558541941,3.388398409913413,3.06116288277056,3.1624876415149847,3.488627985935787,3.99788374807639,0.9454264640808105,0.011108257048150882,0.5448860829730435,0.10022957602237392,0.9367208653058299
p257_006,2.1793386936187744,3.084961414337158,0.968361828703712,0.9574727284162308,3.060831527878276,3.6187592264519663,3.565239564057574,3.3148773005542504,3.5897695258193267,4.135889494006166,0.9056227207183838,-0.010889100287481246,0.2540457726759744,-0.028989700632639614,0.5706499299485923
p257_007,1.3866147994995117,2.1623003482818604,0.9181200976119335,0.9289231725066922,2.354528667185828,3.489518149865199,2.3929813741548265,3.052337449583397,3.4429038379744146,3.842004940882223,0.7756855487823486,0.010803074894758735,0.6978087823975687,-0.046614311890784244,1.4490235667273965
p257_008,1.2482411861419678,1.8966338634490967,0.904521287016235,0.9370633010038245,2.234403679032827,3.47346903429352,2.146242426486901,3.0687506451852933,3.449796248032276,3.803580202560096,0.6483926773071289,0.03254201398758949,0.8343469661524661,-0.023672786261244028,1.657337776073195
p257_009,1.0851093530654907,1.37935209274292,0.7984851382158765,0.8526220102656904,1.103969525047468,1.205525089396169,1.1236641736676205,2.907755663643332,3.327993467260939,3.6689479826677833,0.2942427396774292,0.05413687204981388,1.8037861385958642,2.12246837786477,2.545283809000163
p257_010,2.490511655807495,3.243598699569702,0.973130026143938,0.9711247102062406,2.847734283260327,3.385589047951465,3.505721651081533,2.8643326519844905,3.3083490951103083,3.688783408940707,0.753087043762207,-0.0020053159376973717,0.016598368724163315,-0.0772399528411567,0.183061757859174
p257_011,2.6440322399139404,3.442817211151123,0.9860791292383617,0.9897622882482413,3.082931888235939,3.386342392019023,4.002208840409734,3.3797531480909258,3.637701080013845,4.157359366366558,0.7987849712371826,0.0036831590098795886,0.29682125985498686,0.2513586879948222,0.15515052595682377
p257_012,1.5969001054763794,1.8611829280853271,0.9614205702172517,0.9577007082300987,3.141831864126012,3.7466827928447577,3.5081092134112213,3.2886026504140693,3.6893337373647994,3.8728299901870025,0.26428282260894775,-0.003719861987153017,0.1467707862880574,-0.05734905547995828,0.3647207767757812
p257_013,1.1185956001281738,1.5294206142425537,0.8799346272982501,0.8852859405273322,1.1163345379755376,1.346600465171553,1.19963987016483,3.017559515341136,3.4087912440698767,3.7516780423009255,0.4108250141143799,0.005351313229082111,1.9012249773655983,2.062190778898324,2.552038172136095
p257_014,3.3300604820251465,3.827554941177368,0.9943591080759915,0.996360680797501,3.332992036187909,3.6339477003114418,4.047245542659942,3.314879122394572,3.618694902465099,4.0229442598021485,0.4974944591522217,0.0020015727215094703,-0.018112913793336904,-0.015252797846342592,-0.024301282857793538
p257_015,3.384490728378296,3.9852046966552734,0.9960496413981128,0.9949209231121392,3.4572789715441523,3.6966161781955833,4.156036411247801,3.3673516270335457,3.628651475187469,4.122445435071388,0.6007139682769775,-0.0011287182859736067,-0.08992734451060658,-0.0679647030081143,-0.03359097617641371
p257_016,2.3084867000579834,3.2159290313720703,0.9886042968569969,0.9886830649498404,3.1264901741245272,3.4770283823409907,3.98210025585966,3.1604416290773174,3.474290449404814,4.029907567071717,0.9074423313140869,7.876809284346198e-05,0.03395145495279017,-0.0027379329361765237,0.04780731121205717
p257_017,1.5393197536468506,2.4827919006347656,0.9697296152720837,0.9715356920920831,2.9394107151420323,3.44365002867118,3.5520722209318216,3.306270386874453,3.6039027782676376,4.066326580989561,0.943472146987915,0.001806076819999447,0.3668596717324206,0.16025274959645763,0.514254360057739
p257_018,2.789602279663086,3.7150590419769287,0.988373101658643,0.9886350139679512,3.18949213587479,3.604861521810332,3.802481630968544,3.370734262269799,3.6539788220068794,4.110117888561541,0.9254567623138428,0.00026191230930816545,0.1812421263950088,0.049117300196547475,0.30763625759299673
p257_019,1.9818286895751953,3.1080985069274902,0.9829062920057013,0.9864175774967857,3.063582875909584,3.614929653328703,3.5171331549297067,3.3233739014334143,3.599906490735947,4.082733153265522,1.126269817352295,0.0035112854910843705,0.2597910255238305,-0.015023162592756378,0.5655999983358155
p257_020,1.3315598964691162,2.7499067783355713,0.9446174830061721,0.9619258552705354,2.732283593922959,3.5457250895417136,3.0776095426760044,3.299342462482584,3.6004969524582013,4.034984339791375,1.418346881866455,0.017308372264363325,0.567058868559625,0.054771862916487724,0.9573747971153708
p257_022,1.3675518035888672,2.87386155128479,0.9399444550996754,0.9632935991385719,2.8678451119804005,3.624207577386693,3.144553903860469,3.3118121367513096,3.602056433228903,4.055079373612244,1.5063097476959229,0.02334914403889654,0.4439670247709091,-0.022151144157789737,0.9105254697517755
p257_023,3.1190483570098877,3.5177853107452393,0.9951280953898732,0.9943695028017192,3.1738132624707958,3.624725573492514,3.744438750809744,3.271168113099115,3.642657915113143,3.889791708640664,0.39873695373535156,-0.0007585925881540279,0.09735485062831906,0.017932341620628733,0.14535295783092028
p257_024,3.4604477882385254,3.654900074005127,0.9953545071519594,0.9847097928928716,3.264862434752149,3.6555955589051066,3.8901498978000735,3.413837399731762,3.656691513483922,4.15321743129695,0.19445228576660156,-0.01064471425908775,0.14897496497961304,0.0010959545788153946,0.2630675334968764
p257_025,2.6546127796173096,3.0382792949676514,0.9804829563754573,0.9753686001380107,3.0621197404435665,3.482609862719639,3.753651628889874,3.3657854373894005,3.629249976006371,4.110570669432166,0.3836665153503418,-0.0051143562374466045,0.303665696945834,0.1466401132867321,0.35691904054229173
p257_026,1.465701699256897,2.838738203048706,0.923230812696548,0.9530799520172435,3.0242613963384843,3.5443000796130493,3.6670869320450175,2.8905448260299096,3.169314479704382,3.970179396311797,1.373036503791809,0.02984913932069544,-0.13371657030857476,-0.3749855999086673,0.3030924642667796
p257_027,1.3697589635849,2.3065309524536133,0.9770584649627225,0.9805497486859858,2.908854650777755,3.5463934119701044,3.307998884597234,3.1219373533958006,3.4688585244755443,3.92291279256248,0.9367719888687134,0.0034912837232632388,0.21308270261804552,-0.07753488749456006,0.6149139079652457
p257_028,1.613283395767212,1.910997748374939,0.9280454328632999,0.9298161985297807,2.605322371739171,3.4473657252496843,2.89039148060888,3.029464875015666,3.3327970830534626,3.9357135693750047,0.29771435260772705,0.0017707656664808225,0.42414250327649494,-0.11456864219622176,1.0453220887661248
p257_029,1.1596015691757202,2.00630784034729,0.8778933191816413,0.8957820152023119,2.526189640425089,3.60570712727145,2.597108002217548,3.463393013460196,3.672214570228176,4.212113701466224,0.8467062711715698,0.01788869602067067,0.937203373035107,0.06650744295672606,1.6150056992486763
p257_030,1.1696884632110596,1.4589673280715942,0.9198866538179654,0.9392062345271924,2.8269561656387845,3.574934371198604,3.127322027240909,3.4077280167545005,3.679070994101911,4.131274945713376,0.28927886486053467,0.019319580709227013,0.580771851115716,0.10413662290330672,1.0039529184724674
p257_031,2.2531864643096924,2.7188491821289062,0.8548907062644979,0.9038423556426024,2.1122003351553547,2.9112213556951243,2.4830172490684324,2.64507713562028,2.9735502577058703,3.860465856670369,0.46566271781921387,0.04895164937810448,0.5328768004649254,0.062328902010746035,1.3774486076019365
p257_032,1.8064420223236084,2.6512415409088135,0.9605377459607454,0.9659220515629124,2.96748433949919,3.6873274023994376,3.36172217155641,3.2970223612887755,3.602799758348311,4.043390307892866,0.8447995185852051,0.005384305602167072,0.3295380217895856,-0.08452764405112667,0.6816681363364565
p257_033,1.1841062307357788,1.775810718536377,0.9028364567862049,0.9240312261664214,1.4354146166910593,1.937639579668183,1.5580075118892995,2.7077522587341973,3.0792784910042426,3.753548417981816,0.5917044878005981,0.02119476938021647,1.272337642043138,1.1416389113360597,2.195540906092517
p257_034,1.2552106380462646,1.8546488285064697,0.8878279867940676,0.907447087715551,1.830508992151941,2.55062818047422,1.9490776646354329,3.1309239196894527,3.414466093496301,4.077124943955163,0.5994381904602051,0.019619100921483446,1.3004149275375116,0.8638379130220808,2.1280472793197305
p257_035,3.2519288063049316,3.8011929988861084,0.9984557879769667,0.9978058770422737,3.148769079720799,3.495539775104708,3.967646662759794,3.1476501543173514,3.468596004975576,4.014320901859917,0.5492641925811768,-0.00064991093469291,-0.0011189254034476015,-0.02694377012913174,0.04667423910012314
p257_036,1.4143950939178467,3.257666826248169,0.9815872568884443,0.9902159317656514,2.791876484335844,3.1331044553897813,3.8095465225978336,2.742145646595445,3.057773158584351,3.8756837523209553,1.8432717323303223,0.008628674877207088,-0.0497308377403991,-0.07533129680543027,0.06613722972312175
p257_037,1.6369105577468872,2.6943705081939697,0.947079743514117,0.9779498103764415,2.844032564585299,3.339901132085287,3.599707832560457,2.764516038711677,3.1096244866121663,3.836841046861057,1.0574599504470825,0.03087006686232452,-0.0795165258736219,-0.23027664547312066,0.23713321430059997
p257_038,2.080961227416992,2.8526804447174072,0.9809198371685792,0.96614451574094,2.986492482370629,3.5828586700344376,3.487430704027741,3.271610159597427,3.596694016676972,3.980323793181905,0.771719217300415,-0.014775321427639265,0.28511767722679826,0.013835346642534496,0.4928930891541641
p257_039,2.580216884613037,3.5189573764801025,0.9820154293104337,0.9857177313663438,3.199537251024342,3.5595206605050005,3.8948374973070417,3.3397534240980797,3.60455293962556,4.131907353138043,0.9387404918670654,0.003702302055910045,0.14021617307373768,0.045032279120559515,0.2370698558310016
p257_040,1.6318845748901367,3.010833740234375,0.9670620215835611,0.9809382724256804,2.9814621174766147,3.673824441814039,3.3116481836879426,3.299880241750756,3.580062785552089,4.092848456361511,1.3789491653442383,0.013876250842119298,0.31841812427414107,-0.09376165626194988,0.7812002726735687
p257_041,1.1274851560592651,2.670793056488037,0.9041491732410649,0.9339338245025625,2.952061936771566,3.557774746501789,3.4533610319346506,2.9937295277082754,3.321955699779683,3.929842488141852,1.543307900428772,0.02978465126149754,0.04166759093670924,-0.23581904672210596,0.4764814562072015
p257_042,1.0449302196502686,1.6363844871520996,0.7394236686787795,0.7806254418446905,1.816909684206255,2.6121979726464324,2.1272281154434918,2.6418393248774064,3.1391622033375475,3.4373978943885475,0.591454267501831,0.041201773165911004,0.8249296406711513,0.5269642306911151,1.3101697789450557
p257_043,1.806516408920288,2.2209904193878174,0.9723620827243102,0.9715359598601135,2.8370797916549466,3.576259342084198,3.187382390515551,2.920962265239246,3.375123304489688,3.6807713660415113,0.4144740104675293,-0.0008261228641966989,0.08388247358429934,-0.20113603759451015,0.4933889755259604
p257_044,2.652608871459961,3.2410426139831543,0.985198831900536,0.9856201512236791,2.758159995609456,3.3166682885118552,3.5069079453699024,2.972733008636601,3.392179532600913,3.7977459417803545,0.5884337425231934,0.00042131932314304343,0.21457301302714527,0.07551124408905796,0.29083799641045216
p257_045,1.6418639421463013,2.497354030609131,0.9686970282265469,0.9704595067971314,2.730574111524981,3.1593682827312124,3.547642757566098,2.925132638761993,3.2821673090406227,3.791628795846578,0.8554900884628296,0.0017624785705845358,0.19455852723701206,0.12279902630941031,0.24398603828048016
p257_046,2.553356170654297,3.0552000999450684,0.8878382414833775,0.904613393496815,2.868762544890359,3.270345261806812,3.82324136115099,3.0148831215770517,3.340631413506628,3.955961627960146,0.5018439292907715,0.01677515201343749,0.14612057668669287,0.07028615169981611,0.13272026680915605
p257_047,1.2941694259643555,3.329339027404785,0.9551690707853125,0.9679432600207774,3.012910325663884,3.70827705606203,3.3049286327693546,3.381727619658182,3.6370493950096914,4.1350703283339865,2.0351696014404297,0.012774189235464806,0.36881729399429775,-0.07122766105233858,0.8301416955646319
p257_048,1.4155024290084839,2.726625442504883,0.9367159363266282,0.9297454043339706,2.715386120709538,3.4461202743809,3.1505637863334925,3.0529230606948228,3.342709964570121,4.039922697924762,1.311123013496399,-0.006970531992657625,0.3375369399852848,-0.10341030981077903,0.8893589115912697
p257_049,1.2498574256896973,2.4183034896850586,0.9382906745137091,0.932553483616201,2.459132080924891,3.431433203607676,2.7009112444898165,3.135653742629477,3.4717352064338614,3.9654776486489385,1.1684460639953613,-0.0057371908975080155,0.6765216617045859,0.04030200282618557,1.264566404159122
p257_050,1.0308912992477417,1.3750511407852173,0.6391775630780115,0.7350439244284035,1.72383357134048,2.9375749651622414,1.803434371251911,2.6444276125798205,3.025697964300881,3.807385935795552,0.3441598415374756,0.09586636135039195,0.9205940412393405,0.08812299913863963,2.003951564543641
p257_051,2.4494781494140625,3.6138124465942383,0.9919762858332929,0.9949041683659875,3.17341827871948,3.5666486619054147,3.8575557573481096,3.158800744245512,3.443734574067649,4.006325260972485,1.1643342971801758,0.0029278825326946034,-0.01461753447396763,-0.1229140878377657,0.14876950362437524
p257_052,2.151559829711914,2.923203706741333,0.9489181535887431,0.9254808815838301,2.5788221514192897,3.383678180281691,3.0547418431253304,2.8139176889315576,3.1270733974863325,3.9488798234275015,0.771643877029419,-0.023437272004912968,0.23509553751226786,-0.2566047827953586,0.8941379803021712
p257_053,1.0808684825897217,1.4781633615493774,0.893841264951169,0.9174142022022806,2.5568272756303605,3.426629299940784,2.820949656282242,3.237219135678969,3.538160125598803,4.061455363267306,0.39729487895965576,0.023572937251111648,0.6803918600486085,0.11153082565801897,1.2405057069850636
p257_054,1.081942081451416,1.8394806385040283,0.8115293903996961,0.8273148714945896,2.02133712432974,2.990054940101348,2.308984806334584,2.634035473124197,2.989617718388609,3.7263179838439706,0.7575385570526123,0.015785481094893528,0.6126983487944568,-0.0004372217127390776,1.4173331775093865
p257_055,3.463165760040283,3.734487295150757,0.9957787983370501,0.9915443214729419,3.09190385633294,3.4290672061552976,3.9472259127714153,3.123377755346703,3.434194967585901,3.998195637715586,0.27132153511047363,-0.004234476864108161,0.031473899013763074,0.005127761430603339,0.050969724944170736
p257_056,2.724898099899292,3.2082276344299316,0.9752754278147429,0.9859402783208141,2.896431956416976,3.377575307169492,3.650550242155058,2.864067087960483,3.230217654945088,3.845518142244868,0.48332953453063965,0.010664850506071244,-0.03236486845649322,-0.14735765222440378,0.1949679000898099
p257_057,2.3102519512176514,3.5048959255218506,0.9862231452048867,0.9688523455707797,3.167017476023638,3.546397668499608,3.919876612167295,3.275622977593941,3.5586119657448414,4.075181709104136,1.1946439743041992,-0.017370799634107037,0.10860550157030335,0.012214297245233485,0.15530509693684103
p257_058,1.2195587158203125,2.312218189239502,0.9661642927649136,0.9718879061372957,3.0338591458369293,3.6441613017393166,3.519284900103663,3.207406536175913,3.5342529893552115,3.999748099926187,1.0926594734191895,0.005723613372382141,0.17354739033898392,-0.10990831238410514,0.48046319982252417
p257_059,1.742456078529358,3.279714584350586,0.9816118681403377,0.9845750474928958,3.1026083097300243,3.633818478504685,3.5732660769969384,3.366688582312372,3.6291323186208784,4.13450905998845,1.537258505821228,0.0029631793525580763,0.2640802725823477,-0.0046861598838066065,0.5612429829915118
p257_060,1.6762281656265259,2.6565465927124023,0.9314084966178038,0.9107181874246021,3.079751442033717,3.5281753995914094,3.7334485661308943,3.394209924875873,3.642926427984588,4.1746587001155415,0.9803184270858765,-0.020690309193201695,0.3144584828421557,0.11475102839317852,0.44121013398464726
p257_061,1.2678979635238647,2.1795244216918945,0.8731001408601209,0.9057685837746335,1.4665374435606136,2.072769725107576,1.3172724040690371,3.1977631781585933,3.512448976684567,3.970172177252576,0.9116264581680298,0.03266844291451265,1.7312257345979798,1.4396792515769912,2.652899773183539
p257_062,1.1585584878921509,2.2668039798736572,0.8698128231214755,0.9306632508480083,2.577420474205152,3.5483631176741475,2.7385963425038398,3.4085455251667423,3.6800442420171033,4.113387787478647,1.1082454919815063,0.06085042772653282,0.8311250509615902,0.13168112434295587,1.3747914449748073
p257_063,2.0349647998809814,2.4654664993286133,0.9223980045882861,0.9409725123624613,3.039076269196991,3.5130838249852725,3.6278347948391167,3.0865821795556654,3.45913792656849,3.871656132156773,0.43050169944763184,0.01857450777417513,0.04750591035867435,-0.053945898416782434,0.2438213373176561
p257_064,1.2882665395736694,3.095487117767334,0.9519805219314903,0.9319446612825014,2.7557168068954923,3.375947650968677,3.3068081067635924,2.753901589450433,3.121961348143085,3.791118941119701,1.8072205781936646,-0.02003586064898888,-0.0018152174450594138,-0.2539863028255924,0.48431083435610844
p257_065,1.6907216310501099,1.8402830362319946,0.9620991119620316,0.9674912686800605,2.9227229128201397,3.524477485742691,3.49630412460652,3.0709192260200115,3.426309503452027,3.936495450054404,0.14956140518188477,0.005392156718028951,0.1481963131998718,-0.09816798229066404,0.44019132544788375
p257_066,1.4104740619659424,1.9467544555664062,0.9162913172004177,0.9530162727673519,2.707293851102475,3.6084256481445594,2.878873526987913,3.175123658575273,3.5167099802232102,3.960547798818565,0.5362803936004639,0.036724955566934225,0.467829807472798,-0.09171566792134911,1.0816742718306522
p257_067,1.1048504114151,1.7421581745147705,0.9304680848444373,0.9264951828420449,2.559907330829452,3.3612204291521373,2.968349430204808,2.9242380722416628,3.310514060017012,3.792123558332797,0.6373077630996704,-0.00397290200239242,0.36433074141221056,-0.05070636913512505,0.8237741281279889
p257_068,1.6187758445739746,2.706125497817993,0.9352217891629595,0.9527221476555991,3.1224952277720317,3.5708786057189257,3.687110197862412,3.118310946363781,3.425807532139632,3.961261857764864,1.0873496532440186,0.017500358492639645,-0.0041842814082508895,-0.1450710735792935,0.27415165990245205
p257_069,1.1712424755096436,1.5072510242462158,0.7560808403262315,0.8004479034254288,1.924784652010871,3.2528661486332773,1.8972647707750527,2.6580158866513948,3.2979574070123334,3.1562981691948893,0.33600854873657227,0.04436706309919736,0.7332312346405239,0.04509125837905614,1.2590333984198365
p257_070,1.089051365852356,1.1847889423370361,0.6981303990846695,0.766254933750152,1.3022651422869411,1.7262337650042223,1.3033020679398306,2.5281304544677976,3.2113360451592667,2.9873757194621438,0.09573757648468018,0.06812453466548252,1.2258653121808565,1.4851022801550444,1.6840736515223131
p257_071,2.2275121212005615,3.281510591506958,0.9759470823535005,0.9861251698507449,2.922274043905612,3.3874798584892174,3.5763211479016705,3.1171175605803425,3.4056281856953383,4.001157319254451,1.0539984703063965,0.01017808749724447,0.19484351667473065,0.018148327206120918,0.42483617135278084
p257_072,1.46688711643219,2.3132998943328857,0.9144203851836721,0.9058224840766428,3.0593398000598806,3.702067536821884,3.3976243302349247,3.4074053258794827,3.643676219601765,4.153508024340029,0.8464127779006958,-0.008597901107029293,0.34806552581960215,-0.05839131722011892,0.7558836941051044
p257_073,1.3182809352874756,2.456322193145752,0.9290683306193115,0.9279278610576331,2.6793881885435247,3.561384249632845,2.891914789666519,3.3020704689707587,3.590774545510287,4.095505583398603,1.1380412578582764,-0.0011404695616783478,0.6226822804272341,0.029390295877441908,1.2035907937320842
p257_074,1.1675691604614258,1.7868050336837769,0.889839751452795,0.8698488724869196,1.1862119113868146,1.4887044529873332,1.3302459727525884,2.805832786417024,3.157526493306102,3.845541426285859,0.6192358732223511,-0.01999087896587548,1.6196208750302095,1.6688220403187688,2.5152954535332706
p257_075,3.387718677520752,3.6130361557006836,0.9915879885270122,0.9595312078979198,3.17471689745379,3.4661871542351625,4.071071560689487,3.026843138118668,3.3542904428801403,3.915301269603655,0.22531747817993164,-0.03205678062909245,-0.14787375933512203,-0.11189671135502222,-0.15577029108583185
p257_076,2.5896570682525635,3.438854932785034,0.9668392533224083,0.9640865065418542,3.0798506510613906,3.453810795163543,3.949894432298828,2.9239451836223207,3.2419491144186066,3.961079475066337,0.8491978645324707,-0.0027527467805540384,-0.15590546743906986,-0.21186168074493628,0.011185042767509312
p257_077,1.9744285345077515,3.0944342613220215,0.9694760846930244,0.9776589176787603,2.763010695993759,3.396783938652613,3.349091524600772,3.021671356338298,3.399538054166438,3.865064115380293,1.12000572681427,0.008182832985735966,0.25866066034453894,0.002754115513825095,0.515972590779521
p257_078,1.1799275875091553,2.6211318969726562,0.9814357613061213,0.9865626796763516,2.863286358845438,3.3758531034925703,3.5878945402419027,2.969033705298349,3.299662616912625,3.905126148126328,1.441204309463501,0.005126918370230271,0.10574734645291128,-0.0761904865799452,0.3172316078844255
p257_079,1.996215581893921,3.335341215133667,0.9721801076935953,0.9733934327592131,3.3963992048581844,3.761767974712281,3.888289473049942,3.5705392663006803,3.77906351451704,4.2226292744549445,1.339125633239746,0.0012133250656177763,0.17414006144249594,0.017295539804758953,0.3343398014050023
p257_080,1.3467247486114502,3.054457902908325,0.9707588777277701,0.9830450716084274,2.768465927996551,3.512913073441061,3.200568284522054,3.18697958494636,3.4680030135830626,4.043646368766385,1.707733154296875,0.012286193880657215,0.4185136569498087,-0.04491005985799834,0.8430780842443313
p257_081,1.1651206016540527,2.3627066612243652,0.7581287417556108,0.8602356650264421,1.8856349858120252,2.6830915352745106,2.1118230721108926,2.998509828717218,3.332951820445373,3.950022359177344,1.1975860595703125,0.10210692327083126,1.1128748429051927,0.6498602851708624,1.8381992870664514
p257_082,1.1449192762374878,2.4419376850128174,0.8709599305757254,0.9223797628337372,2.3351574036702347,3.343893079215188,2.378915546363388,3.3578763551791333,3.639273729962507,4.110750843297258,1.2970184087753296,0.05141983225801183,1.0227189515088986,0.2953806507473189,1.7318352969338702
p257_083,4.019433498382568,3.9551167488098145,0.9981542294464975,0.9960298668670585,3.004231301964858,3.3574861367732844,3.823910580833858,2.912582487165563,3.2444949946669186,3.832640580184461,-0.0643167495727539,-0.002124362579438932,-0.09164881479929488,-0.11299114210636585,0.008729999350602924
p257_084,2.5441157817840576,3.1769416332244873,0.9838182750382792,0.9866027599517603,3.447676428288536,3.762441734616017,4.053338317725596,3.4317352281050058,3.696326071735503,4.112217443060949,0.6328258514404297,0.0027844849134810445,-0.015941200183530402,-0.06611566288051396,0.05887912533535289
p257_085,1.3937187194824219,2.7668676376342773,0.9560690755631629,0.9298226275390312,3.175015746922456,3.7084551246730286,3.655561059833069,3.390310900380668,3.659711475939636,4.146894073233793,1.3731489181518555,-0.026246448024131674,0.21529515345821215,-0.048743648733392764,0.4913330134007241
p257_086,1.3575470447540283,3.071429967880249,0.9299948763567796,0.9399947956540179,2.674570661279223,3.221903636467022,3.545880402093651,2.931712026263298,3.349956318116489,3.696523343302781,1.7138829231262207,0.009999919297238313,0.2571413649840748,0.12805268164946693,0.1506429412091297
p257_087,1.7006696462631226,1.8842724561691284,0.8758827696095883,0.8396958529559381,2.6907489517483447,3.582068888860704,2.916314878796008,2.903840662086328,3.2970106545448754,3.672810481922908,0.18360280990600586,-0.03618691665365026,0.21309171033798346,-0.2850582343158288,0.7564956031269001
p257_088,1.3162200450897217,2.8227591514587402,0.9470994628483851,0.9533212345104372,2.627649367363494,3.615735495627762,2.750638092437218,3.106027730448438,3.447729066726297,3.882341807342111,1.5065391063690186,0.006221771662052067,0.47837836308494364,-0.16800642890146467,1.1317037149048934
p257_089,1.2366271018981934,2.411797046661377,0.9112272998181794,0.9409369730743834,2.6754486665923896,3.578565746204017,2.9170392707505046,3.240984429297434,3.534915282640096,4.067155411386873,1.1751699447631836,0.029709673256203994,0.5655357627050446,-0.043650463563920994,1.150116140636368
p257_090,1.0546040534973145,1.173872709274292,0.6637461419835644,0.6761807356496473,1.119171386868209,1.3118697717098098,1.1528317962531127,2.504301121045021,3.300118924868689,2.8394461812477547,0.11926865577697754,0.012434593666082905,1.385129734176812,1.9882491531588793,1.686614384994642
p257_091,1.8009182214736938,3.1375021934509277,0.9449005926704612,0.9740315697581261,2.895801838982772,3.437939720145723,3.545587464773241,2.901978780137551,3.2442414174939525,3.937253871582024,1.3365839719772339,0.029130977087664878,0.006176941154778959,-0.19369830265177068,0.39166640680878295
p257_092,1.507749080657959,2.2918858528137207,0.7932837598325917,0.7961126772624354,2.473481656903,3.351413177213179,2.834517739969246,2.8653427357547434,3.2364112447280378,3.815478700090936,0.7841367721557617,0.0028289174298437025,0.39186107885174337,-0.11500193248514146,0.9809609601216902
p257_093,1.1734142303466797,2.372227668762207,0.8565115776710295,0.9352716242956423,2.3620431062187537,3.4199096091697108,2.4791663302921467,2.890602075812432,3.2065736756665237,3.9753451001405256,1.1988134384155273,0.07876004662461278,0.5285589695936781,-0.21333593350318703,1.4961787698483788
p257_094,1.0539495944976807,1.7667763233184814,0.6839239281439444,0.7332924856039444,1.3925295865897884,2.005505102177988,1.425820134359628,3.348709461283816,3.6061712386588742,4.127160351518354,0.7128267288208008,0.04936855746000002,1.9561798746940275,1.600666136480886,2.7013402171587257
p257_095,3.6527302265167236,4.027791500091553,0.9971914582130059,0.9937992194495278,3.3427552481631837,3.611739073809377,4.118628467012048,3.348678550946859,3.607601807519056,4.134061802920135,0.3750612735748291,-0.0033922387634781614,0.005923302783675144,-0.004137266290320962,0.015433335908086931
p257_096,2.6782541275024414,3.704498291015625,0.9316149280157584,0.9543033656909108,3.295011265605393,3.5614327597037208,4.137013035499583,3.330725304638471,3.5741551093933084,4.137004035932346,1.0262441635131836,0.022688437675152384,0.03571403903307813,0.012722349689587631,-8.999567237211181e-06
p257_097,2.2626442909240723,3.504340171813965,0.9709904922146976,0.9810792476343315,3.2206555300512387,3.5911252069119706,3.929319382616291,3.346897873237314,3.5927531144386595,4.15448563134868,1.2416958808898926,0.010088755419633944,0.12624234318607508,0.0016279075266889542,0.2251662487323891
p257_098,1.1348209381103516,1.6881896257400513,0.7703880300557074,0.8400219720264139,2.5454503187936157,3.136493581170158,3.2969369447309207,2.534701550679675,2.8885493677634293,3.764199913620146,0.5533686876296997,0.06963394197070649,-0.010748768113940876,-0.24794421340672868,0.46726296888922514
p257_099,2.621417284011841,3.2945010662078857,0.9804024563410918,0.9828485872087438,3.316780944096941,3.659538350614553,3.9011988441919456,3.378931657972654,3.638320035620749,4.131270573087301,0.6730837821960449,0.0024461308676519966,0.06215071387571269,-0.02121831499380411,0.23007172889535532
p257_100,1.2706053256988525,2.378298044204712,0.8870611048621007,0.8924298808410883,2.6794644915698425,3.394673354979676,3.1410501319601325,2.854151000139404,3.2251358048602627,3.883439738938269,1.1076927185058594,0.005368775978987661,0.17468650856956147,-0.16953755011941318,0.7423896069781364
p257_101,1.29606032371521,1.8756804466247559,0.9242813176921151,0.9524935357444818,2.8507865470797187,3.5663006753316595,3.192709012555515,2.98535397178706,3.3529134816249444,3.8257078635042094,0.5796201229095459,0.028212218052366733,0.1345674247073414,-0.2133871937067151,0.6329988509486943
p257_102,1.0991032123565674,1.857072114944458,0.8549295251817851,0.919703339726156,1.8827660832933888,2.9091852060487478,1.8586757270972247,3.3713319348074413,3.6111744979964016,4.155841072275258,0.7579689025878906,0.06477381454437092,1.4885658515140525,0.7019892919476538,2.2971653451780334
p257_103,2.81669020652771,3.365281581878662,0.9820722161873804,0.9853161301887949,2.96587662961225,3.483147564332949,3.6136090190276526,3.2535127271439364,3.535160955161868,4.107753167637408,0.5485913753509521,0.0032439140014145496,0.2876360975316863,0.05201339082891909,0.4941441486097551
p257_104,3.002605438232422,3.7029354572296143,0.9399530905197865,0.9367072145199277,3.2904549644631063,3.594729688212968,4.112865196027885,3.3456382150483903,3.5947185156207686,4.163341859882467,0.7003300189971924,-0.003245875999858816,0.05518325058528406,-1.1172592199404363e-05,0.050476663854582604
p257_105,1.5360004901885986,2.9232094287872314,0.8977135946756255,0.895197397762689,2.777271219940418,3.248654583680956,3.638275293756392,3.008579143184397,3.3125825989668254,3.9953388201299993,1.3872089385986328,-0.0025161969129364747,0.23130792324397875,0.06392801528586922,0.3570635263736075
p257_106,1.4803320169448853,2.3966896533966064,0.9549921612065452,0.9718171813999079,3.029738115222012,3.646857868301544,3.420364626355952,3.144557013881949,3.5019602740830797,3.853808023563409,0.9163576364517212,0.01682502019336274,0.11481889865993722,-0.14489759421846404,0.4334433972074567
p257_107,1.9723777770996094,2.842895746231079,0.9273596062137943,0.9652224747464426,2.708704989424879,3.493841106178837,2.982242508564099,3.309657468382376,3.5723306706638027,4.113549246252714,0.8705179691314697,0.03786286853264831,0.6009524789574971,0.07848956448496569,1.131306737688615
p257_108,1.0906929969787598,2.3706858158111572,0.9320460240793388,0.9425531639852226,2.6244387406302607,3.3874811471450377,2.989828682764128,2.9631413042024333,3.244314821916757,3.95551241720922,1.2799928188323975,0.010507139905883811,0.33870256357217254,-0.14316632522828066,0.9656837344450921
p257_109,1.3693782091140747,2.116427183151245,0.9561179995958353,0.9358102513270942,2.466636137028017,3.281060977452861,2.8724347673814044,2.972425670417356,3.3022038824346622,3.9016417974345248,0.7470489740371704,-0.020307748268741155,0.505789533389339,0.02114290498180127,1.0292070300531204
p257_110,1.0622185468673706,2.020601272583008,0.7607544361726326,0.8466437132015605,1.517266708447905,2.281621592043784,1.711784806629515,2.902802364155228,3.182842765571044,3.9085047795731978,0.9583827257156372,0.0858892770289279,1.385535655707323,0.9012211735272597,2.196719972943683
p257_111,1.7809808254241943,2.3360612392425537,0.9313194275515666,0.9527620337736272,2.9239222800196067,3.632855754617496,3.232110031749015,3.065952528729136,3.659381836673465,3.46037723125478,0.5550804138183594,0.021442606222060623,0.14203024870952907,0.026526082055968736,0.22826719950576502
p257_112,1.5032354593276978,2.465468406677246,0.930335049606988,0.9630672550223515,2.9407053692258365,3.650407944331064,3.302489338755796,3.3251184692344617,3.625272184841588,4.085011621960234,0.9622329473495483,0.03273220541536348,0.3844131000086253,-0.025135759489475884,0.7825222832044383
p257_113,1.225876808166504,2.6294920444488525,0.8541132683113706,0.9213701684534751,2.648465034270428,3.426043430439655,3.0123117549326883,2.918795812988352,3.2556192728672224,3.899527785090641,1.4036152362823486,0.0672569001421045,0.2703307787179239,-0.17042415757243257,0.8872160301579526
p257_114,1.0565440654754639,1.4369961023330688,0.7603827404821569,0.8159559712117881,1.1851276562552626,1.4773991779408693,1.258635313548307,2.898287293060394,3.257543931627932,3.826276172472888,0.380452036857605,0.05557323072963116,1.7131596368051314,1.780144753687063,2.567640858924581
p257_115,3.0964102745056152,3.7688915729522705,0.9919406232528879,0.9952264215175557,2.963975491143944,3.2681171072261432,3.974966423683108,2.9810917203318463,3.2719408971860604,4.008254798795789,0.6724812984466553,0.003285798264667794,0.01711622918790212,0.0038237899599171676,0.03328837511268068
p257_116,1.7429485321044922,1.9307587146759033,0.9969745720379238,0.9963306783879419,3.3067812206568354,3.564212784486859,4.131907407308287,3.296285801437599,3.561162727282833,4.117083850426462,0.18781018257141113,-0.0006438936499819636,-0.010495419219236357,-0.0030500572040259577,-0.014823556881824906
p257_117,1.9437997341156006,2.685159921646118,0.9724994475910717,0.974958381401023,3.0324648178418405,3.5875006414392288,3.5667807930944093,3.117302744866815,3.478106366554019,3.890360791721424,0.7413601875305176,0.0024589338099513247,0.08483792702497439,-0.1093942748852097,0.3235799986270145
p257_118,1.6231584548950195,3.090665817260742,0.9882934031940552,0.9903062424979594,2.9656362242686294,3.5141367523579925,3.5377953025372504,3.3262338457452487,3.5884742475789357,4.156387255582213,1.4675073623657227,0.002012839303904168,0.36059762147661933,0.07433749522094324,0.6185919530449624
p257_119,2.6901724338531494,2.9891462326049805,0.9285768214927017,0.9272360017530041,2.8938262901655745,3.259080260127,3.785218881060296,2.871921710360302,3.215895423968091,3.81607856198565,0.29897379875183105,-0.001340819739697574,-0.021904579805272384,-0.04318483615890889,0.030859680925354294
p257_120,1.119508147239685,1.5808087587356567,0.8700514733704459,0.8990716446987445,2.832444835538072,3.635867694958065,3.0025820604602624,3.177710852554545,3.4724366687277635,3.955409465825626,0.4613006114959717,0.029020171328298594,0.3452660170164732,-0.1634310262303016,0.9528274053653636
p257_121,1.2913520336151123,2.4282066822052,0.9328013217491945,0.9371578434089708,2.6979430683326626,3.530624989419749,2.9347850258505845,2.9758480370912186,3.307198258906637,3.886467453018896,1.136854648590088,0.004356521659776291,0.27790496875855597,-0.22342673051311168,0.9516824271683113
p257_122,1.0861821174621582,1.6580452919006348,0.8740962482358423,0.8709292711766711,2.391733070725174,3.4002407230539182,2.546850653581103,2.9545686532579563,3.3782976599503387,3.741791982071133,0.5718631744384766,-0.0031669770591712387,0.5628355825327822,-0.02194306310357952,1.1949413284900299
p257_123,3.750127077102661,3.890822172164917,0.9981472151336497,0.9975718619782709,2.990098235551474,3.3218828913225207,3.909992088407527,2.9749737866875776,3.322716334790989,3.8890892271908895,0.14069509506225586,-0.0005753531553788216,-0.015124448863896411,0.0008334434684682535,-0.020902861216637536
p257_124,2.316269636154175,2.6215569972991943,0.933969818480414,0.9625488761720625,2.9536714148283765,3.452392897963611,3.629201618612584,2.685419590125123,3.0506050290082687,3.744106052604942,0.30528736114501953,0.02857905769164848,-0.2682518247032535,-0.40178786895534246,0.11490443399235817
p257_125,1.1763423681259155,2.5328168869018555,0.8054342090529815,0.8772737306198544,2.7866080710030467,3.3832390549696902,3.4114144292372117,2.846660978878301,3.179802175312455,3.986692074895196,1.35647451877594,0.0718395215668729,0.0600529078752543,-0.20343687965723545,0.5752776456579842
p257_126,1.3430254459381104,2.364201307296753,0.8867517779389564,0.9032409078337025,3.2133841739452014,3.705632378358384,3.746740426401072,3.328742904030202,3.6003063396775525,4.074118855882575,1.0211758613586426,0.016489129894746046,0.11535873008500053,-0.10532603868083168,0.32737842948150275
p257_127,2.240021228790283,3.128411054611206,0.9495515354214331,0.9511971058733417,2.996438228851662,3.663762070305147,3.292322411897376,3.307566724780427,3.5981733580799253,4.0643836372433375,0.8883898258209229,0.0016455704519086067,0.3111284959287648,-0.06558871222522145,0.7720612253459613
p257_128,1.6688812971115112,2.851378917694092,0.9504265507445235,0.9547069237224661,2.9220761253800114,3.635510144360021,3.356077687493303,3.196197931805689,3.524295696540798,4.020722573112313,1.1824976205825806,0.0042803729779425925,0.2741218064256774,-0.11121444781922296,0.6646448856190101
p257_129,1.1737289428710938,1.9284780025482178,0.7419453041216342,0.8056184745391082,1.258029795696891,1.8352305642862148,1.2375245892577813,3.0124492573674293,3.3914819219034,3.8713009239532647,0.754749059677124,0.063673170417474,1.7544194616705382,1.5562513576171852,2.6337763346954834
p257_130,1.1003211736679077,1.6037700176239014,0.7561924809353238,0.8291082510065853,1.2153151024565194,1.5290135031881142,1.2485259415378416,2.701001848432921,3.14817757718964,3.48900593509876,0.5034488439559937,0.07291577007126149,1.4856867459764016,1.6191640740015258,2.2404799935609185
p257_131,2.376725435256958,3.288208246231079,0.9499447151987076,0.9556021610499621,2.837455049152522,3.550745372317206,3.241751517670472,3.20737366838427,3.557751797677021,3.9799129133474263,0.9114828109741211,0.0056574458512544945,0.3699186192317483,0.007006425359814994,0.7381613956769542
p257_132,1.2209614515304565,3.160435914993286,0.9483981934109975,0.9645133061397598,2.9983574679956564,3.510627588844134,3.593026670163919,3.00954531587257,3.3297078887476435,3.9514478782968863,1.9394744634628296,0.016115112728762315,0.011187847876913626,-0.1809197000964904,0.3584212081329672
p257_133,1.2060819864273071,2.5680339336395264,0.8946509818054201,0.9218295542719097,2.394095801434065,3.388909610637349,2.485125607130851,2.8844068029822534,3.183992064595388,3.989900001175286,1.3619519472122192,0.02717857246648958,0.4903110015481884,-0.204917546041961,1.5047743940444351
p257_135,1.1495399475097656,1.7297217845916748,0.893731231682403,0.9357898062741,2.5054465937410058,3.49421996622068,2.634636697726866,3.256470937987418,3.565313048950941,4.039896697353532,0.5801818370819092,0.04205857459169704,0.7510243442464124,0.07109308273026071,1.405259999626666
p257_136,3.52986216545105,3.951380968093872,0.9956655358152258,0.9869256591720836,3.3794840461676223,3.630675229891288,4.177267315348653,3.2149956650372715,3.502631396651259,4.079423186927713,0.42151880264282227,-0.00873987664314213,-0.1644883811303508,-0.12804383324002888,-0.09784412842093992
p257_137,2.293328285217285,2.952282428741455,0.9371108541079627,0.9039394809328054,3.0348444733328788,3.4989892750153904,3.663270907948244,3.0300580122855805,3.371971092547641,3.919942699110349,0.6589541435241699,-0.03317137317515728,-0.004786461047298296,-0.12701818246774943,0.25667179116210503
p257_138,1.3253748416900635,3.3071043491363525,0.9394360477014437,0.9508645623680574,3.0307250990796413,3.4398227130909285,3.879111916074302,2.9297827586137326,3.3283131029259585,3.784909995374477,1.981729507446289,0.011428514666613654,-0.10094234046590866,-0.11150961016496996,-0.09420192069982525
p257_139,1.1899081468582153,2.926356554031372,0.8241598542653564,0.8921848232020333,2.8913495540544814,3.469289582632835,3.456387472988471,3.0708370205425743,3.3677964528621542,3.978680429046568,1.7364484071731567,0.06802496893667687,0.179487466488093,-0.10149312977068092,0.5222929560580969
p257_140,1.8432250022888184,2.275724172592163,0.8318712584879279,0.8601547911082985,2.4221441295964694,3.0906272548385902,2.964342985431889,2.422807962332477,2.963450818854648,3.2563662820104096,0.4324991703033447,0.028283532620370644,0.0006638327360075635,-0.12717643598394224,0.2920232965785208
p257_141,1.4779964685440063,3.0797536373138428,0.9518056775264874,0.9669670546495177,3.0095578776783567,3.7022717422816735,3.3638095659405627,3.2622053952705445,3.553370927268367,4.05810591939644,1.6017571687698364,0.01516137712303034,0.25264751759218784,-0.14890081501330643,0.6942963534558775
p257_142,1.2062255144119263,2.8335893154144287,0.9074888990526039,0.9423768621227504,2.6549126056992107,3.62024841624844,2.823908924835507,3.1222103987754304,3.4636694445013654,3.8754168160441465,1.6273638010025024,0.03488796307014652,0.46729779307621966,-0.15657897174707447,1.0515078912086393
p257_143,1.0678349733352661,2.1912741661071777,0.7575846085419291,0.8824093240239312,1.213175500637551,1.6600562287341605,1.2606650831601156,3.10973224828649,3.3997992329065188,4.021186266952117,1.1234391927719116,0.12482471548200214,1.8965567476489391,1.7397430041723583,2.760521183792001
p257_144,3.5488369464874268,3.861616373062134,0.9966784973225524,0.9928734634510423,3.034680918314489,3.4291695663165327,3.773255036607599,3.057983816259366,3.433753512372566,3.796791764770561,0.31277942657470703,-0.0038050338715100995,0.023302897944876833,0.0045839460560332945,0.02353672816296193
p257_145,2.3994152545928955,3.415099620819092,0.9745349213466413,0.9673187847984797,3.0774047467030097,3.627109701144244,3.606288929756664,3.231061701898583,3.5275855487086503,4.068232429735331,1.0156843662261963,-0.007216136548161667,0.15365695519557354,-0.09952415243559365,0.4619434999786671
p257_146,1.561818242073059,2.9557602405548096,0.9368686798638756,0.9729573190932458,2.004225608317028,2.596515657876308,2.584482065870295,2.959568457389757,3.278629947555216,3.954949998437217,1.3939419984817505,0.03608863922937022,0.9553428490727294,0.6821142896789083,1.370467932566922
p257_147,1.4443236589431763,2.124781847000122,0.9447042909823247,0.9509752316565542,2.622915464093665,3.321635929302108,3.140668516480081,2.87257052143755,3.274404799442365,3.698686551337753,0.6804581880569458,0.006270940674229508,0.24965505734388493,-0.04723112985974298,0.558018034857672
p257_148,2.605100631713867,3.208033323287964,0.9722234630927887,0.9878285206271906,3.145087314522712,3.570285906073604,3.6996063605299576,3.4285809365918687,3.6545237237055614,4.159049429626372,0.6029326915740967,0.01560505753440189,0.2834936220691566,0.08423781763195759,0.45944306909641464
p257_149,1.1008241176605225,2.250847101211548,0.9070383067009835,0.931544928058433,2.5307267706076546,3.3736003089892503,2.9112734835345,2.954896356283498,3.215752201032972,4.0404135799846586,1.1500229835510254,0.02450662135744952,0.4241695856758434,-0.15784810795627813,1.1291400964501586
p257_150,1.0714573860168457,1.7760690450668335,0.8141548831047729,0.8617049127866491,1.3601909621399106,1.9943813669313708,1.4189296945903185,2.869341731526573,3.2146424767459902,3.953714912380719,0.7046116590499878,0.04755002968187616,1.5091507693866624,1.2202611098146194,2.5347852177904007
p257_151,1.0365275144577026,1.129169225692749,0.6719969300677249,0.6919618408356993,1.3098565651435834,1.7856932809461052,1.2863412903450353,1.7905514396940836,2.814014624670168,1.9862483056288875,0.09264171123504639,0.019964910767974464,0.4806948745505002,1.0283213437240626,0.6999070152838522
p257_152,1.2658531665802002,2.7785730361938477,0.9001240845747146,0.9435074986295169,2.724471316804927,3.3634691983664293,3.320413843551521,2.481231224379892,2.8706692107232072,3.650462844543403,1.5127198696136475,0.04338341405480228,-0.24324009242503486,-0.4927999876432221,0.33004900099188195
p257_153,1.4768989086151123,2.2445220947265625,0.9429029208638077,0.9275116403616868,2.7757892642940925,3.579284773142049,3.0464715094952632,3.0544456901719874,3.449087120158995,3.712720815484501,0.7676231861114502,-0.015391280502120908,0.27865642587789496,-0.13019765298305375,0.6662493059892376
p257_154,1.1271042823791504,1.4314419031143188,0.8671512941088318,0.9051073532288038,1.3866447698833972,1.988215646709635,1.3667541076156142,3.117108655438301,3.479838270380778,3.829517428211764,0.30433762073516846,0.03795605911997191,1.7304638855549037,1.4916226236711432,2.4627633205961494
p257_155,1.113612174987793,1.3927669525146484,0.8764578436128193,0.8904768417116141,2.4733144518764165,3.519481444805706,2.5746217291026583,3.0922602466991287,3.524542644330253,3.7153090185777713,0.27915477752685547,0.01401899809879481,0.6189457948227122,0.005061199524547089,1.140687289475113
p257_156,3.541780471801758,4.018271446228027,0.9984027381389166,0.9958764488188031,3.171610136288331,3.486319789127083,4.031034388965439,3.131438488746172,3.441849024649663,4.023991705692737,0.47649097442626953,-0.0025262893201134506,-0.04017164754215896,-0.044470764477420044,-0.007042683272702632
p257_157,2.9799485206604004,3.5629189014434814,0.9891590266054863,0.9894038837350768,3.3465810905761333,3.66919708192937,4.030352368457119,3.424201770329558,3.6580810406712807,4.182368836976189,0.582970380783081,0.00024485712959054773,0.07762067975342468,-0.011116041258089293,0.15201646851907036
p257_158,2.284543037414551,3.492960214614868,0.9384429649479024,0.959953418667875,2.5484191660499205,2.9677777671608694,3.72102343963348,2.5020900213316457,2.871679408983701,3.7125047466753567,1.2084171772003174,0.021510453719972622,-0.04632914471827476,-0.09609835817716839,-0.008518692958123353
p257_159,1.4679102897644043,2.3731532096862793,0.9057939706912154,0.9059415236626495,2.807095018177279,3.370988353130463,3.501089664444764,2.845840591899333,3.2190993844613978,3.788255609645383,0.905242919921875,0.00014755297143409507,0.038745573722053894,-0.15188896866906543,0.287165945200619
p257_160,1.3173699378967285,3.2787156105041504,0.958427914445696,0.9804031039039474,3.1192875201457877,3.5957827738150216,3.691282804433533,3.0189980324482804,3.4275406387277267,3.788627630390884,1.9613456726074219,0.021975189458251387,-0.10028948769750734,-0.1682421350872949,0.09734482595735106
p257_161,1.5970981121063232,2.904245376586914,0.95353424447925,0.9598045548641418,2.8005793213410004,3.3333121296710675,3.458717858163151,3.1070314780864097,3.438113539953323,3.934658630439272,1.3071472644805908,0.006270310384891897,0.30645215674540927,0.10480141028225542,0.4759407722761213
p257_162,1.181604266166687,2.171604633331299,0.9330293566787975,0.9638961721208289,2.667077728956805,3.5170962303803788,2.899601474996406,3.0704058802911747,3.517746653894112,3.683790162108649,0.9900003671646118,0.030866815442031403,0.4033281513343696,0.0006504235137332337,0.784188687112243
p257_163,1.1337785720825195,1.9967021942138672,0.8541001135811446,0.9103532283034874,2.175078098734923,3.0419174945891987,2.241812586484604,3.3010617677546485,3.615785513207232,3.993779627709316,0.8629236221313477,0.056253114722342845,1.1259836690197256,0.5738680186180334,1.7519670412247121
p257_164,3.34587025642395,3.6543359756469727,0.9910410195784173,0.9916764738843304,3.20481851570851,3.5719479397769485,3.938329341287474,3.222577449269645,3.56841925857994,3.982173549655729,0.30846571922302246,0.0006354543059131634,0.017758933561134782,-0.003528681197008332,0.04384420836825509
p257_165,2.984347105026245,3.7631592750549316,0.9800572377652103,0.9851619559393355,2.9285404006171576,3.269649103207647,3.8973917423284634,3.138497056267373,3.430473768408715,4.050631785414064,0.7788121700286865,0.005104718174125278,0.20995665565021548,0.16082466520106786,0.15324004308560024
p257_166,1.204164981842041,2.3805551528930664,0.8687858088156929,0.9461813915388497,2.746972872056573,3.600232280537889,2.9820106830502926,3.262541045292707,3.5552753536249035,4.067541948173633,1.1763901710510254,0.07739558272315683,0.5155681732361339,-0.04495692691298547,1.0855312651233406
p257_167,1.3792644739151,2.41450572013855,0.9336164802909299,0.952339169341536,2.4251864033474893,3.379753206207645,2.722235602284236,3.2025837515346907,3.565479545551391,3.9775124750004185,1.0352412462234497,0.018722689050606034,0.7773973481872014,0.18572633934374583,1.2552768727161827
p257_168,1.2743510007858276,3.3980181217193604,0.9735119783884284,0.9832715091076213,2.8901078679754,3.537070583716388,3.2722002972215187,3.1144616534958565,3.4308052654395347,3.9981244293568823,2.1236671209335327,0.009759530719192888,0.22435378552045648,-0.10626531827685337,0.7259241321353636
p257_169,1.3933711051940918,2.2139124870300293,0.9434939068018984,0.9398420325726258,2.618449449140383,3.579197396454591,2.8247629145017217,3.0988476245139847,3.420605883759388,3.961293273121637,0.8205413818359375,-0.0036518742292726003,0.4803981753736015,-0.1585915126952031,1.1365303586199151
p257_170,1.1598236560821533,2.4517576694488525,0.8905425009853755,0.9013109292734184,2.407476583518033,3.396945523763122,2.641909275867861,2.6469486970367906,2.940892279487911,3.8837973015729017,1.2919340133666992,0.01076842828804292,0.23947211351875763,-0.456053244275211,1.2418880257050406
p257_171,1.0402368307113647,1.5868628025054932,0.7413493729491267,0.8295958411966388,1.1466716809151776,1.3174206980047063,1.1480103286376853,2.896975318917689,3.228727178486854,3.9095988087721794,0.5466259717941284,0.08824646824751203,1.7503036380025114,1.9113064804821476,2.761588480134494
p257_172,1.6540855169296265,2.6313161849975586,0.9362709619376394,0.9435187512730734,2.8165148718993427,3.616023312826745,3.2157766064045648,3.357873985617704,3.6176071495801776,4.131299499510853,0.9772306680679321,0.007247789335434018,0.5413591137183613,0.0015838367534324327,0.9155228931062886
p257_173,1.1688816547393799,2.741978406906128,0.9130299051834768,0.9431807077896447,2.8119052547773165,3.6623360838642114,3.0113672357214134,3.334695266734418,3.607310441730384,4.104571506322669,1.573096752166748,0.03015080260616787,0.5227900119571016,-0.055025642133827546,1.0932042706012557
p257_174,1.2204408645629883,3.2036044597625732,0.9149797134944352,0.9461855904320381,2.8018479753154018,3.590773780351934,3.147617827723212,3.234699124736906,3.5061027812084573,4.099017040913753,1.983163595199585,0.031205876937602905,0.4328511494215044,-0.08467099914347687,0.9513992131905411
p257_175,1.0951577425003052,1.7258415222167969,0.8105369979816756,0.9175815231667245,1.187986249397257,1.4661834946181207,1.2659526620492028,2.2549341056939824,2.5332944132075776,3.785770191216193,0.6306837797164917,0.10704452518504892,1.0669478562967254,1.067110918589457,2.51981752916699
p257_176,3.1559126377105713,4.112551689147949,0.9971662649444387,0.99056278783291,3.002678895995429,3.375895147540715,3.8663890172447695,2.9129673616120044,3.3085888366710923,3.8039733813319416,0.9566390514373779,-0.006603477111528755,-0.0897115343834245,-0.0673063108696228,-0.06241563591282784
p257_177,3.0955049991607666,3.604099988937378,0.9875588472832418,0.98670126146651,3.25742956691342,3.563678065120319,4.027896811204686,3.442258555650608,3.678314946989076,4.169495608134552,0.5085949897766113,-0.0008575858167317874,0.18482898873718812,0.11463688186875709,0.1415987969298662
p257_178,2.629047155380249,3.705716609954834,0.9927672915615693,0.9922770742015752,3.1867086495057872,3.55239171589389,3.962444807521466,3.2082406184578804,3.4954219037930057,4.037405238643634,1.076669454574585,-0.0004902173599941051,0.021531968952093195,-0.056969812100884365,0.0749604311221681
p257_179,1.5524039268493652,2.7711880207061768,0.9287536828198111,0.9586924590010157,2.790303671933172,3.328732529396365,3.563012532953376,2.7232037174940955,3.069280222063739,3.851076237891629,1.2187840938568115,0.029938776181204663,-0.06709995443907646,-0.25945230733262603,0.28806370493825284
p257_180,1.7013490200042725,2.8166449069976807,0.7999764364379991,0.8292846696869414,2.533853504894348,3.1456948173174326,3.2862432563262,2.583978535915776,2.954187371105573,3.7018474260042153,1.1152958869934082,0.029308233248942273,0.05012503102142807,-0.19150744621185956,0.4156041696780153
p257_181,1.2043533325195312,1.6082731485366821,0.9460296563891548,0.9595386844469801,3.2336552381196846,3.7444011404869,3.654994437236721,3.400928034887298,3.6387086831981392,4.135788203623658,0.4039198160171509,0.013509028057825279,0.1672727967676133,-0.10569245728876098,0.48079376638693727
p257_182,1.3249073028564453,2.7878568172454834,0.9343622297904753,0.9556220314128213,2.6716229786419743,3.379957327474308,3.0848996639298307,2.9741576781482952,3.3129745384520035,3.8634710135601775,1.462949514389038,0.021259801622345975,0.30253469950632095,-0.0669827890223047,0.7785713496303468
p257_183,1.065438985824585,1.9854788780212402,0.8054604090698343,0.8454707446654185,1.8097060781390588,2.660448906176504,1.9987685667032504,2.876757610478966,3.1835002219906765,3.9857999672876367,0.9200398921966553,0.0400103355955842,1.0670515323399072,0.5230513158141723,1.9870314005843863
p257_184,3.107624053955078,3.79634428024292,0.9965920500284111,0.9960522415713043,3.203792963342938,3.5288515556899385,3.9196588029508006,3.265527537980242,3.555191309312598,4.03256616650874,0.6887202262878418,-0.0005398084571067718,0.06173457463730436,0.0263397536226595,0.11290736355793962
p257_185,2.7848856449127197,3.6880719661712646,0.9865328132531637,0.9885711839958112,3.1110292028464666,3.480497498420157,3.946730573862069,2.965426943414159,3.306945181137015,3.915692425131681,0.9031863212585449,0.002038370742647566,-0.14560225943230742,-0.1735523172831419,-0.031038148730388126
p257_186,2.055389881134033,3.080160617828369,0.982560683610505,0.9771976861669401,3.079217844982317,3.563562110792525,3.680998869035251,3.319312773884267,3.589716228426486,4.1206949662490295,1.024770736694336,-0.005362997443564832,0.24009492890195006,0.026154117633960805,0.43969609721377845
p257_187,2.1527645587921143,2.7358782291412354,0.966817539627322,0.9460561244367269,2.87287888528512,3.4223532157109355,3.51455187189196,2.860617830244037,3.316809692215994,3.702667190377516,0.5831136703491211,-0.020761415190595045,-0.01226105504108288,-0.10554352349494156,0.18811531848555596
p257_188,1.8006653785705566,2.8579893112182617,0.9469910086033951,0.9625800035072108,2.8553785310051616,3.581294989896536,3.129872622733,3.345177915742752,3.608993463657582,4.079789276687651,1.057323932647705,0.015588994903815712,0.4897993847375903,0.02769847376104595,0.9499166539546513
p257_189,1.2908238172531128,2.921278238296509,0.9387883431688374,0.9562235037254683,2.7753356753339617,3.536660645662183,3.1094476446659605,3.1634379828014176,3.4654934087253366,4.00477176110974,1.630454421043396,0.017435160556630858,0.3881023074674559,-0.07116723693684657,0.89532411644378
p257_190,1.18887197971344,1.4880318641662598,0.8269726552646367,0.8431671858572168,2.226971846158873,3.385137731414379,2.2723843828593715,2.922046345799441,3.482220143965292,3.4191137489923698,0.2991598844528198,0.016194530592580136,0.695074499640568,0.09708241255091288,1.1467293661329983
p257_191,1.066819429397583,1.5460962057113647,0.8167781657847138,0.8666924210674793,1.4552678026831596,2.1636521119966714,1.513600414084682,3.11155308860502,3.417260174083782,3.9758047757061257,0.47927677631378174,0.049914255282765496,1.6562852859218604,1.2536080620871104,2.4622043616214437
p257_192,2.327631950378418,3.4081168174743652,0.9026755738278862,0.9618150818935545,2.7910630964420977,3.3448288262666144,3.5193112746160544,2.7039180680026185,3.027800737265443,3.854830277658008,1.0804848670959473,0.059139508065668256,-0.08714502843947924,-0.3170280890011714,0.3355190030419535
p257_193,1.2111072540283203,1.9867010116577148,0.9170858337074873,0.9486347004490615,2.5658273883395166,3.498815513768321,2.87966928244056,2.8981349194500563,3.3467629103734184,3.6705128139739465,0.7755937576293945,0.0315488667415742,0.3323075311105397,-0.15205260339490234,0.7908435315333864
p257_194,1.17559015750885,2.7297632694244385,0.9363933432275782,0.939304462111933,2.567289892141234,3.475988204405842,2.839891024703252,3.1266948668786347,3.499871237192961,3.931940569093076,1.5541731119155884,0.002911118884354802,0.5594049747374008,0.023883032787118896,1.0920495443898242
p257_195,1.0955275297164917,1.6234971284866333,0.8464314727004669,0.8810668977716609,1.3827011969177654,2.0401579206813976,1.5335347519278224,2.722967504780191,3.1090446161143745,3.731905628094268,0.5279695987701416,0.03463542507119399,1.3402663078624257,1.068886695432977,2.1983708761664458
p257_196,2.2542459964752197,3.7146823406219482,0.9986095093535857,0.9937083912436716,3.1777531921252877,3.462265467455508,4.086329638057176,3.174005874420073,3.4654128006776435,4.060609029864553,1.4604363441467285,-0.0049011181099141155,-0.0037473177052147477,0.003147333222135451,-0.025720608192623118
p257_197,2.161900520324707,3.1312155723571777,0.9702095381572187,0.9702536122740487,2.9084429593702223,3.376698794321077,3.63780876533378,3.138450261874769,3.460886744282002,3.986045740380427,0.9693150520324707,4.407411683005069e-05,0.23000730250454682,0.08418794996092505,0.34823697504664697
p257_198,2.5701045989990234,3.5078494548797607,0.9839535267322406,0.9855965855041305,3.154367372429521,3.569892842491343,3.855597357798706,3.343855496947112,3.6285106628692105,4.106703702928652,0.9377448558807373,0.0016430587718899714,0.18948812451759078,0.058617820377867336,0.25110634512994556
p257_199,1.1061451435089111,2.406355142593384,0.5611369124650681,0.5886112931437277,2.776007274016016,3.4260230406603243,3.288365493203976,2.8011010226909483,3.1454303854917915,3.830791052104349,1.3002099990844727,0.027474380678659593,0.025093748674932304,-0.2805926551685327,0.5424255589003728
p257_200,2.304199695587158,3.3865599632263184,0.9647369841458109,0.9848973366158231,3.06342835869842,3.47869687425963,3.869737133973449,3.077459617697353,3.3954536219976763,4.008080360671763,1.0823602676391602,0.020160352470012244,0.014031258998933094,-0.0832432522619535,0.13834322669831423
p257_201,1.6799325942993164,2.8271546363830566,0.8742675513470992,0.9276627158880845,2.982799225333788,3.6485534833561575,3.40503418056289,2.9772617133476933,3.325489926937688,3.895227520871322,1.1472220420837402,0.05339516454098525,-0.005537511986094756,-0.3230635564184694,0.49019334030843176
p257_202,1.47421395778656,2.9052467346191406,0.8910081706481179,0.9184483432936079,2.687032439662493,3.346481932186214,3.233146453065915,2.9999275859749885,3.3266802361859305,3.9286667351989792,1.4310327768325806,0.027440172645490035,0.3128951463124956,-0.019801696000283364,0.6955202821330642
p257_203,1.097017765045166,1.753005027770996,0.8595164283412235,0.9091099716776911,2.170845367302918,3.233636133643772,2.208415944432693,2.844601787428072,3.2048809199014694,3.8001283387167457,0.6559872627258301,0.049593543336467594,0.6737564201251538,-0.028755213742302388,1.5917123942840528
p257_204,3.467344045639038,3.6609270572662354,0.9745231231688951,0.9748627155712972,2.6470569507430475,2.9756774802129367,3.888143329837416,2.6136014865011155,2.942420085777895,3.876807632148106,0.19358301162719727,0.0003395924024021113,-0.03345546424193202,-0.03325739443504183,-0.011335697689309754
p257_205,3.0620319843292236,3.5405256748199463,0.915997629442255,0.926058036423221,2.806076742670406,3.2641544319971314,3.641508709991444,3.146759208549363,3.47098075164073,3.989122955821766,0.47849369049072266,0.010060406980965997,0.3406824658789569,0.20682631964359866,0.34761424583032197
p257_206,2.5673091411590576,3.6215763092041016,0.9350547823414744,0.9403056543999964,3.1040518548258875,3.623817918936159,3.5790735020518185,3.361464770665531,3.617424892660543,4.126471989468419,1.054267168045044,0.005250872058521927,0.25741291583964365,-0.006393026275615998,0.5473984874166002
p257_207,1.4128475189208984,2.6033811569213867,0.9411921625847297,0.9498475617580219,2.6850935819705977,3.6080152894144746,2.861321518250068,2.991061597654539,3.328038104431885,3.874658516786762,1.1905336380004883,0.008655399173292166,0.3059680156839413,-0.2799771849825894,1.013336998536694
p257_208,1.1618568897247314,2.5590834617614746,0.8514959436177334,0.8172103508970043,2.9460471648453903,3.5996292436087245,3.391433973970277,3.214925123184948,3.517980354937404,4.0462430778821705,1.3972265720367432,-0.03428559272072906,0.26887795833955774,-0.08164888867132047,0.6548091039118935
p257_209,1.6124193668365479,2.091745615005493,0.8596416015285525,0.8676574397153477,2.3598594119383,3.28271902469374,2.6324335801371204,2.645078046831673,3.0460036015535112,3.688295800070867,0.4793262481689453,0.008015838186795188,0.28521863489337296,-0.23671542314022886,1.0558622199337466
p257_210,1.1188141107559204,2.089491844177246,0.818798902060766,0.8666090407233663,2.476415447197457,3.546830571985248,2.624614269096193,2.8533954502212424,3.180395002601152,3.861557429915922,0.9706777334213257,0.04781013866260031,0.3769800030237853,-0.36643556938409594,1.2369431608197288
p257_211,1.1037094593048096,1.208620548248291,0.7627917705837389,0.8065806551717026,1.121856912245274,1.2743489044081675,1.1244457919325035,2.44080022628423,3.333970383213701,2.63159551404669,0.10491108894348145,0.043788884587963706,1.318943314038956,2.059621478805534,1.5071497221141865
p257_212,1.9196727275848389,2.6408801078796387,0.9687998941734344,0.9776757229899882,2.563671482197334,3.4209730839354977,2.86970202618323,3.0305217117805814,3.3605377819327047,4.037683960787963,0.7212073802947998,0.008875828816553799,0.4668502295832475,-0.06043530200279301,1.1679819346047333
p257_213,1.5489821434020996,2.167330503463745,0.887884130091845,0.9114751644618243,2.479544685279233,3.351751485556708,2.7985575926782547,3.2616245079422246,3.517683898868081,4.125378807594777,0.6183483600616455,0.023591034369979336,0.7820798226629915,0.16593241331137332,1.3268212149165226
p257_214,1.04822838306427,1.5144891738891602,0.8007546833120601,0.8315260239160955,2.443661259269577,3.4590273456074123,2.612045114500887,3.120628431220036,3.4383704513238595,3.9993053768777056,0.46626079082489014,0.030771340604035413,0.6769671719504591,-0.020656894283552774,1.3872602623768184
p257_215,1.1747254133224487,1.9897472858428955,0.8771582645055876,0.8375155361021631,1.135518627421057,1.3992039957825408,1.4160209955635736,2.8382547795694744,3.1467109793291512,3.875490395073152,0.8150218725204468,-0.03964272840342453,1.7027361521484174,1.7475069835466104,2.4594693995095787
p257_216,2.9910314083099365,3.8487088680267334,0.9917567028599581,0.9934429729528256,3.2031716867713875,3.566110012097402,3.908676366511047,3.2749393157702174,3.5967870743953405,3.997509385638404,0.8576774597167969,0.0016862700928674812,0.07176762899882982,0.03067706229793865,0.08883301912735675
p257_217,2.6963014602661133,3.1362431049346924,0.9835902685328931,0.9877375314840535,3.23469529724308,3.541186367890894,4.02581063684226,3.346140646213404,3.59493242954694,4.158310179362682,0.4399416446685791,0.004147262951160413,0.11144534897032399,0.053746061656045896,0.1324995425204225
p257_218,2.048084020614624,2.5423803329467773,0.9354655823707537,0.9472460183365197,3.192909129715704,3.61943720192994,3.853260069479899,3.079091228422244,3.4658168827306297,3.8574942745934218,0.4942963123321533,0.011780435965765945,-0.11381790129346037,-0.15362031919931018,0.004234205113522904
p257_219,1.7194581031799316,2.466298818588257,0.9493431271883103,0.96688288441009,3.069276549427421,3.558128242760615,3.707932473282668,3.306602857836861,3.583168363829678,4.071236874494731,0.7468407154083252,0.017539757221779695,0.23732630840944013,0.02504012106906295,0.36330440121206253
p257_220,2.2331371307373047,3.1965110301971436,0.9541972346035409,0.9633918874463837,2.8644927497054837,3.311760478998072,3.624313289626211,2.725236140380962,3.020270511759282,3.879853012541509,0.9633738994598389,0.009194652842842821,-0.13925660932452155,-0.29148996723878984,0.25553972291529803
p257_221,1.5377283096313477,3.1485848426818848,0.942541884488405,0.9537365238573079,3.30621770753842,3.748398560852441,3.869124552522089,3.231767889645756,3.632221215306736,3.8511604067125456,1.610856533050537,0.011194639368902859,-0.07444981789266425,-0.11617734554570491,-0.01796414580954364
p257_222,1.3010563850402832,2.8999428749084473,0.8434968213416972,0.9276097942538267,2.66271879484045,3.277067668751348,3.251981797472624,2.694295538025392,3.028270789365453,3.79691520127011,1.598886489868164,0.08411297291212949,0.0315767431849423,-0.2487968793858948,0.544933403797486
p257_223,1.217152714729309,2.6835134029388428,0.9075015273952551,0.9220173567598141,2.81046408080082,3.588116286118661,3.0693137008587,3.408109271151936,3.666742907046794,4.129474433641557,1.4663606882095337,0.014515829364558974,0.5976451903511162,0.07862662092813277,1.0601607327828573
p257_224,3.9512979984283447,4.0641632080078125,0.9993798217584855,0.9988783675590476,3.031009294276982,3.3459534287210424,3.975913913465842,3.220879784225493,3.4705524529868867,4.119742424309352,0.11286520957946777,-0.0005014541994379229,0.18987048994851108,0.12459902426584435,0.14382851084350978
p257_225,3.351196527481079,3.6829166412353516,0.9881448403538672,0.9905342179003901,2.95872648661345,3.306233895650962,3.85453973780555,3.224718252879482,3.518237803138803,4.077752085695512,0.33172011375427246,0.0023893775465229083,0.26599176626603205,0.21200390748784104,0.22321234788996236
p257_226,2.6363131999969482,3.553950786590576,0.9722858086461523,0.975282110528287,2.898540095502672,3.3607091482748443,3.692248333230765,2.9152187159380314,3.2332641704318346,3.9885618483997938,0.9176375865936279,0.002996301882134622,0.01667862043535928,-0.1274449778430098,0.2963135151690288
p257_227,2.3166704177856445,3.5322070121765137,0.8317624448772227,0.8312189400532682,3.084207761270281,3.580281644639049,3.6829649788490735,3.360372789839647,3.635239132425748,4.098371983377853,1.2155365943908691,-0.0005435048239544882,0.27616502856936576,0.054957487786698955,0.41540700452877966
p257_228,2.6773428916931152,3.605726957321167,0.8765911142524713,0.8801196692116031,3.2084091092969302,3.627248043558575,3.739287464359679,3.3353534086131424,3.6206734532645286,4.049146125493702,0.9283840656280518,0.0035285549591318466,0.1269442993162122,-0.006574590294046612,0.30985866113402283
p257_229,1.1248109340667725,2.2947652339935303,0.8318139606258006,0.8774845699238099,2.415735378968455,3.528297059925943,2.431770648684019,3.3264485804552604,3.5887031771320856,4.122097274467571,1.1699542999267578,0.04567060929800926,0.9107132014868053,0.06040611720614253,1.6903266257835514
p257_230,1.2477636337280273,2.0534636974334717,0.8398000724806103,0.8824734713293423,2.2891753283305016,3.424886691285849,2.326765302563898,3.08830401575836,3.4421412105071725,3.948585182321727,0.8057000637054443,0.042673398848732,0.7991286874278583,0.017254519221323594,1.6218198797578292
p257_231,1.06659734249115,1.441991925239563,0.7634238332387857,0.8493742131402342,2.196593038303688,3.2515365554586744,2.164649946532827,3.2715920202596624,3.534266151635816,4.0988781630429445,0.3753945827484131,0.08595037990144849,1.0749989819559747,0.28272959617714166,1.9342282165101174
p257_232,2.006989002227783,3.053494930267334,0.9713043157496705,0.9723267710772509,3.034294319579293,3.6510542928044414,3.422729024379912,3.355257675539792,3.627328061377436,4.091768006508785,1.0465059280395508,0.001022455327580385,0.3209633559604992,-0.023726231427005473,0.6690389821288725
p257_233,1.6578246355056763,3.050366163253784,0.9003379799756938,0.9310224501452214,3.0941285261519305,3.678275325559393,3.451405313617527,3.325527229543353,3.678632122993159,3.939309869036261,1.392541527748108,0.03068447016952769,0.23139870339142243,0.0003567974337661539,0.487904555418734
p257_234,1.1178545951843262,2.113914966583252,0.9143016816700903,0.9437208304574096,2.4460159594554858,3.482574912742326,2.5200718736362395,3.3043459816777965,3.5830299817474933,4.095265352423311,0.9960603713989258,0.029419148787319327,0.8583300222223107,0.10045506900516754,1.5751934787870718
p257_235,1.08640456199646,1.976362943649292,0.8566030416154445,0.9114741459435401,2.3071785248020875,3.205752330438676,2.630477492354153,3.126451525360381,3.388854719704231,4.1080025558006765,0.889958381652832,0.05487110432809561,0.8192730005582933,0.18310238926555522,1.4775250634465236
p257_236,3.6506526470184326,4.08738374710083,0.967378733043887,0.976075228167892,3.3958458551998207,3.661819893576472,4.091858515879244,3.4413492572788487,3.6963636443445393,4.11525413993808,0.43673110008239746,0.008696495124005055,0.04550340207902792,0.03454375076806748,0.02339562405883555
p257_237,2.877265453338623,3.6520378589630127,0.9898974973989777,0.9897250204264996,3.2521930356810738,3.603542877169894,3.956111044172779,3.275864899929781,3.550133361011241,4.094941618407982,0.7747724056243896,-0.00017247697247813054,0.023671864248707042,-0.05340951615865297,0.13883057423520295
p257_238,2.0779287815093994,3.360095977783203,0.9604721265783228,0.9699958899620779,3.07847190040614,3.462342307840921,3.887792806967489,3.360768154707362,3.621869070541589,4.165825959862995,1.2821671962738037,0.009523763383755046,0.28229625430122196,0.159526762700668,0.27803315289550623
p257_239,1.1757291555404663,1.557187557220459,0.9262555540683187,0.9372881987859838,2.7566271271163902,3.500765002304849,3.135701300649233,3.0265264330500217,3.4473811823716978,3.7838840764798327,0.3814584016799927,0.011032644717665074,0.26989930593363143,-0.05338381993315133,0.6481827758305996
p257_240,1.9978255033493042,2.9321930408477783,0.8986175519629604,0.9110907531151772,2.723210884853187,3.57558281671436,2.983584090983962,3.052284208667062,3.518207897815718,3.64096951940547,0.9343675374984741,0.012473201152216729,0.329073323813875,-0.05737491889864188,0.6573854284215077
p257_241,1.1450095176696777,1.5544981956481934,0.9694512331160169,0.9777244097995097,3.030914829932516,3.5149016756697837,3.637936281759904,3.153494292678801,3.4409918488864224,4.026814232240482,0.4094886779785156,0.008273176683492811,0.12257946274628484,-0.07390982678336133,0.3888779504805777
p257_242,1.1943659782409668,2.683936595916748,0.9201115950633061,0.9478289091468325,2.816000694694436,3.657915759323573,3.097278012128784,3.438988040178641,3.693912216846049,4.162543147676252,1.4895706176757812,0.0277173140835264,0.622987345484205,0.035996457522476266,1.065265135547468
p257_243,1.146979570388794,2.2402870655059814,0.9345479553410208,0.9234617900895686,2.3863526478378287,3.0917768932118883,2.8443120831853825,2.624492289357319,2.953105850940548,3.825424926965237,1.0933074951171875,-0.011086165251452118,0.2381396415194903,-0.1386710422713402,0.9811128437798544
p257_244,3.6462929248809814,3.8513214588165283,0.9961225944882558,0.9936410452402348,3.091362157509404,3.4411334387859056,3.895399287589028,3.2273732276207987,3.5022754395654605,4.083211385726322,0.20502853393554688,-0.00248154924802102,0.1360110701113948,0.061142000779554895,0.18781209813729438
p257_245,1.5731141567230225,2.060058116912842,0.9735857975329391,0.9832672098198849,2.992326799704017,3.560914025798949,3.522196907593706,3.2586204123961213,3.5562279706664865,4.017567174288383,0.48694396018981934,0.009681412286945856,0.2662936126921043,-0.004686055132462563,0.4953702666946773
p257_246,1.3778586387634277,3.0105414390563965,0.9462751588822803,0.9715112028512889,3.086369170194819,3.652092070146533,3.5937014149676703,3.179559778540096,3.513394303501032,3.9448148723134775,1.6326828002929688,0.02523604396900858,0.09319060834527715,-0.13869776664550093,0.35111345734580723
p257_247,1.6093332767486572,2.5997133255004883,0.8888292062973674,0.9176683624645618,2.5691067738029387,3.4760953105717447,2.8953132455723414,3.304685863918221,3.668503932723151,3.96644323954372,0.990380048751831,0.028839156167194457,0.7355790901152823,0.1924086221514063,1.0711299939713785
p257_248,2.827684164047241,3.718745231628418,0.9811142055302524,0.986885663844121,3.2411677550389086,3.638453152503984,3.892457836778604,3.474418679056363,3.710113872163193,4.1998110461701605,0.8910610675811768,0.005771458313868605,0.2332509240174545,0.07166071965920917,0.3073532093915565
p257_249,1.5830856561660767,2.8888959884643555,0.9406071497061061,0.97873747488846,2.8541186813591697,3.4908847627817443,3.296396800696761,2.8843774651672778,3.2003204134795733,3.951476409268384,1.3058103322982788,0.03813032518235382,0.030258783808108092,-0.290564349302171,0.6550796085716231
p257_250,1.2229371070861816,2.562218427658081,0.9237523929987731,0.9496272833132279,2.698521516721136,3.584219113117715,2.9263049078606604,3.240488280509028,3.51898530652807,4.081995305137252,1.3392813205718994,0.02587489031445478,0.541966763787892,-0.06523380658964495,1.155690397276592
p257_251,1.1056537628173828,1.4762654304504395,0.8771859905734118,0.9184056078318109,2.397751963866014,3.509023330046507,2.408863726428176,3.3465033047598074,3.602422137822843,4.156552622412039,0.37061166763305664,0.041219617258399066,0.9487513408937933,0.09339880777633613,1.7476888959838628
p257_252,1.7732537984848022,2.942904233932495,0.8697386332385902,0.9424545701630046,2.9105023509277506,3.626852485418959,3.248099125171695,3.138542118830356,3.503960612122044,3.9173809133342217,1.1696504354476929,0.07271593692441436,0.22803976790260538,-0.12289187329691531,0.6692817881625266
p257_253,1.475899338722229,2.255188226699829,0.9224173253580026,0.9220603896883023,2.52652703989033,3.3440888353822515,2.7802603084465463,3.086362326652964,3.392491510936985,4.0080663388402735,0.7792888879776001,-0.0003569356697002979,0.5598352867626342,0.04840267555473332,1.2278060303937273
p257_254,1.268040657043457,2.593931198120117,0.8906187918853553,0.9117899143378952,2.7649197056041506,3.609730419520688,2.9803429069559386,3.253997999319268,3.525731039599322,4.093795300471512,1.3258905410766602,0.021171122452539937,0.48907829371511724,-0.08399937992136586,1.1134523935155731
p257_255,1.1756187677383423,1.865652322769165,0.8217453265660105,0.8816119529763906,2.372382872217392,3.3376617384840688,2.468180343000911,2.7816741524580726,3.179561399181813,3.707943205032848,0.6900335550308228,0.0598666264103801,0.4092912802406805,-0.15810033930225575,1.2397628620319368
p257_256,3.257295608520508,3.963326930999756,0.9905184364321442,0.9929882938009446,3.415178816217191,3.6749692618623295,4.1349386335149445,3.425223707447396,3.6847960673912823,4.137395280934757,0.706031322479248,0.0024698573688003433,0.010044891230204911,0.009826805528952764,0.002456647419812441
p257_257,2.3085310459136963,3.080174684524536,0.9855481215933772,0.9703603072221834,3.135797290212889,3.524513755319998,3.8624275884561934,3.324362962168044,3.5912213975346483,4.128871412415839,0.7716436386108398,-0.015187814371193875,0.18856567195515517,0.06670764221465042,0.26644382395964605
p257_258,2.476362705230713,3.4593505859375,0.9566843382843314,0.9614722301652945,2.9981508875752247,3.500505338342414,3.621938307959608,3.176270268683815,3.475471875249062,4.01080044297161,0.9829878807067871,0.004787891880963069,0.17811938110859016,-0.025033463093352193,0.38886213501200206
p257_259,1.1774593591690063,2.2212765216827393,0.9356713498018603,0.8596843642120787,3.002862578774514,3.527715048505652,3.626952642560365,3.0586248223856805,3.4065126267007253,3.919161331704233,1.043817162513733,-0.07598698558978156,0.05576224361116644,-0.1212024218049268,0.2922086891438678
p257_260,1.7267712354660034,2.44128155708313,0.835478959780432,0.8693930452446883,2.9603480431253173,3.680848823391191,3.210741037024345,3.3803273771837103,3.746696817660851,3.8810321587136,0.7145103216171265,0.03391408546425634,0.41997933405839305,0.06584799426966015,0.6702911216892549
p257_261,1.6190427541732788,2.9560227394104004,0.958973537967918,0.9765232901460424,2.815000725265594,3.572907191090448,3.148963413310679,2.8692301582434343,3.218426307909307,3.861274823165156,1.3369799852371216,0.01754975217812449,0.05422943297784011,-0.35448088318114124,0.7123114098544767
p257_262,1.3459858894348145,2.3421592712402344,0.9501613952760868,0.9633726605563365,2.8474383677475616,3.733116009131909,2.9662348630995394,3.303234499138331,3.587010169989336,4.074187345538945,0.9961733818054199,0.01321126528024974,0.45579613139076924,-0.1461058391425727,1.1079524824394058
p257_263,1.0747240781784058,1.2357524633407593,0.799695497377393,0.8188189712061393,1.152924045581451,1.2717055139349742,1.1824013936032975,2.7714816977971752,3.31844406913094,3.4849893708625155,0.16102838516235352,0.01912347382874635,1.6185576522157243,2.046738555195966,2.302587977259218
p257_264,2.2285687923431396,2.548252582550049,0.8922867511429007,0.9190656212220683,2.77004911156292,3.2982146339304554,3.463287643420112,2.758877591394925,3.240252863362164,3.5401528815134524,0.3196837902069092,0.02677887007916757,-0.011171520167994942,-0.05796177056829155,0.07686523809334034
p257_265,2.716076135635376,3.0345957279205322,0.9889783638870113,0.9867669889958715,3.156964578695806,3.5116991812639675,3.919228587751928,3.3712133057324176,3.676958295428744,4.06232120632433,0.31851959228515625,-0.0022113748911398723,0.2142487270366118,0.16525911416477657,0.14309261857240196
p257_266,1.5775641202926636,2.79486346244812,0.9490263337004394,0.9708112983830613,3.135741281857636,3.80506746558368,3.441447190749735,3.60053965791467,3.788135588290383,4.244462173024112,1.2172993421554565,0.02178496468262192,0.464798376057034,-0.016931877293296704,0.8030149822743771
p257_267,1.1270136833190918,2.115304470062256,0.8749527357515747,0.8573738545926538,1.123079302558853,1.2582192565156285,1.170598693723247,3.042156585372084,3.340985793797335,4.089078979244656,0.9882907867431641,-0.017578881158920923,1.919077282813231,2.0827665372817066,2.918480285521409
p257_268,1.2098023891448975,2.06887149810791,0.8725857616208568,0.9057722340085513,2.672346573472156,3.529139979000995,2.973540472287824,3.183681403910826,3.4381760355389224,4.101778280977562,0.8590691089630127,0.033186472387694566,0.51133483043867,-0.09096394346207282,1.1282378086897378
p257_269,1.303906798362732,1.6947579383850098,0.9174631058745959,0.8309834129106544,2.729501092959886,3.433973010452977,3.1361348201067942,2.6798883144058974,3.0416963314853964,3.76432931628254,0.39085114002227783,-0.08647969296394153,-0.0496127785539886,-0.39227667896758067,0.628194496175746
p257_270,1.1122255325317383,1.638280987739563,0.7564449153427112,0.8231816018333445,1.1435908461635524,1.2931243422791157,1.2613873001304607,2.943712671253448,3.284760027675303,3.8936171361761,0.5260554552078247,0.06673668649063336,1.8001218250898956,1.9916356853961872,2.6322298360456395
p257_271,1.0887285470962524,1.4421662092208862,0.7847813322266707,0.8865447094848258,1.2500865176243896,1.5823090002328497,1.242794751340407,2.9404702910566414,3.3136987986767688,3.8271238056840176,0.3534376621246338,0.1017633772581551,1.6903837734322518,1.731389798443919,2.584329054343611
p257_272,1.1166832447052002,3.3370256423950195,0.899690840251354,0.9458393375915547,2.680064471877841,3.4826997722444304,2.90853979055931,2.768437741369871,3.193199568356485,3.626110715982264,2.2203423976898193,0.046148497340200656,0.08837326949202984,-0.2895002038879455,0.7175709254229541
p257_273,1.2191969156265259,2.635247230529785,0.9254488165487789,0.9439772882634357,3.0046869976094186,3.702415041979694,3.349051496382422,3.152894653949659,3.467379758704532,3.981951708270432,1.4160503149032593,0.01852847171465688,0.14820765634024058,-0.23503528327516232,0.63290021188801
p257_274,1.087479591369629,1.6223042011260986,0.8169316070646989,0.8744623691663376,1.149914796765121,1.2504917992677265,1.2048784101207366,2.6700280733970456,2.9996487282443427,3.8639434181829047,0.5348246097564697,0.057530762101638655,1.5201132766319245,1.7491569289766162,2.659065008062168
p257_275,1.1328784227371216,2.114039659500122,0.8966723612754727,0.9334637939005351,2.566952671704683,3.524481547213403,2.6775824827228205,3.318898672095733,3.551963508371703,4.139950430881654,0.9811612367630005,0.03679143262506246,0.7519460003910501,0.027481961158300372,1.4623679481588332
p257_276,2.068279981613159,2.5354888439178467,0.864433972633978,0.8851167277209379,2.717813685583209,3.0424749257864656,3.877912484938973,2.995280691527618,3.289456519714198,3.995571070824104,0.4672088623046875,0.020682755086959825,0.2774670059444091,0.24698159392773222,0.11765858588513112
p257_277,2.3601810932159424,3.0277552604675293,0.9783383610975149,0.9897306983218159,3.283531169947388,3.655833341997337,3.912667491228331,3.2908497646336783,3.626405823089492,3.974886344831546,0.6675741672515869,0.011392337224300997,0.007318594686290147,-0.029427518907844785,0.06221885360321533
p257_278,2.433112621307373,3.1302905082702637,0.9776824350226772,0.9807000411717377,3.089687314621221,3.4414524656158765,3.9162258163639057,3.256947573495086,3.547555174271624,4.060508276141092,0.6971778869628906,0.0030176061490605477,0.16726025887386475,0.10610270865574734,0.14428245977718612
p257_279,2.0484392642974854,3.015897274017334,0.9881427062918171,0.9869207444298974,3.160263536294729,3.62829086382372,3.760600316835094,3.3702189554540487,3.637084911697292,4.104968431860613,0.9674580097198486,-0.001221961861919696,0.2099554191593196,0.008794047873572186,0.34436811502551956
p257_280,2.2615978717803955,3.4752604961395264,0.9832583255618854,0.9807738649989219,3.2879029204594388,3.668771242762696,3.857823465480619,3.4042640528167305,3.647866772456745,4.160794139831596,1.2136626243591309,-0.0024844605629634753,0.11636113235729173,-0.020904470305951328,0.302970674350977
p257_281,1.1228023767471313,1.451812744140625,0.9206437291150543,0.9348592702288132,2.677452194330475,3.474915051357269,2.8687162128064747,2.7874636435225875,3.200885052068587,3.686794810532741,0.32901036739349365,0.01421554111375889,0.11001144919211248,-0.27402999928868166,0.8180785977262661
p257_282,1.1653305292129517,2.4409775733947754,0.9310644218452182,0.9238661688531092,2.5996283471364667,3.5332713326394063,2.7902700124987683,2.956427513565329,3.325928136409954,3.865858330931788,1.2756470441818237,-0.007198252992108967,0.35679916642886234,-0.20734319622945208,1.0755883184330197
p257_283,1.372290849685669,2.649421215057373,0.922242421289743,0.9328905569613042,2.6675751342514227,3.5511714339567355,2.9020516880613134,3.2628381194085603,3.5717436292147244,4.047957021378837,1.277130365371704,0.010648135671561199,0.5952629851571376,0.020572195257988923,1.1459053333175233
p257_284,2.616596221923828,3.446946382522583,0.982517067417582,0.9843004873747999,2.988422791705224,3.580732992741364,3.4182944477946378,3.295259397945982,3.570462876228607,4.04535321989463,0.8303501605987549,0.0017834199572178688,0.30683660624075815,-0.010270116512757,0.6270587720999923
p257_285,2.4170498847961426,2.990196704864502,0.9293943995189791,0.9500124955955747,2.7957480621772577,3.2586408020402566,3.603644301335693,2.7841004422050903,3.1937608631937597,3.703819419846351,0.5731468200683594,0.020618096076595593,-0.011647619972167345,-0.0648799388464969,0.1001751185106583
p257_286,2.0620174407958984,3.187195301055908,0.9667698181582882,0.983176291663951,3.07980536257824,3.519607331297159,3.826675665293481,3.287187447010405,3.5493791234451915,4.131170617542658,1.1251778602600098,0.016406473505662822,0.20738208443216521,0.029771792148032272,0.3044949522491769
p257_287,1.9743351936340332,3.32098388671875,0.959026685619788,0.9775384196035094,3.103536943709455,3.5939532649068187,3.7396943529786033,3.310205683699202,3.5919509936228127,4.079776015708354,1.3466486930847168,0.018511733983721412,0.20666873998974689,-0.0020022712840059853,0.34008166272975027
p257_288,1.5465426445007324,1.8868474960327148,0.7909985676339547,0.812173864804009,2.6671494073976607,3.573177292848261,2.8239301975164253,2.932183805547793,3.4995513989309237,3.4119492211021343,0.3403048515319824,0.021175297170054286,0.2650343981501324,-0.07362589391733732,0.588019023585709
p257_289,1.1841975450515747,2.7586429119110107,0.8514178250568556,0.9140804205229112,2.716757852656557,3.70124509464794,2.879175035353136,3.3247856828348343,3.6226958165874072,4.121627483110325,1.574445366859436,0.06266259546605557,0.6080278301782776,-0.07854927806053258,1.2424524477571892
p257_290,1.199480414390564,1.8212506771087646,0.8765892594334828,0.8848101754143435,2.1418024882727207,3.430764006070977,1.973433480517404,3.028691447678817,3.331339415834532,3.9495050858846983,0.6217702627182007,0.008220915980860721,0.8868889594060962,-0.09942459023644501,1.9760716053672942
p257_291,1.036441445350647,1.7300188541412354,0.6027255957670186,0.7157018109050608,1.5144261486407766,2.348087548785765,1.5674488320972548,2.574244431578817,3.0146608256556005,3.672387157682373,0.6935774087905884,0.11297621513804224,1.0598182829380403,0.6665732768698356,2.104938325585118
p257_292,2.55265212059021,3.5465376377105713,0.951972500958214,0.9580776591285408,3.0936891675420144,3.619746216684197,3.57037682923898,3.313775267423828,3.602520086453474,4.0755225446499805,0.9938855171203613,0.006105158170326863,0.2200860998818137,-0.017226130230723058,0.5051457154110004
p257_293,1.2589138746261597,2.365908145904541,0.7845008291412219,0.855105581495658,2.671650670996172,3.5905761029317937,2.854977696700953,2.99137706253434,3.357540330932308,3.821753350649297,1.1069942712783813,0.07060475235443608,0.31972639153816784,-0.23303577199948577,0.9667756539483441
p257_294,1.1489126682281494,1.81929612159729,0.9340256867660347,0.9561800573600587,2.88291735723573,3.603311792771412,3.204012771488014,3.12741112464838,3.5170690704558187,3.8333004247724816,0.6703834533691406,0.02215437059402403,0.24449376741265016,-0.08624272231559305,0.6292876532844676
p257_295,1.0578557252883911,1.8458099365234375,0.8254690972804434,0.8837061161307909,1.1093030434293962,1.2067624014227607,1.1530282128713325,2.710382639300922,3.0824470855002586,3.7827313977451458,0.7879542112350464,0.05823701885034749,1.6010795958715258,1.8756846840774979,2.6297031848738133
p257_296,3.1001453399658203,3.5243589878082275,0.9558435099983794,0.9752108174990626,3.15200886390974,3.4460332023538243,4.05412033092778,3.2139203674913097,3.4949961832847123,4.092117421206958,0.4242136478424072,0.019367307500683162,0.061911503581569605,0.04896298093088802,0.037997090279178636
p257_297,2.863551378250122,3.7466917037963867,0.9947369865919679,0.9945638702941803,3.0627928181928024,3.479026465288656,3.778218604081096,3.250432194061588,3.551910933695919,4.069877552937455,0.8831403255462646,-0.00017311629778760107,0.18763937586878576,0.07288446840726337,0.2916589488563588
p257_298,2.1375083923339844,3.072139263153076,0.9297449742670673,0.9555679330382033,3.0495379285207767,3.5580712563143355,3.63297023475957,3.2287708882906565,3.53202571057234,4.012952546739199,0.9346308708190918,0.02582295877113605,0.17923295976987985,-0.02604554574199547,0.3799823119796293
p257_299,1.298166275024414,3.208106279373169,0.969856567757935,0.9726287188389312,2.945645967278526,3.54056293991518,3.441442197736285,3.242109426331412,3.5310060263273413,4.067216911547622,1.9099400043487549,0.0027721510809961547,0.29646345905288607,-0.009556913587838611,0.6257747138113374
p257_300,2.2775371074676514,2.899944543838501,0.8812393505486507,0.874336789456873,3.253282346683842,3.595334022605585,3.876400487843845,3.147239966841655,3.430837608775432,3.971701754218088,0.6224074363708496,-0.00690256109177767,-0.106042379842187,-0.164496413830153,0.09530126637424274
p257_301,1.8571912050247192,2.9815735816955566,0.8438033802222663,0.9037569133802229,3.1643516302980013,3.629388539557214,3.77034860969182,3.203968745987933,3.495900253925376,4.090090660049038,1.1243823766708374,0.059953533157956596,0.03961711568993165,-0.133488285631838,0.3197420503572177
p257_302,1.1965326070785522,2.552246332168579,0.9703556848125924,0.9782391619346289,2.3941597920126005,3.266524237245181,2.765014163966973,2.941874742390053,3.262130239844881,3.935190528821294,1.3557137250900269,0.00788347712203652,0.5477149503774523,-0.004393997400299998,1.1701763648543206
p257_303,1.0770145654678345,2.0188539028167725,0.8209013826454498,0.8245744714864374,1.5190200985481344,2.179843411781432,1.504864011423516,3.3373410040724383,3.632427246538683,4.020664093843941,0.941839337348938,0.003673088840987604,1.818320905524304,1.452583834757251,2.5158000824204247
p257_304,4.173467636108398,3.895911455154419,0.9727155316281044,0.97287337152958,3.0835456656375886,3.413001574829204,3.975365477438981,3.146628297890895,3.434723783948224,4.054255435293288,-0.2775561809539795,0.00015783990147555382,0.06308263225330624,0.021722209119019897,0.07888995785430719
p257_305,1.1924047470092773,2.0586845874786377,0.9276875260727836,0.9252790571205131,3.027894698021783,3.517151039277892,3.704016389408919,2.891654857997464,3.395145839691301,3.6359401951640655,0.8662798404693604,-0.002408468952270537,-0.13623984002431877,-0.1220051995865914,-0.06807619424485356
p257_306,2.484800338745117,3.221963405609131,0.9891256457224837,0.9910982534809977,3.011769740608155,3.497946879859013,3.6039580946993257,3.019613984464387,3.3761679488517533,3.8741969642562815,0.7371630668640137,0.0019726077585139334,0.007844243856232058,-0.12177893100725967,0.27023886955695575
p257_307,1.5053794384002686,3.031588077545166,0.9581380769413684,0.9661010956156315,2.826688149763088,3.5149936791603853,3.307778635879953,3.161965447729544,3.517027390837845,3.9260089171401296,1.5262086391448975,0.007963018674263078,0.335277297966456,0.002033711677459582,0.6182302812601765
p257_308,1.4898109436035156,2.9480206966400146,0.9462614185498173,0.9510358923094894,2.825140889450952,3.529276919816565,3.2275304547443446,3.3270424925795865,3.5840426977833624,4.1597618058542025,1.458209753036499,0.004774473759672104,0.5019016031286343,0.05476577796679738,0.9322313511098579
p257_309,1.110719084739685,1.433311104774475,0.8144355088353105,0.909622500525514,2.786207707838116,3.5280496489241244,3.080150008417407,3.091356106186756,3.4418496486109147,3.930205327849772,0.32259202003479004,0.0951869916902035,0.3051483983486398,-0.08620000031320973,0.8500553194323652
p257_310,1.0589420795440674,1.3445758819580078,0.8028462450858301,0.8602983747492907,2.052517876683916,2.930021110220221,2.222560309788346,3.0713052710997046,3.367169758090352,4.010535686478446,0.28563380241394043,0.05745212966346058,1.0187873944157886,0.43714864787013097,1.7879753766900994
p257_311,1.0535035133361816,1.6201088428497314,0.784054518142009,0.8369448262725314,1.1095983411736785,1.185412224919602,1.1500302782956708,2.957046648662875,3.289873276493712,3.910816902691885,0.5666053295135498,0.05289030813052242,1.8474483074891965,2.10446105157411,2.7607866243962143
p257_312,1.8944610357284546,2.475168228149414,0.9326081556005866,0.9570675378098801,3.0252163386854622,3.663512449698064,3.449966603350461,3.2285212671081824,3.5531526499575383,4.034935613337544,0.5807071924209595,0.024459382209293445,0.2033049284227202,-0.11035979974052568,0.5849690099870832
p257_313,1.1437510251998901,1.4750417470932007,0.8968233628982424,0.9375034037576901,2.7127317639032915,3.4121401048123112,3.175159263350479,3.052605888267976,3.426394750292648,3.8683424917113935,0.33129072189331055,0.040680040859447764,0.33987412436468434,0.014254645480336947,0.6931832283609145
p257_314,1.2741155624389648,2.1335651874542236,0.9263488177097258,0.9344890992685896,2.676464876544162,3.635038152033896,2.772534990042572,3.1740485615697644,3.4638448078484427,4.0573163406198205,0.8594496250152588,0.008140281558863816,0.4975836850256026,-0.17119334418545318,1.2847813505772483
p257_315,1.054762363433838,1.3214569091796875,0.7320476449250197,0.793249554808975,2.0902631477568434,3.330972341669244,2.0236715132946976,2.664953887090615,3.0032200518360783,3.831081819849665,0.2666945457458496,0.06120190988395524,0.5746907393337715,-0.32775228983316573,1.8074103065549671
p257_316,3.0487778186798096,3.4516842365264893,0.9799917526785815,0.9784353739135869,2.829536322163134,3.1569758320001045,3.900945512579837,2.9788277092488475,3.3032634206179923,3.950558402527413,0.4029064178466797,-0.0015563787649945926,0.14929138708571354,0.14628758861788782,0.04961288994757629
p257_317,2.947991371154785,2.1513516902923584,0.9861929698618966,0.9915296621401937,3.0945774393845475,3.465382201642556,3.867566640474837,3.064086765768669,3.389900522516202,3.953299586602229,-0.7966396808624268,0.005336692278297028,-0.03049067361587854,-0.07548167912635373,0.08573294612739213
p257_318,2.11293625831604,3.1704936027526855,0.904285106272608,0.9370286755689121,2.6062206471469134,3.121836661816058,3.505594239049558,2.772219149278874,3.1077328075977766,3.898302990869942,1.0575573444366455,0.032743569296304065,0.16599850213196055,-0.01410385421828142,0.392708751820384
p257_319,1.2413663864135742,1.561927318572998,0.9503550051383408,0.9459068935819235,3.015748741868747,3.6455722228612752,3.433081141804445,3.247994769894992,3.560299087042849,4.047122808439648,0.32056093215942383,-0.0044481115564173335,0.23224602802624483,-0.08527313581842622,0.6140416666352024
p257_320,2.7914490699768066,3.8620848655700684,0.9789271018576459,0.9707137213394588,3.1947047492587317,3.695251291760776,3.646699003769727,3.3694249336600928,3.642437091867481,4.111655545758749,1.0706357955932617,-0.008213380518187097,0.17472018440136106,-0.052814199893294944,0.46495654198902203
p257_321,1.2366806268692017,1.811777949333191,0.9053698207574358,0.923815792409095,2.69927046497276,3.4280037318563505,3.159111314304429,2.845455314160965,3.2014014288927517,3.872231706026796,0.5750973224639893,0.018445971651659177,0.14618484918820496,-0.22660230296359885,0.713120391722367
p257_322,1.13484525680542,2.585184097290039,0.8736781532496921,0.9487946822977504,2.629994244730118,3.576810761638755,2.7397574233878323,3.095024923311393,3.4400010257751106,3.947411802908193,1.4503388404846191,0.07511652904805832,0.4650306785812752,-0.13680973586364464,1.2076543795203607
p257_323,1.1238672733306885,1.565457820892334,0.8693447734310351,0.8490269530841874,2.754516002361995,3.606786123484103,2.942063709606775,3.1064745479227502,3.4092284292123027,4.018415181420989,0.4415905475616455,-0.020317820346847704,0.35195854556075545,-0.19755769427180025,1.0763514718142142
p257_324,3.8861241340637207,4.202576637268066,0.9958023790324763,0.9948496189850392,3.1828353445303046,3.535441572117942,3.917789104619151,3.3362084555394524,3.629631303583514,4.060952586686407,0.3164525032043457,-0.0009527600474370512,0.15337311100914786,0.09418973146557219,0.14316348206725626
p257_325,2.8246078491210938,3.2291955947875977,0.9918482533085913,0.9930314707241623,2.730772030050994,3.076188065373038,3.81006498891993,3.0016787068264,3.3032114608644685,3.9844908425234857,0.4045877456665039,0.0011832174155710362,0.27090667677540603,0.2270233954914307,0.17442585360355567
p257_326,2.1858391761779785,2.887308359146118,0.9863961557903205,0.9717791892168239,2.8591546146504374,3.330620854561813,3.680842568354495,3.123081539023473,3.438693921886521,3.9936587440126767,0.7014691829681396,-0.014616966573496537,0.26392692437303555,0.10807306732470812,0.31281617565818154
p257_327,1.4396021366119385,2.207822561264038,0.902130872972,0.944469547660988,1.1770815749838115,1.3860665227988085,1.3477114610106045,2.066183023142253,2.343473066033541,3.4752190016420403,0.7682204246520996,0.042338674688988,0.8891014481584416,0.9574065432347327,2.127507540631436
p257_328,2.232618570327759,3.043945074081421,0.8833145927632111,0.853547980004804,2.786679812503472,3.418800438267113,3.315014038167025,3.13381677861474,3.405757124147244,4.083321673498341,0.8113265037536621,-0.029766612758407085,0.3471369661112682,-0.01304331411986892,0.7683076353313165
p257_329,1.2700988054275513,2.1910035610198975,0.8365241864323908,0.8816102303780136,2.6278695019381284,3.477075748991925,2.8393392103473998,3.1186373929773947,3.406981520687525,4.048588816382948,0.9209047555923462,0.04508604394562277,0.4907678910392663,-0.07009422830439993,1.2092496060355487
p257_330,1.2590017318725586,2.6817874908447266,0.9436382589886795,0.952870759510029,2.7039121512821755,3.483578409166157,3.0059174020939645,3.1994378414846585,3.539024702110532,3.927277780371787,1.422785758972168,0.009232500521349496,0.49552569020248294,0.055446292944374864,0.9213603782778224
p257_331,1.0513181686401367,1.148443579673767,0.7506618041438322,0.8245306649777917,1.1235103975421576,1.2281381485612992,1.1507900790399042,2.8296920893387942,3.2058749126803927,3.786909270806962,0.09712541103363037,0.0738688608339595,1.7061816917966366,1.9777367641190935,2.6361191917670577
p257_332,1.8058061599731445,2.8106141090393066,0.9610881506807811,0.9708636193908093,3.121596496427414,3.650632969439093,3.5756414854007508,3.2710381157912325,3.544371017324049,4.070014299250642,1.004807949066162,0.009775468710028212,0.1494416193638184,-0.10626195211504408,0.49437281384989085
p257_333,1.7299072742462158,2.812592029571533,0.9635483787990209,0.9708123723488473,2.919589703657364,3.5430559787673084,3.431137012095019,3.026285127268287,3.338131551614408,4.026030134414824,1.0826847553253174,0.007263993549826431,0.10669542361092299,-0.20492442715290027,0.5948931223198048
p257_334,1.4166594743728638,2.3579089641571045,0.8193919993822728,0.8317130560081096,2.6606855315343694,3.4832264269663584,2.9396737927921883,2.90287633580207,3.3002705205579432,3.772277309768235,0.9412494897842407,0.012321056625836824,0.2421908042677008,-0.1829559064084152,0.8326035169760466
p257_335,1.0991325378417969,2.0761895179748535,0.7976065958162645,0.7887794359446916,1.9937585588327,2.856864888739114,2.111137959254586,3.260927512317565,3.54817039703491,4.0857652483375295,0.9770569801330566,-0.008827159871572898,1.267168953484865,0.691305508295796,1.9746272890829437
p257_336,2.1449873447418213,2.195894479751587,0.9971549071639503,0.9974367040647069,3.305149712963932,3.5688949457383643,4.1388049525228405,3.350991780832332,3.611234049601561,4.127610606427976,0.050907135009765625,0.00028179690075658126,0.04584206786840017,0.042339103863196836,-0.011194346094864471
p257_337,2.166536808013916,2.5269596576690674,0.9128208572271971,0.8933765501335629,2.9180993190678564,3.2728747930412365,3.883499026209367,2.913409909720063,3.204452308656402,3.978548423174328,0.36042284965515137,-0.019444307093634206,-0.004689409347793383,-0.06842248438483445,0.09504939696496084
p257_338,1.3857100009918213,3.334735155105591,0.913419487195547,0.9169269858400918,3.077511302290457,3.595666553908683,3.6833166798148538,3.2377231318223223,3.546080814962069,4.06258840971671,1.9490251541137695,0.003507498644544804,0.1602118295318653,-0.04958573894661411,0.3792717299018564
p257_339,1.6658618450164795,2.931488513946533,0.9813072036445474,0.9688869753107712,3.0507296079377646,3.4718152214166964,3.800018924440819,3.24233988011894,3.509062128916948,4.096025722590868,1.2656266689300537,-0.012420228333776206,0.1916102721811752,0.0372469075002515,0.29600679815004893
p257_340,2.755993366241455,3.0421719551086426,0.9772433097086877,0.9876354521986396,3.024719842239964,3.4478374254772293,3.756751948189053,3.126823462216368,3.4674880140207662,3.943197402419023,0.2861785888671875,0.010392142489951905,0.10210361997640405,0.019650588543536962,0.18644545422997005
p257_341,1.41343355178833,2.689527750015259,0.9833623522432597,0.9807957803664314,3.1863465272492286,3.782001786183496,3.557772395195618,3.30609862390978,3.6207399527382016,4.010247881480179,1.2760941982269287,-0.002566571876828294,0.1197520966605512,-0.1612618334452942,0.45247548628456125
p257_342,1.2294445037841797,1.8625617027282715,0.9168144219936366,0.95146360085646,2.793132258929108,3.556432129552409,3.1450473949281537,3.03895716377698,3.451059805074865,3.860217345675739,0.6331171989440918,0.03464917886282337,0.245824904847872,-0.10537232447754397,0.7151699507475855
p257_343,1.1460540294647217,2.3101534843444824,0.9240114115501662,0.9308061046907983,2.636065735551922,3.612471361374628,2.8090836371172045,3.1154604394617067,3.419069268569123,4.035464091926428,1.1640994548797607,0.00679469314063208,0.4793947039097848,-0.19340209280550535,1.2263804548092239
p257_344,1.9562451839447021,2.2359743118286133,0.9753688092700766,0.9750822491784251,3.3104881239780783,3.655447576040459,3.978554748669321,3.431831769605621,3.6989269318012177,4.132062963054713,0.27972912788391113,-0.000286560091651511,0.12134364562754252,0.043479355760758676,0.15350821438539164
p257_345,3.5068655014038086,4.118974208831787,0.9791163166818787,0.9844912648213693,3.0643626061507887,3.379772412286344,3.997289760864462,3.103097815352704,3.450302863033894,3.932394532991064,0.6121087074279785,0.005374948139490576,0.03873520920191531,0.07053045074754971,-0.06489522787339785
p257_346,1.6653449535369873,3.229128360748291,0.9614445936536624,0.9622505996326267,2.8053304018063687,3.594502435368831,3.111152765865789,2.9838140607030583,3.5309099733536264,3.519521203451492,1.5637834072113037,0.000806005978964297,0.1784836588966896,-0.06359246201520463,0.40836843758570307
p257_347,1.5842385292053223,2.622877836227417,0.8946704724075946,0.9313529974846702,1.7132449988031742,2.504667911040795,1.7710452554738894,2.984103887960193,3.3981237605792685,3.8200828571138152,1.0386393070220947,0.03668252507707559,1.270858889157019,0.8934558495384737,2.0490376016399257
p257_348,1.1641225814819336,2.834245443344116,0.943914182576171,0.9677644599342751,2.8597384993132526,3.566421951849608,3.233131073071487,3.134162339557315,3.460027158932582,3.950508851020594,1.6701228618621826,0.023850277358104077,0.2744238402440624,-0.10639479291702614,0.7173777779491073
p257_349,1.2173113822937012,2.183621883392334,0.9282646389584063,0.9312871557018374,2.617662186011533,3.5643481717121377,2.826922722834797,3.259002616869385,3.5521694442440497,4.068002931632591,0.9663105010986328,0.003022516743431125,0.6413404308578521,-0.012178727468088013,1.2410802087977943
p257_350,1.2629380226135254,1.9588382244110107,0.9105963690221847,0.934501761400639,2.556020489340293,3.5909393806530647,2.5114710894906325,3.386045094149372,3.650657660565427,4.135120069615159,0.6959002017974854,0.02390539237845435,0.8300246048090791,0.05971827991236234,1.6236489801245262
p257_351,1.0719491243362427,1.634230375289917,0.7883255490931282,0.8674166438447075,1.101895158492982,1.2002297425690394,1.1293437841001892,2.9045205593638164,3.3423694805558792,3.652542562402076,0.5622812509536743,0.07909109475157927,1.8026254008708344,2.14213973798684,2.5231987783018868
p257_352,2.394810199737549,3.5427489280700684,0.9343426840258763,0.9679165899914796,2.8724342613729226,3.38715894852461,3.656379584803464,2.989736456184076,3.3117819522888934,3.991740771053653,1.1479387283325195,0.03357390596560328,0.11730219481115345,-0.07537699623571648,0.33536118625018885
p257_353,1.1273878812789917,2.6983542442321777,0.8984203544095054,0.8997458035594244,2.567666907355552,3.3902372154250644,2.91256690839072,2.8918789416017074,3.17576693694481,3.9721996987338,1.570966362953186,0.0013254491499189447,0.3242120342461554,-0.21447027848025435,1.05963279034308
p257_354,1.085383415222168,1.7458363771438599,0.806915041948668,0.8316123478360223,2.484663618352652,3.454603338428259,2.639325451937087,2.9751532436542125,3.2909520875981526,3.9545626778935374,0.6604529619216919,0.024697305887354304,0.4904896253015605,-0.16365125083010623,1.3152372259564507
p257_355,1.1119939088821411,1.804177165031433,0.8845337395075757,0.8765944234151141,1.6430959588746503,2.3188341126684477,1.730068150205671,2.836805605090735,3.187397593864109,3.888579697349375,0.692183256149292,-0.007939316092461679,1.1937096462160846,0.8685634811956611,2.1585115471437044
p257_356,1.8038856983184814,2.1779346466064453,0.9958539387693501,0.9957990901150305,3.2501472604991988,3.576192381781265,3.978140930700477,3.2777116209189923,3.5620049546630006,4.087774867847098,0.37404894828796387,-5.4848654319594736e-05,0.027564360419793488,-0.014187427118264484,0.10963393714662084
p257_357,3.218636989593506,3.7817656993865967,0.9978159087891417,0.9905507377953455,2.856186872866332,3.2165892967217227,3.811557371900267,3.025146152806099,3.356942057397099,3.909670400012735,0.5631287097930908,-0.0072651709937961995,0.168959279939767,0.1403527606753765,0.09811302811246803
p257_358,2.98593807220459,3.8055601119995117,0.9762805415265573,0.9804169390920165,3.111739344839411,3.545892214754646,3.7882681937417457,3.2871179378552378,3.599806360084257,4.028708613356755,0.8196220397949219,0.004136397565459249,0.17537859301582692,0.05391414532961125,0.24044041961500895
p257_359,1.707812786102295,2.8731601238250732,0.9626542144821061,0.9768264657479313,2.908514196688365,3.4820627076430597,3.5086849020944264,3.3424478199317096,3.5991027290313253,4.128603659638078,1.1653473377227783,0.01417225126582522,0.4339336232433446,0.11704002138826564,0.619918757543652
p257_360,2.169283628463745,3.172358512878418,0.986829400394947,0.9903530920324572,3.1377410063381124,3.653259108423656,3.6110879122381143,3.226230674858108,3.56033656554182,3.944070898000037,1.0030748844146729,0.0035236916375102068,0.08848966851999585,-0.0929225428818361,0.33298298576192265
p257_361,1.286681890487671,3.116636276245117,0.9471097572438151,0.9725579656147814,2.892252131156744,3.4963314414521545,3.395667568268812,3.00464792624396,3.372749530758674,3.872528113456661,1.8299543857574463,0.025448208370966285,0.11239579508721587,-0.12358191069348035,0.4768605451878489
p257_362,1.1052110195159912,1.9447895288467407,0.9106931351680164,0.9407110325988841,2.5802302667363617,3.558647479507906,2.709909896111729,3.22374963766976,3.5111369721083068,4.069530382587632,0.8395785093307495,0.03001789743086769,0.6435193709333982,-0.04751050739959917,1.3596204864759032
p257_363,1.106198787689209,2.050288677215576,0.7781365808286256,0.873969920656899,2.5803827234226206,3.6142691417610098,2.617392514663648,3.333388541419563,3.628559262247524,4.044032231226532,0.9440898895263672,0.09583333982827347,0.7530058179969426,0.014290120486514013,1.426639716562884
p257_364,3.869570016860962,3.9945008754730225,0.9987626720827831,0.991904182848058,3.2202346039583176,3.5359912254131847,4.030330152005688,3.255594761836365,3.542760636416247,4.07951755667379,0.12493085861206055,-0.006858489234725096,0.03536015787804736,0.006769411003062498,0.049187404668101564
p257_365,3.0413930416107178,3.4417762756347656,0.9845750547956993,0.9867592865078932,3.1785242608810984,3.606866134891907,3.8462865392455816,3.267946177363149,3.5702605094818622,4.050118074037068,0.40038323402404785,0.0021842317121939514,0.08942191648205045,-0.03660562541004486,0.20383153479148675
p257_366,1.7963770627975464,2.227259635925293,0.9872695508120498,0.9890155237478369,2.9573756371713573,3.5338550169611738,3.4790974706458004,3.0471411959396164,3.3793956194410133,3.924150762069964,0.4308825731277466,0.0017459729357870435,0.08976555876825909,-0.15445939752016047,0.4450532914241636
p257_367,1.170616626739502,1.828657627105713,0.9748992963077703,0.980771388153981,2.60466505048108,3.329491033037279,3.0826344654429803,3.014833847311067,3.39189269375777,3.785792587177703,0.6580410003662109,0.005872091846210736,0.41016879682998697,0.06240166072049069,0.7031581217347229
p257_368,1.7105178833007812,3.039196252822876,0.924932704603168,0.9339650629043449,2.875307801125292,3.6693067452601302,3.126679124686464,3.273859408189799,3.552378521004123,4.100791918516991,1.3286783695220947,0.00903235830117688,0.398551607064507,-0.11692822425600724,0.9741127938305274
p257_369,1.3101180791854858,2.189866304397583,0.923886399405297,0.9543257664276876,2.991639775470591,3.498798197503468,3.661239079351764,3.273902475797044,3.5635809082450054,4.091349630276184,0.8797482252120972,0.030439367022390584,0.28226270032645306,0.0647827107415373,0.4301105509244203
p257_370,1.2099080085754395,2.171027898788452,0.8113042546379211,0.8928575010902495,1.1121897615166594,1.216799060711105,1.163845424328166,3.00565707706311,3.3082805170853997,4.021987197255614,0.9611198902130127,0.08155324645232842,1.8934673155464505,2.0914814563742947,2.858141772927448
p257_371,1.1999828815460205,2.616875410079956,0.9114754796502322,0.8970454886107584,2.324958942329134,3.214330539251593,2.666878909478345,2.921048648159487,3.310742149366208,3.8653214668862894,1.4168925285339355,-0.014429991039473844,0.5960897058303529,0.09641161011461508,1.1984425574079443
p257_372,2.5792129039764404,3.758798599243164,0.9930099529577896,0.9943385055935458,2.8124276109090567,3.4386865037076264,3.3606258745847017,2.872604554544044,3.3477995847081297,3.661919041126819,1.1795856952667236,0.0013285526357561528,0.06017694363498727,-0.09088691899949675,0.30129316654211724
p257_373,1.1045148372650146,2.989368200302124,0.9358091037728264,0.9667672406714573,2.600495849309244,3.453428628106689,2.8389094793468903,3.0703860342107463,3.446436361810504,3.864421874725937,1.8848533630371094,0.030958136898630806,0.4698901849015025,-0.00699226629618499,1.0255123953790468
p257_374,1.2292428016662598,2.1491785049438477,0.931657756559682,0.962232419184626,2.8655118510875246,3.4765374946556955,3.4192097755391826,3.0832248637922173,3.384615723163459,4.04782261793134,0.9199357032775879,0.030574662624944016,0.21771301270469268,-0.09192177149223646,0.6286128423921573
p257_375,1.046617865562439,1.4460021257400513,0.7488735647796078,0.8007656215264765,2.0953106860393325,3.182242449431869,2.1135860580468777,2.859014895511644,3.2296935474143926,3.7727880153222,0.3993842601776123,0.0518920567468687,0.7637042094723117,0.04745109798252356,1.6592019572753225
p257_376,3.0297465324401855,3.8505263328552246,0.89238364750302,0.8981379406227941,2.969837477948571,3.2659751358851823,3.995555276491967,3.2015527227154057,3.473867001852528,4.132826321755993,0.8207798004150391,0.0057542931197740455,0.2317152447668347,0.20789186596734588,0.137271045264026
p257_377,2.939850091934204,3.664210319519043,0.9404540984902554,0.959281989548731,3.299524256311118,3.556529100373396,4.102079601068442,3.2716951890531814,3.5291106615038426,4.091259635453154,0.7243602275848389,0.0188278910584756,-0.027829067257936657,-0.02741843886955353,-0.010819965615287863
p257_378,1.7469077110290527,3.2333714962005615,0.7781073610699928,0.7763057685655566,3.0668520680835427,3.5133800552927505,3.8282438320788392,3.1483020238365285,3.4903554854866083,3.9751747977367016,1.4864637851715088,-0.0018015925044362335,0.08144995575298575,-0.023024569806142203,0.14693096565786234
p257_379,1.7786309719085693,2.901885509490967,0.9616455429150306,0.9701595752569043,2.980823337007326,3.6253163837184976,3.390099684855509,3.2721701499479523,3.569428337684227,4.058921845987932,1.1232545375823975,0.008514032341873756,0.29134681294062625,-0.055888046034270555,0.668822161132423
p257_380,2.1362903118133545,3.253872871398926,0.9882728951125288,0.9944564751509376,3.159769560464258,3.622680085565581,3.707042923277641,3.2936614894725937,3.576022750495828,4.0854116747184746,1.1175825595855713,0.006183580038408798,0.1338919290083358,-0.046657335069753,0.3783687514408336
p257_381,1.4799052476882935,2.8776230812072754,0.9239996607878236,0.9522536438064506,2.880473881664443,3.5639396556707,3.3222437035585783,3.2307895383932723,3.559708529176921,4.012044698284668,1.397717833518982,0.028253983018627027,0.35031565672882925,-0.004231126493778881,0.6898009947260895
p257_382,1.0804818868637085,2.343743085861206,0.8941182054038488,0.9474993697964006,2.749658808788642,3.631952447729129,3.0698701110198363,3.249675059577488,3.552039639963054,4.060037715913006,1.2632611989974976,0.053381164392551805,0.5000162507888462,-0.07991280776607512,0.9901676048931694
p257_383,1.2378689050674438,2.4926841259002686,0.9144969789841885,0.9576646734364801,1.4482622792459985,2.0667238485506,1.3468661198355043,3.19302363449467,3.5207040798976674,3.98976972523712,1.2548152208328247,0.04316769445229163,1.7447613552486714,1.4539802313470673,2.6429036054016155
p257_384,3.2581400871276855,3.5050418376922607,0.9660809372072012,0.9663448969981501,3.348053708919535,3.62620104488704,4.137134820911984,3.424628533731567,3.6532852068698825,4.181978035816833,0.2469017505645752,0.00026395979094884225,0.07657482481203237,0.02708416198284258,0.04484321490484877
p257_385,2.8027968406677246,3.4083468914031982,0.937804040630377,0.9612560108956976,3.2674758750376234,3.5994488105729445,3.9787837120389695,3.4098225417520496,3.642167958910328,4.176261474817284,0.6055500507354736,0.023451970265320532,0.1423466667144262,0.04271914833738366,0.19747776277831486
p257_386,2.7271294593811035,3.281812906265259,0.9786919176001679,0.9832658919579557,2.868550995986986,3.314609681240491,3.7480069115938615,3.163589945332708,3.4452730176560378,4.046149148195368,0.5546834468841553,0.0045739743577877245,0.29503894934572195,0.13066333641554673,0.2981422366015063
p257_387,1.1106587648391724,2.2516071796417236,0.8439385426258285,0.8592028777610486,2.610192034154932,3.397648000433578,3.029271439244127,3.142194396759429,3.433861331426077,4.074623876917308,1.1409484148025513,0.015264335135220186,0.532002362604497,0.03621333099249924,1.0453524376731815
p257_388,1.2459702491760254,2.8487465381622314,0.9580922530005372,0.9780673468571733,2.924771043395948,3.369028948895843,3.720786004996684,2.882789869619488,3.25004176244779,3.8360744579016464,1.602776288986206,0.019975093856636095,-0.04198117377646016,-0.11898718644805273,0.11528845290496248
p257_389,1.5413711071014404,2.6157639026641846,0.9431878072234309,0.9435700463328672,2.5536581615691185,3.475116808693433,2.7521839510671064,2.8589098423174084,3.3478342217605164,3.5118937676410744,1.0743927955627441,0.0003822391094363553,0.3052516807482899,-0.1272825869329166,0.759709816573968
p257_390,1.2424228191375732,2.3337416648864746,0.8881187367132475,0.9492942987221559,2.441297458791364,3.595011472888523,2.5000743357446065,3.27535900519036,3.67837685804143,3.807647263702206,1.0913188457489014,0.06117556200890839,0.834061546398996,0.08336538515290703,1.3075729279575996
p257_391,1.1851866245269775,1.8757758140563965,0.841041059546054,0.8706467221260366,2.621382156884772,3.446348327783913,2.9799931302606013,2.754194151664417,3.0771671892893866,3.8958321563249374,0.690589189529419,0.02960566257998254,0.13281199477964512,-0.3691811384945263,0.9158390260643361
p257_392,2.461928129196167,3.5630242824554443,0.984793034296314,0.9913900826015324,2.7937877549326995,3.158114988936729,3.738408899721448,3.009338869132264,3.313840389916857,3.929726775372713,1.1010961532592773,0.006597048305218345,0.21555111419956452,0.1557254009801281,0.191317875651265
p257_393,1.5862339735031128,3.0676090717315674,0.9451450442344681,0.9581696658230698,3.093058320220333,3.71830877870786,3.4382739162057074,3.314006626602141,3.608789059045877,4.034722581372387,1.4813750982284546,0.013024621588601737,0.22094830638180785,-0.10951971966198304,0.5964486651666796
p257_394,1.4599010944366455,2.6416211128234863,0.9616082951389636,0.9696074056320675,2.7167481231950728,3.385598571366307,3.244342461692767,3.171831667248562,3.4831298542168727,4.007532697072103,1.1817200183868408,0.007999110493103867,0.45508354405348905,0.09753128285056567,0.7631902353793354
p257_395,1.1728568077087402,2.027143955230713,0.8833651186205135,0.9335573528168841,1.213872783478601,1.5329452281517524,1.310900101024876,3.199881804527557,3.4967698884565364,4.024433408371332,0.8542871475219727,0.050192234196370644,1.986009021048956,1.963824660304784,2.713533307346456
p257_396,3.303436517715454,3.6767168045043945,0.994742958245256,0.9935307260950542,2.7895922661666868,3.1203028208949077,3.86309854706063,2.8109319136968147,3.1198241572848446,3.917660420258573,0.37328028678894043,-0.0012122321502018307,0.02133964753012796,-0.00047866361006310143,0.05456187319794292
p257_397,2.984154462814331,3.8424365520477295,0.9944281688437175,0.9867914193534583,3.116476168635665,3.4484303512415235,3.99757459601573,3.121515383226725,3.4430176973626327,4.013352023685731,0.8582820892333984,-0.007636749490259276,0.005039214591060048,-0.005412653878890783,0.01577742767000112
p257_398,1.2122468948364258,3.0633902549743652,0.8738614662005016,0.8426884641979667,2.8447845791226345,3.3722103162566923,3.5685898903870346,2.896834589511521,3.2550793808186995,3.86475715310513,1.8511433601379395,-0.031173002002534922,0.05205001038888657,-0.1171309354379928,0.29616726271809535
p257_399,1.7983421087265015,3.0394108295440674,0.98334181873935,0.9824673314743146,2.853506118940933,3.541740342341078,3.2470233377520654,3.2142360246886126,3.513720263619245,4.009309369575058,1.241068720817566,-0.0008744872650353619,0.3607299057476796,-0.028020078721833208,0.7622860318229923
p257_400,1.8925728797912598,2.9140679836273193,0.9101027852533722,0.9198739966440084,3.2646131951678146,3.698206996981823,3.825475001807403,3.1979846872487148,3.541372304030137,3.985912638969548,1.0214951038360596,0.009771211390636192,-0.0666285079190998,-0.15683469295168617,0.16043763716214476
p257_401,1.1466397047042847,1.5014982223510742,0.916944152322561,0.9463690760604989,2.979643766818075,3.6250375582638568,3.3820512549830264,2.974674148994297,3.415895986408163,3.700038268231672,0.35485851764678955,0.029424923737937925,-0.0049696178237779165,-0.2091415718556937,0.31798701324864576
p257_402,1.2914851903915405,3.1090681552886963,0.9593181571446774,0.9842240879786139,2.893374438121596,3.609435036803784,3.3168947205313213,3.171908856210772,3.483836072182108,4.027361390887683,1.8175829648971558,0.02490593083393655,0.2785344180891758,-0.12559896462167597,0.7104666703563618
p257_403,1.2757676839828491,2.6871275901794434,0.9253835996465569,0.9553681068003194,2.8062460271246032,3.4846018570017594,3.2918494926096047,2.7944058028124177,3.106232196700097,3.890145481362971,1.4113599061965942,0.02998450715376244,-0.011840224312185565,-0.3783696603016624,0.5982959887533661
p257_404,3.592489004135132,3.870532751083374,0.9207950403673297,0.916377912401965,3.2395530528296503,3.575179257465493,4.022249063823104,3.0949091372188224,3.4194169542772825,3.9521569913978514,0.2780437469482422,-0.004417127965364753,-0.1446439156108279,-0.15576230318821027,-0.07009207242525228
p257_405,2.094022512435913,2.354848623275757,0.8987156728486888,0.9038643317151711,3.148164694571187,3.65921789657004,3.565243418630498,3.102135288025583,3.619590705658257,3.5301039605160733,0.26082611083984375,0.005148658866482303,-0.04602940654560417,-0.03962719091178313,-0.03513945811442465
p257_406,3.2705061435699463,3.5879712104797363,0.9825689054433709,0.9898373987592929,3.1905870686292586,3.57511429336486,3.8900620990253816,3.3899840194999964,3.656736081049761,4.1145521954963,0.31746506690979004,0.007268493315921942,0.19939695087073783,0.08162178768490103,0.22449009647091822
p257_407,1.4102858304977417,2.7822508811950684,0.9738593834153736,0.9721479983338943,2.884404993480243,3.371248509896462,3.7038916000492206,3.081367078847736,3.4267645297422837,3.9061764283984575,1.3719650506973267,-0.0017113850814792775,0.19696208536749316,0.055516019845821774,0.2022848283492369
p257_408,1.8003454208374023,2.895876407623291,0.9358897156896901,0.9535985655259358,2.6976478986270327,3.5059059427871517,3.024387753551981,3.1789190818380417,3.491452972302356,3.9498828512028616,1.0955309867858887,0.017708849836245655,0.48127118321100903,-0.014452970484795546,0.9254950976508804
p257_409,1.1239354610443115,2.4725193977355957,0.9109377380041157,0.9551610033179361,2.7898575303532103,3.6835439518363913,2.9387868492802607,3.2153394564295943,3.518440110891925,4.013421057884043,1.3485839366912842,0.04422326531382037,0.425481926076384,-0.16510384094446628,1.074634208603782
p257_410,1.1847245693206787,2.9535040855407715,0.9353454498850926,0.9647026867297197,2.753536064927856,3.490434342179804,3.0915087398604824,3.162186272921772,3.4072238754942545,4.090924308706121,1.7687795162200928,0.0293572368446271,0.40865020799391605,-0.08321046668554954,0.999415568845639
p257_411,1.0816837549209595,1.9513657093048096,0.8924644519230124,0.9348069643200263,2.2245802681833813,3.4879746686318014,2.203526285142419,3.247228199866945,3.527362870845092,4.058027883786009,0.8696819543838501,0.04234251239701392,1.0226479316835637,0.03938820221329076,1.8545015986435898
p257_412,2.4714670181274414,3.2603890895843506,0.9801472533262257,0.9655202850555186,3.2496877571592937,3.611872386900414,3.9686738287227774,3.273363342077675,3.574395586738731,4.076857512778809,0.7889220714569092,-0.014626968270707086,0.023675584918381176,-0.03747680016168298,0.10818368405603174
p257_413,1.4016133546829224,2.92814302444458,0.9332430428741945,0.9202408143214063,3.0774952972312257,3.5679451075512376,3.649644745451067,3.2565334635024645,3.574013209613016,4.023606303504845,1.5265296697616577,-0.013002228552788209,0.1790381662712388,0.006068102061778546,0.3739615580537783
p257_414,1.5889276266098022,2.7702395915985107,0.9045286528453059,0.9431537084917725,2.708646201276369,3.5014392797838085,3.073245373862301,2.833460288463988,3.264321623787028,3.7106484775473545,1.1813119649887085,0.038625055646466566,0.1248140871876191,-0.23711765599678047,0.6374031036850534
p257_415,1.1075950860977173,1.790101408958435,0.844758832546265,0.8911398652712074,2.2848387943496,3.391923458228772,2.295046868492494,3.201834093737368,3.526994182444659,4.025856630005671,0.6825063228607178,0.04638103272494232,0.9169952993877679,0.13507072421588706,1.7308097615131768
p257_416,3.363614797592163,3.9103288650512695,0.9963897617752514,0.9965160942936843,3.274062891160906,3.614524346060368,4.0184182868539455,3.3305398098271324,3.593136607767012,4.161095617986564,0.5467140674591064,0.00012633251843285898,0.05647691866622617,-0.02138773829335605,0.14267733113261816
p257_417,2.7064709663391113,3.310354709625244,0.9892892698946504,0.9843350990141989,2.890926406995399,3.315060966461476,3.732694717070422,2.9356268719965937,3.2883141730412517,3.904364215044569,0.6038837432861328,-0.0049541708804514695,0.04470046500119462,-0.026746793420224346,0.17166949797414688
p257_418,1.830244779586792,2.9610109329223633,0.9504239683114281,0.9416817934658614,2.982858206673619,3.3614372144421734,3.890349609669377,3.1792913003129173,3.4770164341361163,4.068475312383384,1.1307661533355713,-0.008742174845566608,0.1964330936392984,0.11557921969394291,0.17812570271400752
p257_419,1.8515548706054688,3.0091419219970703,0.9632363562882423,0.9562540769490204,3.13325481312908,3.645036822165289,3.6353865027495296,3.310801339168324,3.592629043580424,4.091469759789509,1.1575870513916016,-0.0069822793392219085,0.17754652603924415,-0.05240777858486512,0.4560832570399791
p257_420,2.3170394897460938,3.3210031986236572,0.9764788100888181,0.9834012889427863,3.064273263676538,3.46145032718166,3.804317884587172,3.0664980042954206,3.3506971521999955,4.0215117531884745,1.0039637088775635,0.006922478853968239,0.00222474061888267,-0.11075317498166459,0.2171938686013024
p257_421,1.9551676511764526,2.935842275619507,0.8568333660108267,0.8325915236872795,3.0703072865932963,3.506252029894615,3.8390680983729135,3.1753636869109925,3.5020937399622984,3.969900009538533,0.9806746244430542,-0.024241842323547202,0.10505640031769614,-0.0041582899323167055,0.13083191116561954
p257_422,1.219352126121521,2.060335636138916,0.8531920030211473,0.9029398419428893,2.4920259770166595,3.582560851115664,2.4628342127048577,3.05570766394608,3.4953107029927786,3.685742433456859,0.840983510017395,0.04974783892174206,0.5636816869294203,-0.08725014812288556,1.2229082207520015
p257_423,1.0902529954910278,1.303952693939209,0.9103329197152489,0.9409877121708742,2.3685556948018176,3.2055167875402746,2.724012674794832,3.001984159000332,3.354904609155895,3.890997166290323,0.21369969844818115,0.0306547924556253,0.6334284641985146,0.14938782161562036,1.1669844914954908
p257_424,1.6474831104278564,3.458197832107544,0.9801427823858339,0.9913783561065913,3.1785680189033165,3.575977268225089,3.80944923288223,3.2600021485393604,3.5492953762158104,4.0657227614779,1.8107147216796875,0.011235573720757452,0.0814341296360439,-0.02668189200927884,0.25627352859567054
p257_425,2.2676758766174316,2.9167912006378174,0.8891146866398255,0.934124050347263,3.0070130146963554,3.4883627453033537,3.7067755367723216,3.001636229506912,3.351671090753731,3.871467400226752,0.6491153240203857,0.045009363707437466,-0.005376785189443289,-0.13669165454962284,0.16469186345443054
p257_426,1.1246216297149658,2.031128406524658,0.8409945650436487,0.8849027024443712,2.389495584300936,3.545173676514483,2.4101264458208957,3.256237214597656,3.5233258060288013,4.110776011225281,0.9065067768096924,0.043908137400722524,0.8667416302967204,-0.021847870485681486,1.700649565404385
p257_427,1.0369874238967896,1.349204659461975,0.7096357094527598,0.7257898191346929,1.4350229456850696,2.1421627893506208,1.466459697654563,2.6772791285678967,3.267295393359735,3.189788670530616,0.31221723556518555,0.016154109681933093,1.2422561828828271,1.125132604009114,1.723328972876053
p257_428,2.5962395668029785,3.382128953933716,0.9720050090610611,0.9776879592455439,2.967707877314512,3.493304838412832,3.5930905189564606,3.078783591729899,3.42686702542804,3.933329188961639,0.7858893871307373,0.005682950184482727,0.11107571441538688,-0.06643781298479201,0.34023867000517827
p257_429,1.440480351448059,2.2845029830932617,0.8504078288858268,0.8365987053668617,1.8961579647037048,2.666251754577602,2.153498693429387,2.979854964710074,3.271360893970953,3.995203677252132,0.8440226316452026,-0.013809123518965127,1.0836970000063693,0.6051091393933508,1.841704983822745
p257_430,1.3258576393127441,2.549943208694458,0.8734134841291589,0.9340608198584234,2.46002286668264,3.4690376956463416,2.556851948406031,2.87027891581122,3.262051011803976,3.788962885077633,1.2240855693817139,0.06064733572926451,0.41025604912858027,-0.20698668384236552,1.232110936671602
p257_431,1.1191730499267578,2.4702208042144775,0.912800625394883,0.9396367539893812,2.540852222232457,3.49487055805832,2.720083654771677,3.175117045718968,3.481044348800593,3.9930205988680383,1.3510477542877197,0.026836128594498132,0.6342648234865109,-0.01382620925772704,1.2729369440963612
p257_432,1.0710961818695068,2.7198150157928467,0.7555246922697457,0.796897356243597,2.7366640507742943,3.438396516684832,3.218376805202932,2.9643402919571837,3.2768605872597107,3.917101238897623,1.6487188339233398,0.04137266397385131,0.22767624118288943,-0.16153592942512107,0.6987244336946912
p257_433,2.504704236984253,3.376987934112549,0.9694882989535343,0.9768195157612276,2.978035674196505,3.386583791616205,3.7929254187757016,2.8898941891295524,3.196121326422333,3.9550793423839865,0.8722836971282959,0.00733121680769333,-0.08814148506695263,-0.190462465193872,0.16215392360828496
p257_434,1.9757435321807861,3.1398661136627197,0.8843941515809732,0.8967989697834785,2.802466924367694,3.3628152850869286,3.549780115599944,3.158725312795327,3.4515506404960594,4.070632652379372,1.1641225814819336,0.012404818202505274,0.35625838842763313,0.0887353554091308,0.5208525367794277
